{
"type": "FeatureCollection",
"name": "Iasi_county",
"crs": { "type": "name", "properties": { "name": "urn:ogc:def:crs:OGC:1.3:CRS84" } },
"features": [
{ "type": "Feature", "properties": { "countyId": 22.0, "countyCode": 225.0, "name": "Iași", "mnemonic": "IS", "regionId": 1.0, "region": "Nord-Est", "pop1948": 431586.0, "pop1956": 516635.00000000006, "pop1966": 619027.0, "pop1977": 729243.0, "pop1992": 811342.00000000012, "pop2002": 816910.00000000012, "pop2011": 772348.0, "sortCode": 24.0, "version": "2021-12-23" }, "geometry": { "type": "MultiPolygon", "coordinates": [ [ [ [ 28.114710616168626, 46.837614970485809 ], [ 28.113890333503644, 46.837776402738783 ], [ 28.112224455739923, 46.838104227757256 ], [ 28.111983602619766, 46.838199061779775 ], [ 28.11162158651009, 46.838246987805199 ], [ 28.110563665276679, 46.838387020121708 ], [ 28.110335289647747, 46.838425482512712 ], [ 28.110215138856667, 46.83851880868334 ], [ 28.110044770519739, 46.838561707879343 ], [ 28.109875388169918, 46.83851702756909 ], [ 28.109679422178864, 46.83846532382524 ], [ 28.109604088551876, 46.838599798089255 ], [ 28.109458915415672, 46.838793682902093 ], [ 28.1093721248278, 46.838895351624174 ], [ 28.109301164415239, 46.838953514245787 ], [ 28.10924523781766, 46.838991801887197 ], [ 28.109104580952643, 46.839088083606804 ], [ 28.108788946546937, 46.839275983151822 ], [ 28.108478422354388, 46.839454211845016 ], [ 28.108204953064305, 46.839611169594555 ], [ 28.107746106969056, 46.839874524178491 ], [ 28.10751856768287, 46.840017702692933 ], [ 28.107245211290433, 46.840214736370712 ], [ 28.10710170413563, 46.840336025107668 ], [ 28.106964199964576, 46.840470752216739 ], [ 28.10676763794833, 46.840703445436972 ], [ 28.106502992931823, 46.841099172834973 ], [ 28.106278421855688, 46.841434952531536 ], [ 28.106141308030661, 46.841657661531606 ], [ 28.106084952331909, 46.841679838363007 ], [ 28.105876861389838, 46.84176174141416 ], [ 28.105745799393844, 46.841847354937606 ], [ 28.105585832281715, 46.842001353874309 ], [ 28.105483906757854, 46.84206365213511 ], [ 28.105396835751147, 46.842053191054774 ], [ 28.105265118658938, 46.84196815427358 ], [ 28.105165425306641, 46.841864612213158 ], [ 28.105154581254141, 46.841776704019651 ], [ 28.105129883484, 46.841763463272528 ], [ 28.104960018935827, 46.841672424685633 ], [ 28.104739703715875, 46.841554329575509 ], [ 28.104646022200615, 46.84150903233769 ], [ 28.104571148538319, 46.84148476745537 ], [ 28.104454636428883, 46.841468465428079 ], [ 28.104164015307294, 46.841405873737315 ], [ 28.103983729879797, 46.841358697247863 ], [ 28.103790565943225, 46.841263658298004 ], [ 28.1036393448864, 46.841195995035669 ], [ 28.103520330592389, 46.841129300065504 ], [ 28.103087448726303, 46.840961617697843 ], [ 28.102897220922308, 46.840895607315382 ], [ 28.102696700834816, 46.840809036608803 ], [ 28.102642807200812, 46.840818769108346 ], [ 28.10211264464991, 46.841207352663176 ], [ 28.10151739747327, 46.841643635920974 ], [ 28.100757103028631, 46.842148454551939 ], [ 28.09978818246875, 46.842808900937634 ], [ 28.099397949898023, 46.843106360478927 ], [ 28.099244938838627, 46.843247021684199 ], [ 28.098726340466911, 46.843562396855184 ], [ 28.098067621966958, 46.844013500921029 ], [ 28.097927387826882, 46.844114761522967 ], [ 28.097658315850765, 46.844374896818223 ], [ 28.09756825165541, 46.844447345976697 ], [ 28.097249162145374, 46.844662794341779 ], [ 28.096807497001503, 46.844961033311812 ], [ 28.096279602933659, 46.845317466012588 ], [ 28.095332045455965, 46.845990268826803 ], [ 28.095092245406512, 46.846104660095307 ], [ 28.094875522166685, 46.846208052802055 ], [ 28.094390272128329, 46.846496309755807 ], [ 28.093923767692623, 46.846862585228166 ], [ 28.092986022140238, 46.847543465957806 ], [ 28.092701713738705, 46.847738651182318 ], [ 28.092546516964472, 46.847868884456389 ], [ 28.092353885563448, 46.848014442840146 ], [ 28.092148857184153, 46.848130810606293 ], [ 28.091850997048486, 46.848299876642237 ], [ 28.091522051028434, 46.848486580805385 ], [ 28.091416861893343, 46.848548269593877 ], [ 28.091349871326443, 46.84856845612817 ], [ 28.091267389906321, 46.84856936428595 ], [ 28.091161494074907, 46.848533969885239 ], [ 28.091076077037712, 46.848478313895527 ], [ 28.090806374606462, 46.848253020460042 ], [ 28.090424162380085, 46.847933759788923 ], [ 28.089929051210756, 46.847561981460366 ], [ 28.08960930414678, 46.847343041104814 ], [ 28.089460028322279, 46.847277494401688 ], [ 28.089297815778416, 46.847228496081904 ], [ 28.089064740665584, 46.84718212679163 ], [ 28.088763927765928, 46.846893819416429 ], [ 28.088055340025448, 46.846214650926143 ], [ 28.08775202533084, 46.84592391479493 ], [ 28.08761190342663, 46.845997148562745 ], [ 28.087104740589719, 46.846262217191416 ], [ 28.086887784545098, 46.846414106790824 ], [ 28.086450738975358, 46.846720056854458 ], [ 28.086301095406345, 46.846817144449297 ], [ 28.086161243052075, 46.846907866919963 ], [ 28.086077501415986, 46.846962198558487 ], [ 28.086035113803739, 46.846950660781744 ], [ 28.085937093848276, 46.846923988577821 ], [ 28.085839087086232, 46.846897315938207 ], [ 28.085688627604892, 46.846785270425116 ], [ 28.085396558020744, 46.84655827754392 ], [ 28.085137342635711, 46.846336632715762 ], [ 28.084787049678692, 46.846049541354802 ], [ 28.084437658399498, 46.845735566102469 ], [ 28.084135412985706, 46.845451011726617 ], [ 28.083931874173, 46.845275353457666 ], [ 28.083860825825365, 46.845218389495329 ], [ 28.082957836152289, 46.845693585428116 ], [ 28.081355498489128, 46.84651133465119 ], [ 28.080134978308482, 46.847176404473664 ], [ 28.078534163622983, 46.848018311504688 ], [ 28.078117838007252, 46.84822484547658 ], [ 28.078047684975534, 46.848169978295424 ], [ 28.078025738997717, 46.848183192906255 ], [ 28.077669788241352, 46.848397418982081 ], [ 28.077375063194427, 46.848557569258581 ], [ 28.076977925331168, 46.848741723248303 ], [ 28.07661699955236, 46.84890909419363 ], [ 28.076422603513549, 46.849036607560272 ], [ 28.075967205649572, 46.849278983256461 ], [ 28.075501883733338, 46.849483854324617 ], [ 28.074573263238165, 46.849926686853998 ], [ 28.074065061553028, 46.850184883346792 ], [ 28.073256920100455, 46.85065268070128 ], [ 28.072599309583353, 46.850992119501036 ], [ 28.072032128960352, 46.851243841868119 ], [ 28.071056975145844, 46.851758623559867 ], [ 28.070905886520706, 46.851846318523386 ], [ 28.070754797405616, 46.851934013292372 ], [ 28.070306474719711, 46.852194223816063 ], [ 28.069228292405143, 46.851435773649825 ], [ 28.06881348868108, 46.851143970080571 ], [ 28.068344182454684, 46.850813820276251 ], [ 28.06815014303135, 46.850677315486521 ], [ 28.067313626836551, 46.849952240393947 ], [ 28.066796717894558, 46.849502896094073 ], [ 28.066018636733354, 46.84880987448296 ], [ 28.065816135687278, 46.848642114171582 ], [ 28.065613635898092, 46.848474353480796 ], [ 28.065541466230055, 46.848370594867902 ], [ 28.0658545635156, 46.847988817334503 ], [ 28.065187217252817, 46.847805316137709 ], [ 28.064519888013656, 46.847621801675707 ], [ 28.063956972642252, 46.847467009411552 ], [ 28.063109347299811, 46.847368047538993 ], [ 28.062254107162541, 46.847307256477805 ], [ 28.061109071715364, 46.847251531562449 ], [ 28.060509037568718, 46.847267473923594 ], [ 28.060132125775837, 46.847197820028498 ], [ 28.05945496043493, 46.847756387462518 ], [ 28.058005312657183, 46.847772113760044 ], [ 28.057689746238545, 46.84834953194752 ], [ 28.057483243844697, 46.848899680335109 ], [ 28.056681725997684, 46.849252054288229 ], [ 28.056239617466449, 46.84942311648981 ], [ 28.055772087461669, 46.849731420841991 ], [ 28.05521133252519, 46.850224273268161 ], [ 28.054722046845239, 46.850603770526298 ], [ 28.054448952958627, 46.850758957910777 ], [ 28.054288717405079, 46.850815230862025 ], [ 28.05397277402324, 46.850791779632544 ], [ 28.05323006900645, 46.850904992912021 ], [ 28.052904826710741, 46.850963152607726 ], [ 28.052577608454747, 46.850910482637559 ], [ 28.052175949870925, 46.850699083304796 ], [ 28.05207199191085, 46.850628957797838 ], [ 28.051697050762851, 46.849850643490804 ], [ 28.050698686312803, 46.847924132086831 ], [ 28.049714068102023, 46.847478540572141 ], [ 28.049790482592357, 46.846919105736397 ], [ 28.048717804591163, 46.846522614436282 ], [ 28.048334227349997, 46.84621380277374 ], [ 28.048317178478602, 46.846131743372723 ], [ 28.048012452383269, 46.846023506667777 ], [ 28.047422612405825, 46.845672498865028 ], [ 28.046882532501925, 46.845416894854694 ], [ 28.046272045208202, 46.845050000895213 ], [ 28.04602948272694, 46.844944084584519 ], [ 28.045179830710676, 46.844573103593085 ], [ 28.044510901096448, 46.844342037556942 ], [ 28.044129731730084, 46.844185955492669 ], [ 28.044268047796606, 46.843991042052195 ], [ 28.044250871050629, 46.843984637344683 ], [ 28.0422827480485, 46.843251363302549 ], [ 28.041437270921943, 46.843001483266384 ], [ 28.041358245235056, 46.842978127069053 ], [ 28.039972684591124, 46.84249940101666 ], [ 28.039626050722166, 46.842379631115683 ], [ 28.039366364622428, 46.842327707694935 ], [ 28.038547190809705, 46.842114243815331 ], [ 28.037782565678157, 46.841834025872267 ], [ 28.037024617178794, 46.841572402602722 ], [ 28.036204104988446, 46.841338165731322 ], [ 28.03570030000207, 46.841194343316914 ], [ 28.03536089611482, 46.841092010033449 ], [ 28.034873662206259, 46.840924030299362 ], [ 28.034851035993796, 46.84095639922684 ], [ 28.034698952674958, 46.841173944414855 ], [ 28.034678768468726, 46.841202816065696 ], [ 28.034657065146611, 46.841203387808115 ], [ 28.033344681074382, 46.840727454734818 ], [ 28.033563823247459, 46.840421984386147 ], [ 28.033209595699724, 46.840286390243449 ], [ 28.032840350160438, 46.840122864908302 ], [ 28.032446864549314, 46.839948601315463 ], [ 28.031601881085876, 46.839574373106785 ], [ 28.030754187544289, 46.839198942815187 ], [ 28.030355547597889, 46.839042897634783 ], [ 28.030449694164897, 46.838918370107656 ], [ 28.030434358279077, 46.838911986954486 ], [ 28.0295873284031, 46.838559374827568 ], [ 28.028630315199642, 46.838160963015341 ], [ 28.027910355762497, 46.837861234769676 ], [ 28.027399173065675, 46.838544500357578 ], [ 28.027356965241285, 46.83863665261498 ], [ 28.027282630831827, 46.838609344581506 ], [ 28.027042855576486, 46.838396566408115 ], [ 28.026229147378906, 46.837922893781887 ], [ 28.0255114097973, 46.83753829594923 ], [ 28.02516679847762, 46.837325819230145 ], [ 28.025011776577035, 46.837211502943298 ], [ 28.024877336108098, 46.83706028280978 ], [ 28.024804612411362, 46.836890322419876 ], [ 28.024779889349833, 46.836779784873229 ], [ 28.02478671989045, 46.836635304856358 ], [ 28.024795615623919, 46.836446945756329 ], [ 28.024783766020189, 46.836258663356809 ], [ 28.024750021363101, 46.836180855540718 ], [ 28.024667254122157, 46.836059853052845 ], [ 28.024326819816597, 46.835562119179066 ], [ 28.024163967978257, 46.835375217969435 ], [ 28.024019933836662, 46.835250585041017 ], [ 28.023788892605268, 46.835050694146766 ], [ 28.02363466454144, 46.834905032474808 ], [ 28.023458490610132, 46.834725878641663 ], [ 28.023201765352773, 46.834482538872301 ], [ 28.022936195037861, 46.834230825915689 ], [ 28.022778024138272, 46.83406021740015 ], [ 28.022619841145087, 46.833889608990653 ], [ 28.022534594349871, 46.833816464277405 ], [ 28.022336139617302, 46.833709728738697 ], [ 28.022197697571134, 46.83362881672339 ], [ 28.022027764973085, 46.833510216344266 ], [ 28.021901792762076, 46.833441478924264 ], [ 28.021764426769288, 46.833499006332545 ], [ 28.021548277341925, 46.83351275019055 ], [ 28.021315918995708, 46.833576216117656 ], [ 28.021110667903898, 46.833674271699621 ], [ 28.020798125485694, 46.833785401566089 ], [ 28.020423590966704, 46.833819606257038 ], [ 28.01992502347461, 46.833837556910211 ], [ 28.019515044391866, 46.833830420208585 ], [ 28.019305008350578, 46.833800156754172 ], [ 28.018942877621665, 46.83379778533191 ], [ 28.018716056973709, 46.833837572764388 ], [ 28.018484867952129, 46.833812290556686 ], [ 28.018253666038266, 46.833787008225428 ], [ 28.018071209135904, 46.833767054833139 ], [ 28.01776319120162, 46.833773846783153 ], [ 28.017315586677181, 46.833783718376999 ], [ 28.016697649687615, 46.83378363900848 ], [ 28.016405042928813, 46.833801058663887 ], [ 28.016021599921658, 46.83376754442196 ], [ 28.015585935145758, 46.833763109458751 ], [ 28.014959950471248, 46.833756741895527 ], [ 28.014684647541202, 46.833798087350303 ], [ 28.014504007799861, 46.833902390430374 ], [ 28.014422020016067, 46.833992734605928 ], [ 28.014483219338008, 46.834199545897221 ], [ 28.014500059428673, 46.83455830795419 ], [ 28.014563463942249, 46.834730201490707 ], [ 28.014716367112158, 46.834963874164799 ], [ 28.014662922132736, 46.835162389756952 ], [ 28.014396454563304, 46.835247921960026 ], [ 28.013837653604874, 46.835427266879606 ], [ 28.013466805937352, 46.835546292461324 ], [ 28.013158010036538, 46.835730767377939 ], [ 28.012769248948768, 46.835903516744381 ], [ 28.012605867665076, 46.836031352272833 ], [ 28.012474990052763, 46.836104683981972 ], [ 28.012296782550433, 46.836050812382027 ], [ 28.011891470647072, 46.836194622027342 ], [ 28.01160778023722, 46.836318329121561 ], [ 28.011423248347516, 46.836418219467134 ], [ 28.011271134282886, 46.836541186073688 ], [ 28.011199423287451, 46.836656866256817 ], [ 28.011099358341038, 46.836731020006468 ], [ 28.011030123535239, 46.836855168058776 ], [ 28.010916993377258, 46.836991453339557 ], [ 28.010826286323621, 46.837100708197113 ], [ 28.010658688921918, 46.837151541536151 ], [ 28.010526020062244, 46.837108555994654 ], [ 28.010379526510832, 46.837114013620777 ], [ 28.01023563003745, 46.837208816678981 ], [ 28.010100062287375, 46.837340737032576 ], [ 28.009987542068608, 46.837385485745223 ], [ 28.009804689281651, 46.837418597922678 ], [ 28.009637542021075, 46.837435971189102 ], [ 28.009583326754356, 46.837482913459411 ], [ 28.009285174279107, 46.837614256062096 ], [ 28.009187356558893, 46.837728996746826 ], [ 28.009113172591373, 46.837930958282875 ], [ 28.009060396286241, 46.838174574056367 ], [ 28.008878181949864, 46.838583170206348 ], [ 28.008782834537818, 46.838845593200645 ], [ 28.008730645697614, 46.838948970770453 ], [ 28.008631216391731, 46.839034482557878 ], [ 28.008480188349765, 46.839237577454512 ], [ 28.008445523438105, 46.839353269261473 ], [ 28.008431537779156, 46.839470986206983 ], [ 28.007638913132254, 46.839426653284804 ], [ 28.00678965942431, 46.839390264586896 ], [ 28.006265893316336, 46.83935614967433 ], [ 28.004818514378229, 46.839277038534668 ], [ 28.00231200643012, 46.839150496984651 ], [ 27.99999039276549, 46.839033244170345 ], [ 27.999128821499504, 46.838989721314995 ], [ 27.998599010871665, 46.838975638614158 ], [ 27.997525841691715, 46.838908080271963 ], [ 27.996381698627097, 46.83882384364361 ], [ 27.995626865861897, 46.838777509199879 ], [ 27.994582418540947, 46.838699995890018 ], [ 27.993054652813029, 46.838603376515927 ], [ 27.991107383252977, 46.838465021285408 ], [ 27.990227385752146, 46.838409766747638 ], [ 27.990215256603307, 46.838448615406165 ], [ 27.990183286500283, 46.838447114997308 ], [ 27.990107060725556, 46.83865853996209 ], [ 27.99007887999889, 46.838765927963152 ], [ 27.99005795458973, 46.838833709057575 ], [ 27.990051458442395, 46.838925233895232 ], [ 27.990034301065709, 46.838970951864987 ], [ 27.989978829121249, 46.839237642346575 ], [ 27.989890084732998, 46.839481343604369 ], [ 27.989804998425125, 46.839648714803943 ], [ 27.989728702658638, 46.839777965741241 ], [ 27.989509922234067, 46.84024223004829 ], [ 27.98937118219094, 46.840485608096763 ], [ 27.989254946955786, 46.840713822643487 ], [ 27.989164534959844, 46.840858290573955 ], [ 27.989110979067185, 46.840926643602373 ], [ 27.989062759259269, 46.841017993529448 ], [ 27.988901838030184, 46.841261225483017 ], [ 27.988833798144292, 46.841390529720833 ], [ 27.98876833972303, 46.841542811405311 ], [ 27.988717468576517, 46.841626485748542 ], [ 27.988579317581038, 46.841816474169313 ], [ 27.988463465260349, 46.842006513984259 ], [ 27.988276026030839, 46.842394626564314 ], [ 27.988235647013589, 46.842554627040833 ], [ 27.988212432676178, 46.84263083228609 ], [ 27.988214117710704, 46.842737629437885 ], [ 27.988185221347035, 46.843103626858664 ], [ 27.988132104260917, 46.843408505977841 ], [ 27.988121379264562, 46.843904363670823 ], [ 27.988065298041427, 46.844224532512314 ], [ 27.987985010860704, 46.844452980317662 ], [ 27.987747558951376, 46.844840769534606 ], [ 27.98755331444438, 46.84509143471427 ], [ 27.987494216718723, 46.845152191752078 ], [ 27.9874435440783, 46.845220559968141 ], [ 27.987179757423405, 46.845470959437996 ], [ 27.986971650634082, 46.845698673911961 ], [ 27.986822570710302, 46.845881019837229 ], [ 27.98669040786719, 46.846025218638509 ], [ 27.986569223647102, 46.846192439908108 ], [ 27.986444015054204, 46.846343838663131 ], [ 27.986391894876213, 46.846405045144422 ], [ 27.986321384260386, 46.846503898396854 ], [ 27.986318414243186, 46.846519097416362 ], [ 27.986284849836782, 46.84654561848243 ], [ 27.986284642001618, 46.846560926814114 ], [ 27.986083750297052, 46.846903118331788 ], [ 27.986049926015397, 46.846948727480857 ], [ 27.985945109487719, 46.847146488757822 ], [ 27.985916506854611, 46.847222656609816 ], [ 27.985736423821798, 46.84743533117534 ], [ 27.985640943552585, 46.847526372242264 ], [ 27.985604361223086, 46.84757196181156 ], [ 27.985395880179439, 46.847845494390029 ], [ 27.98518431915139, 46.848141877133045 ], [ 27.985049288301411, 46.848293706891283 ], [ 27.984812617134004, 46.848612882004495 ], [ 27.984649582491723, 46.84878748839207 ], [ 27.984424394935772, 46.849053261189148 ], [ 27.984076454849106, 46.849379459054944 ], [ 27.983953067375296, 46.849485530671153 ], [ 27.983733912621805, 46.849713253849416 ], [ 27.983554418811423, 46.849872532750929 ], [ 27.983312496022116, 46.850137116422424 ], [ 27.983239480805612, 46.850221725846708 ], [ 27.982933422368642, 46.850517670627717 ], [ 27.982492336929379, 46.850973000519787 ], [ 27.982388052505154, 46.851102159294101 ], [ 27.982280962220713, 46.851254163141817 ], [ 27.982133763266507, 46.851497481588623 ], [ 27.981981387839326, 46.851725540882576 ], [ 27.98186814819833, 46.851923247630936 ], [ 27.981697791957878, 46.852265629154076 ], [ 27.981674899672626, 46.85232652504569 ], [ 27.981533157728673, 46.852592833904197 ], [ 27.981273207925074, 46.852988116816412 ], [ 27.981208001104086, 46.853109875404989 ], [ 27.981030555733589, 46.853337770056378 ], [ 27.980985274644439, 46.853413827004388 ], [ 27.980934079183719, 46.853527929660082 ], [ 27.980879108941277, 46.853726015932452 ], [ 27.980870051738467, 46.853802306588349 ], [ 27.98086725272077, 46.853942339879595 ], [ 27.980875975818602, 46.854155877612783 ], [ 27.980867758491907, 46.854209285801623 ], [ 27.980881664707514, 46.854247447854 ], [ 27.980871873407878, 46.854281724500304 ], [ 27.980868131426583, 46.854495317396399 ], [ 27.980846530466188, 46.854708560472574 ], [ 27.980816061715156, 46.854968206230907 ], [ 27.98081368250331, 46.855196973099844 ], [ 27.980799998842567, 46.855418201863223 ], [ 27.980758678241145, 46.855616477537467 ], [ 27.980753164249553, 46.855692763775188 ], [ 27.980692502045077, 46.855952111367664 ], [ 27.980609355258501, 46.856158037663043 ], [ 27.980567807136783, 46.856287730660839 ], [ 27.980551222203477, 46.856310661286017 ], [ 27.980548465744722, 46.856348805276149 ], [ 27.980468152934201, 46.856501285260499 ], [ 27.980368296249374, 46.856653908902388 ], [ 27.980085247372145, 46.857035296569443 ], [ 27.979940954883617, 46.85720310828907 ], [ 27.979749449450562, 46.857454857518889 ], [ 27.979660668822159, 46.857546440658965 ], [ 27.979573389987916, 46.857653465968269 ], [ 27.979546820388666, 46.85765703326372 ], [ 27.979471718487979, 46.857641784178512 ], [ 27.979282596516445, 46.857636142970279 ], [ 27.978526511965047, 46.857668653842993 ], [ 27.978304031343523, 46.857669633784191 ], [ 27.978037176552963, 46.857672571196595 ], [ 27.977492213661819, 46.857695564341888 ], [ 27.97704746516548, 46.857720469485237 ], [ 27.976902891449331, 46.85773761676333 ], [ 27.976180080686262, 46.857774020118065 ], [ 27.976013339853512, 46.857772116613312 ], [ 27.975846445750971, 46.857781739419046 ], [ 27.975268230546781, 46.857789469736367 ], [ 27.975001340466815, 46.857808512120258 ], [ 27.974979137537993, 46.857819976156257 ], [ 27.97447862445409, 46.857844868394672 ], [ 27.973600194243826, 46.857862144894611 ], [ 27.973388920766514, 46.857883168376787 ], [ 27.973299957361533, 46.857911835071853 ], [ 27.973199811354025, 46.857923238167089 ], [ 27.973099727070842, 46.857921411381454 ], [ 27.972988494791913, 46.857890889288953 ], [ 27.972921734426592, 46.857879470993566 ], [ 27.972810628202716, 46.857877566525609 ], [ 27.972766437297604, 46.857882847888632 ], [ 27.971932116309045, 46.857919671378504 ], [ 27.971309326957826, 46.857961655558711 ], [ 27.970642097425017, 46.857973190018626 ], [ 27.970441919630748, 46.857988524332235 ], [ 27.970108327431468, 46.858001891759315 ], [ 27.969507750243991, 46.858003872732048 ], [ 27.96912968075609, 46.85801730443967 ], [ 27.968729408004872, 46.858023028240154 ], [ 27.968673698456357, 46.858019243287437 ], [ 27.968551433815065, 46.858026896430218 ], [ 27.968173341192312, 46.858023134441289 ], [ 27.967759009765928, 46.858002215233689 ], [ 27.967528192659593, 46.857975489005256 ], [ 27.967428160078782, 46.857969783902846 ], [ 27.967188020742359, 46.857933395528519 ], [ 27.967099169803753, 46.857923441921756 ], [ 27.966629238648064, 46.857917453143145 ], [ 27.966454133216949, 46.857908998918674 ], [ 27.965508703881838, 46.857900755009084 ], [ 27.964963886469217, 46.857881024905886 ], [ 27.963907816804699, 46.85780738866638 ], [ 27.963351841132987, 46.857787576170395 ], [ 27.963307465053777, 46.857779808699114 ], [ 27.963207374586435, 46.857775452419105 ], [ 27.962829265745956, 46.857773746168498 ], [ 27.962484351924797, 46.857781622261392 ], [ 27.962229010932798, 46.857769557827375 ], [ 27.961950724800204, 46.857750518591324 ], [ 27.961861824332573, 46.857734805459188 ], [ 27.961483846495817, 46.857713918380121 ], [ 27.961395024736202, 46.857702068618813 ], [ 27.960894739987634, 46.857661553438312 ], [ 27.960616821212348, 46.857656453358224 ], [ 27.960550122972609, 46.857648446556993 ], [ 27.960372155919966, 46.857647620730141 ], [ 27.960247059234284, 46.857639404985399 ], [ 27.959591256548954, 46.857579026337952 ], [ 27.959216346856877, 46.857527721974577 ], [ 27.959138570597442, 46.857523506408171 ], [ 27.958835807922501, 46.857483850530016 ], [ 27.958771977402211, 46.857468299480217 ], [ 27.958549745867288, 46.857432962534176 ], [ 27.958405470545515, 46.857397876398274 ], [ 27.958249964011614, 46.857368563399788 ], [ 27.95818448430337, 46.857349185022017 ], [ 27.957406486509708, 46.857141261573275 ], [ 27.956962464494158, 46.857039971460743 ], [ 27.956496021827125, 46.856946184515444 ], [ 27.956307415383716, 46.856899452491106 ], [ 27.956219797339759, 46.856884003656994 ], [ 27.956216762971611, 46.85690470723123 ], [ 27.955895900978724, 46.856893718581439 ], [ 27.955729089307116, 46.856892867643623 ], [ 27.955473417954213, 46.85686495397281 ], [ 27.955251040683272, 46.856858148077713 ], [ 27.955095571858436, 46.856827033379489 ], [ 27.954851318313928, 46.856779921590174 ], [ 27.954617983196655, 46.856750173122371 ], [ 27.954084480458413, 46.856711382226479 ], [ 27.952473031853962, 46.856543421048507 ], [ 27.952162072621462, 46.856490455146201 ], [ 27.95199264893758, 46.856470497232763 ], [ 27.951548274802636, 46.856403485825275 ], [ 27.951328919206691, 46.856360500013672 ], [ 27.951084570390307, 46.856321128631798 ], [ 27.950795677048525, 46.856285415014298 ], [ 27.950540258302301, 46.856240290215375 ], [ 27.950251395492582, 46.856202687042604 ], [ 27.950173653075598, 46.856187033874384 ], [ 27.949639964924923, 46.856161545385895 ], [ 27.949551306051404, 46.856152566167339 ], [ 27.94911757532962, 46.856117045865737 ], [ 27.948795512346869, 46.856069666390056 ], [ 27.948573258194553, 46.856045740741123 ], [ 27.948350898599674, 46.856029378734462 ], [ 27.948128500546726, 46.856024540700574 ], [ 27.947892282384814, 46.856004301253762 ], [ 27.947339713789901, 46.855913851153034 ], [ 27.947073048901746, 46.855893489723833 ], [ 27.946561825406061, 46.855829882800059 ], [ 27.946061752697982, 46.855785516106621 ], [ 27.94563954052385, 46.855730066142392 ], [ 27.945306310487592, 46.855675042887242 ], [ 27.94511752300356, 46.855651157851284 ], [ 27.944561784720989, 46.855598845185725 ], [ 27.944017182174999, 46.85550988668799 ], [ 27.943850994708722, 46.855486682192343 ], [ 27.943773095423968, 46.855482463048098 ], [ 27.943639825131612, 46.855458953651535 ], [ 27.943584231228606, 46.855454794544876 ], [ 27.943573072838426, 46.855464350187326 ], [ 27.943417458485765, 46.855452124734697 ], [ 27.943006366166447, 46.855408083623651 ], [ 27.942628827048022, 46.855331860406167 ], [ 27.942073839373307, 46.855191762202587 ], [ 27.942012515411207, 46.85517631976473 ], [ 27.941981669514256, 46.855248571741981 ], [ 27.941975732652324, 46.855286706543865 ], [ 27.941941596659653, 46.855378120975267 ], [ 27.941929859013413, 46.855454385295431 ], [ 27.941884457040327, 46.855553381407582 ], [ 27.941826948226613, 46.855789674022141 ], [ 27.941820926916389, 46.855843110090781 ], [ 27.94166136441952, 46.85629262187954 ], [ 27.941638379180549, 46.8563840242022 ], [ 27.941627133039677, 46.856399251328639 ], [ 27.941609555925314, 46.85649843874512 ], [ 27.941552315679825, 46.856688909710208 ], [ 27.941453169332224, 46.856909792235413 ], [ 27.941433113398986, 46.856970697879667 ], [ 27.941418510048344, 46.857054596611192 ], [ 27.941420574976654, 46.857138609849102 ], [ 27.941409146337932, 46.857184263434796 ], [ 27.941335446688804, 46.857351844822283 ], [ 27.94123400791964, 46.857504023287085 ], [ 27.941125243450337, 46.857632358106635 ], [ 27.941023356506143, 46.857747196464089 ], [ 27.940726205664586, 46.858035775916022 ], [ 27.940630702582812, 46.858149732714743 ], [ 27.940392223687383, 46.858392802072252 ], [ 27.939604202979833, 46.859175074454498 ], [ 27.939318665445253, 46.859394949627657 ], [ 27.939251385235252, 46.859463359855532 ], [ 27.938948883079433, 46.85972129081766 ], [ 27.938769181335566, 46.859911286055599 ], [ 27.938581024647196, 46.860131646579774 ], [ 27.938314627902113, 46.860397475429444 ], [ 27.938068043670622, 46.860609967135638 ], [ 27.93769845383034, 46.860913438639741 ], [ 27.937647815946612, 46.860974220421902 ], [ 27.937608242967599, 46.861050296386082 ], [ 27.937541740842072, 46.861416421128339 ], [ 27.937512076332204, 46.861568837964896 ], [ 27.937438042930307, 46.861766933965463 ], [ 27.937380786999803, 46.861957406285761 ], [ 27.937299492834555, 46.862355770572492 ], [ 27.937252021743014, 46.86271232020276 ], [ 27.937188219457411, 46.863009703545856 ], [ 27.937108062384535, 46.863276452823136 ], [ 27.937079145216099, 46.863413638615846 ], [ 27.936948458840657, 46.863733517745487 ], [ 27.936925354686821, 46.863832660448509 ], [ 27.936823101629198, 46.864084042602677 ], [ 27.936783028917461, 46.864221149873977 ], [ 27.93672617490866, 46.864365887024817 ], [ 27.936696835981664, 46.864541337376714 ], [ 27.936656648468077, 46.86468609883633 ], [ 27.936619947182841, 46.864754626212004 ], [ 27.936589010486685, 46.864796457859875 ], [ 27.936569412471904, 46.864807757923167 ], [ 27.936424526234187, 46.864841421913042 ], [ 27.93622403545282, 46.864870924114065 ], [ 27.936101504397751, 46.864883675992409 ], [ 27.93602372405142, 46.864879538412858 ], [ 27.93594956367544, 46.86487674682791 ], [ 27.935860488496782, 46.864891795288962 ], [ 27.935763046355696, 46.864931632737509 ], [ 27.935609667035298, 46.865062985763657 ], [ 27.93550937080979, 46.865091372351763 ], [ 27.935464882835735, 46.865091335627696 ], [ 27.935386800045368, 46.865076673827225 ], [ 27.935142519358134, 46.865039154006631 ], [ 27.935020181395238, 46.865031198643905 ], [ 27.934928388428279, 46.865034887659952 ], [ 27.934742078349029, 46.86503063419643 ], [ 27.934586313317979, 46.865037930523194 ], [ 27.934174499381381, 46.865098097706365 ], [ 27.933718245403188, 46.865137259913674 ], [ 27.933684924994512, 46.865144766813259 ], [ 27.933640432047689, 46.865144638605464 ], [ 27.933484633927474, 46.86516345582011 ], [ 27.933440104921015, 46.865174761789909 ], [ 27.933417849332557, 46.865170916312039 ], [ 27.933339913874732, 46.865178392413135 ], [ 27.93303946318537, 46.865215922123639 ], [ 27.93250513319396, 46.865315836472526 ], [ 27.932304712592057, 46.865361259089354 ], [ 27.931915053126186, 46.865467209602613 ], [ 27.931864902249522, 46.865486215715038 ], [ 27.931714631448315, 46.865512631203309 ], [ 27.931603303363911, 46.865540932302309 ], [ 27.931347115509929, 46.865630077038574 ], [ 27.931024311277042, 46.865705703048519 ], [ 27.930890706814221, 46.865732142639622 ], [ 27.930356471546638, 46.865807293115708 ], [ 27.92983253886544, 46.865905579517154 ], [ 27.929644053216066, 46.865941241662419 ], [ 27.929465849463227, 46.865992304755558 ], [ 27.929287797255508, 46.866024371781819 ], [ 27.929109604571362, 46.866065985319146 ], [ 27.928775766719379, 46.866124423560137 ], [ 27.928742263431211, 46.866135806568074 ], [ 27.928708875488194, 46.866156635346762 ], [ 27.928683694335671, 46.866190938974874 ], [ 27.928641858642006, 46.866215669939244 ], [ 27.928469284610106, 46.866276311605063 ], [ 27.928318624910823, 46.866400025047433 ], [ 27.9282851720886, 46.866407537326204 ], [ 27.92822682418657, 46.866403618875054 ], [ 27.928112926152117, 46.866357640534609 ], [ 27.927952019339706, 46.866250394987624 ], [ 27.927549493403706, 46.86604541974598 ], [ 27.927138664613491, 46.865825174106725 ], [ 27.926816640603899, 46.865669905071066 ], [ 27.9267333854383, 46.865620176908969 ], [ 27.926641842312719, 46.865553196447443 ], [ 27.926408821052398, 46.865415376809679 ], [ 27.926319905878305, 46.86537506259787 ], [ 27.926219883138373, 46.865340522487777 ], [ 27.926033827807405, 46.865292415206838 ], [ 27.925886583894624, 46.86523872829757 ], [ 27.92576159394973, 46.865179258580952 ], [ 27.925434261294097, 46.864966788369735 ], [ 27.925309422277227, 46.864897862933731 ], [ 27.924290431371318, 46.864437792292556 ], [ 27.9216528720574, 46.863243550526889 ], [ 27.921461259410552, 46.863155344753544 ], [ 27.921453008035598, 46.863136203827459 ], [ 27.921472573096672, 46.863126705497358 ], [ 27.92155326962218, 46.863119261002403 ], [ 27.921709093963862, 46.863081469113837 ], [ 27.921901282003184, 46.863007471231775 ], [ 27.922007085861377, 46.862961945046528 ], [ 27.922243902382522, 46.86283470296042 ], [ 27.922472325138695, 46.862724503259415 ], [ 27.922603358310326, 46.862650436022136 ], [ 27.922856871330527, 46.86253843087745 ], [ 27.922982221919678, 46.862475757042475 ], [ 27.923422162770365, 46.862297367973753 ], [ 27.923567024185001, 46.862246171814164 ], [ 27.923728359396986, 46.862198784994362 ], [ 27.923862133049102, 46.862161009604584 ], [ 27.924018005210776, 46.862102239471199 ], [ 27.924173874374461, 46.862060570125003 ], [ 27.924494185068149, 46.861922025627912 ], [ 27.924703270232342, 46.86177946216548 ], [ 27.924887146211798, 46.861690190188455 ], [ 27.925068254535141, 46.861583706322087 ], [ 27.925522657764226, 46.861269932650977 ], [ 27.925609113397915, 46.861201493004458 ], [ 27.925690170995217, 46.861115822997583 ], [ 27.925930520120417, 46.860784350299184 ], [ 27.925933239303955, 46.860769162217359 ], [ 27.926078643863029, 46.860548196032326 ], [ 27.926157174439027, 46.860367093655093 ], [ 27.92622440254905, 46.860258548643081 ], [ 27.92624975648787, 46.860159351099071 ], [ 27.926188986292495, 46.860044788895543 ], [ 27.926202990614197, 46.860002850042036 ], [ 27.926339569247354, 46.859907755444105 ], [ 27.926529362206189, 46.859728866330315 ], [ 27.926654936796851, 46.859587968260996 ], [ 27.926885041238858, 46.859293116390553 ], [ 27.927001365463617, 46.859146155225524 ], [ 27.927051684848543, 46.859062249633148 ], [ 27.927163414494974, 46.858934756082192 ], [ 27.927369916166576, 46.858752021677248 ], [ 27.927436873062796, 46.858670124229789 ], [ 27.927439821432841, 46.858639628514808 ], [ 27.92743421612056, 46.858628159377794 ], [ 27.927414831888814, 46.858616682099708 ], [ 27.927295292332889, 46.858606846634942 ], [ 27.927170255782876, 46.858587521956757 ], [ 27.927109191848253, 46.858554963140563 ], [ 27.927081502972957, 46.858501482614962 ], [ 27.92708454370683, 46.858455681906399 ], [ 27.927193675877135, 46.858246079660503 ], [ 27.927230007577709, 46.858211854778837 ], [ 27.92728564954945, 46.858211970349664 ], [ 27.927585566725948, 46.858306146047831 ], [ 27.927638359831636, 46.858311915948519 ], [ 27.927669088721125, 46.858292952336662 ], [ 27.92766629067836, 46.858277632566917 ], [ 27.927641421565617, 46.858247122714332 ], [ 27.927572062521506, 46.858189752603742 ], [ 27.927558306692738, 46.858143928618077 ], [ 27.927603129347883, 46.858067727323331 ], [ 27.927614379498621, 46.858025767326403 ], [ 27.927675942288346, 46.857926639383955 ], [ 27.927734792979319, 46.857789416364454 ], [ 27.927785513296158, 46.857598755972205 ], [ 27.927791523848111, 46.857493837324789 ], [ 27.927836636189578, 46.857318441143299 ], [ 27.927915105732481, 46.85714120902216 ], [ 27.927976632707953, 46.85702686821989 ], [ 27.928038416112567, 46.856868689274151 ], [ 27.928108410659156, 46.856741084259284 ], [ 27.928147434307697, 46.856693469883041 ], [ 27.928236589727366, 46.856636390064786 ], [ 27.928347996088839, 46.856583243114308 ], [ 27.928398213000559, 46.856550915950322 ], [ 27.928498578316496, 46.856463401092 ], [ 27.928543306732777, 46.856402410819022 ], [ 27.92856010046885, 46.856375703369771 ], [ 27.928593885693964, 46.856265125675449 ], [ 27.928599643308011, 46.856204136758059 ], [ 27.928588782190413, 46.856122058121478 ], [ 27.928600153301872, 46.856062998437501 ], [ 27.928594925755508, 46.855963762933222 ], [ 27.928606421024991, 46.855860776678547 ], [ 27.928654056739614, 46.855754078935064 ], [ 27.928751810138543, 46.855630267217641 ], [ 27.929089088947286, 46.855396321324143 ], [ 27.929242515463969, 46.855261192336492 ], [ 27.929292670736661, 46.855232734735431 ], [ 27.929331708221294, 46.855219414229673 ], [ 27.929467989462498, 46.855196867286551 ], [ 27.929559866794563, 46.855168428814061 ], [ 27.929682502457485, 46.855092407266646 ], [ 27.929849593796536, 46.85500877385698 ], [ 27.929944215898871, 46.85497279394086 ], [ 27.930177968307941, 46.854915999196841 ], [ 27.930272661657941, 46.854883796511537 ], [ 27.930484316181314, 46.854777428433735 ], [ 27.930562287185204, 46.854748983719752 ], [ 27.930751467123702, 46.854707450506822 ], [ 27.930862755590784, 46.854688599596187 ], [ 27.930929600639235, 46.854684917270248 ], [ 27.930979603075038, 46.854675453901926 ], [ 27.931040927046197, 46.854654634556042 ], [ 27.93115491485068, 46.854639583115521 ], [ 27.931291231878106, 46.854605603304456 ], [ 27.931374770479632, 46.854573325266102 ], [ 27.931472296529204, 46.854508653014044 ], [ 27.931525383147839, 46.854459146802526 ], [ 27.931628639044867, 46.85433537428041 ], [ 27.931743093316893, 46.854217344358482 ], [ 27.931862955032219, 46.854124109969646 ], [ 27.932007926317119, 46.854036715043428 ], [ 27.932044065782883, 46.854006271833526 ], [ 27.932090180607577, 46.853939488037035 ], [ 27.932174648440991, 46.853856511871079 ], [ 27.932326353644605, 46.853726284439865 ], [ 27.932495002904361, 46.853603633301333 ], [ 27.932597471389276, 46.853557553541052 ], [ 27.932641676951711, 46.853530687744964 ], [ 27.932940770568649, 46.853403816422514 ], [ 27.933051484403219, 46.853340423539706 ], [ 27.933073707354072, 46.853336528507313 ], [ 27.933092908003335, 46.853315519395679 ], [ 27.933209139974473, 46.853242624422947 ], [ 27.933289174612433, 46.853169933548699 ], [ 27.9333634543381, 46.853078125293912 ], [ 27.93348416156919, 46.852879384034551 ], [ 27.93369337287821, 46.852298919325698 ], [ 27.933728466641021, 46.852169138953585 ], [ 27.933728257999253, 46.852138632449169 ], [ 27.933782366916795, 46.851955356499175 ], [ 27.933820589116262, 46.851871306451201 ], [ 27.933825890567011, 46.851840750538436 ], [ 27.933902525412872, 46.851695600509125 ], [ 27.934039712644118, 46.851481493458486 ], [ 27.934144324696756, 46.851351470807693 ], [ 27.934292683937795, 46.851145002063511 ], [ 27.93436984387569, 46.851053211494524 ], [ 27.934725286517345, 46.850678195166168 ], [ 27.9349435269637, 46.850526738845247 ], [ 27.935101312772929, 46.850446123718363 ], [ 27.935156567635964, 46.850407722910504 ], [ 27.935278327360361, 46.850342517110107 ], [ 27.93537793096425, 46.850301906230207 ], [ 27.935544293426013, 46.850236643798134 ], [ 27.935699645657781, 46.850205593728674 ], [ 27.935832757131113, 46.850170791730207 ], [ 27.935932439519732, 46.850117037553197 ], [ 27.935970895818645, 46.850100396611438 ], [ 27.93609621451095, 46.850020969263809 ], [ 27.936190991736172, 46.849937278030453 ], [ 27.936338829018908, 46.849823164431115 ], [ 27.936408489080776, 46.849779446451464 ], [ 27.936511604657639, 46.849735865772061 ], [ 27.936711871655682, 46.84968872858741 ], [ 27.936890015119292, 46.849637654738636 ], [ 27.937045906858319, 46.849556005967258 ], [ 27.937274642168152, 46.849382945274655 ], [ 27.937411197686657, 46.849295574977731 ], [ 27.937464090433132, 46.849276587123114 ], [ 27.937519703209563, 46.849269137002928 ], [ 27.937575334791163, 46.849269251340537 ], [ 27.937719670139124, 46.849296351139955 ], [ 27.937808683598149, 46.849292823990673 ], [ 27.937908848563719, 46.849262547177929 ], [ 27.937997951071726, 46.849216981425762 ], [ 27.938028695171177, 46.84919603616855 ], [ 27.938098478431424, 46.849125671447155 ], [ 27.938187924953297, 46.849011425237904 ], [ 27.938331105401812, 46.848675923151795 ], [ 27.938468281117391, 46.848430487746768 ], [ 27.938510416206192, 46.848355879411365 ], [ 27.9386503213582, 46.848173020709773 ], [ 27.938734193649815, 46.848035871160647 ], [ 27.9388070134803, 46.847936807619611 ], [ 27.938829444478777, 46.84788349305903 ], [ 27.9388966219541, 46.84778448337596 ], [ 27.938972226543843, 46.847647275408853 ], [ 27.939098092913465, 46.847464415987616 ], [ 27.939193318032945, 46.847304386810585 ], [ 27.939333203158419, 46.847113963592868 ], [ 27.939433917744108, 46.846946323660184 ], [ 27.939473295672222, 46.846854775089163 ], [ 27.939557187676723, 46.846725275707421 ], [ 27.939658103157864, 46.846534769881195 ], [ 27.939714309320571, 46.846405168549673 ], [ 27.939776524266254, 46.846168665348067 ], [ 27.93982140035083, 46.846069593157949 ], [ 27.939961365188694, 46.845863870537471 ], [ 27.940096105565502, 46.845566560765725 ], [ 27.940152380815391, 46.845414096849304 ], [ 27.940174986739546, 46.84533017465764 ], [ 27.940186625255553, 46.845215749516349 ], [ 27.940203337448374, 46.845185260197333 ], [ 27.940441727099184, 46.844651371651523 ], [ 27.940277108613081, 46.844580579551192 ], [ 27.939510424843213, 46.844250871121545 ], [ 27.939191011669337, 46.844090403166518 ], [ 27.93854946805904, 46.843828448989051 ], [ 27.938585246861098, 46.843778779375306 ], [ 27.938644138870369, 46.843702069299354 ], [ 27.938341482827362, 46.843564025839953 ], [ 27.938546371046478, 46.84333126813226 ], [ 27.938519854828098, 46.843253440622 ], [ 27.937992380714121, 46.842974352885221 ], [ 27.937711732143033, 46.842850331087782 ], [ 27.937230303714085, 46.842609535037028 ], [ 27.937141398409434, 46.842747624838729 ], [ 27.937047288696288, 46.842820837044179 ], [ 27.936862936419136, 46.842913764059432 ], [ 27.936415063689573, 46.842589977232663 ], [ 27.936299607530291, 46.842643708462617 ], [ 27.93607876944499, 46.84277326131344 ], [ 27.935763156640007, 46.842956016437526 ], [ 27.93543976604191, 46.843104432779107 ], [ 27.935196345867986, 46.843213227035669 ], [ 27.934845257415052, 46.843342032181944 ], [ 27.934404426323084, 46.843507658196835 ], [ 27.934008366697288, 46.843735120053822 ], [ 27.933556713029073, 46.844042716819189 ], [ 27.933381388764335, 46.844138600694812 ], [ 27.93330980662061, 46.844128233878351 ], [ 27.933176167828474, 46.844119447040015 ], [ 27.933064853384145, 46.844085713673344 ], [ 27.932794489882994, 46.843901632864977 ], [ 27.932332382731239, 46.843550768156675 ], [ 27.931958662725201, 46.843295292011675 ], [ 27.931262525694304, 46.842788872170658 ], [ 27.930741201024524, 46.842450680368287 ], [ 27.930321343748144, 46.842183041143002 ], [ 27.92977791792816, 46.841764146658498 ], [ 27.929276088742281, 46.841348254833392 ], [ 27.929002930852555, 46.841111925184471 ], [ 27.928650942799734, 46.840730819741516 ], [ 27.928411245944158, 46.840346859730893 ], [ 27.928240941111092, 46.839987544806043 ], [ 27.928146487272979, 46.839827422662154 ], [ 27.928479515182456, 46.839802704933817 ], [ 27.928876017453959, 46.839747931593919 ], [ 27.929360504169793, 46.839623878022131 ], [ 27.930151632550842, 46.83937013216903 ], [ 27.930631914408288, 46.839178631780698 ], [ 27.931390636259529, 46.838927733053701 ], [ 27.931976172235281, 46.83868898220539 ], [ 27.932381127429849, 46.839095265944948 ], [ 27.932775324894358, 46.839514519272171 ], [ 27.933270999504515, 46.839296587153243 ], [ 27.932445625657305, 46.838533428796389 ], [ 27.932529621010364, 46.838486215748112 ], [ 27.932913844014546, 46.838368762995145 ], [ 27.933176267723994, 46.838297072085382 ], [ 27.933526522870633, 46.83870055492779 ], [ 27.933722694161109, 46.838888844676369 ], [ 27.934171379176579, 46.839212910797087 ], [ 27.934428338391324, 46.839071413729371 ], [ 27.934001447353619, 46.838728291942374 ], [ 27.933602518133462, 46.838198644245999 ], [ 27.933869760321677, 46.838161365117472 ], [ 27.934285838625176, 46.838140610412012 ], [ 27.934667868555167, 46.838081867914411 ], [ 27.935518168350651, 46.837910885399843 ], [ 27.935650722424626, 46.838063935717827 ], [ 27.93594837999235, 46.838301657018256 ], [ 27.936333352371438, 46.83858083088311 ], [ 27.936536607356139, 46.838728015189709 ], [ 27.937077528460833, 46.839100217607815 ], [ 27.937505161300706, 46.838911209565644 ], [ 27.938053174503203, 46.838649386904684 ], [ 27.93815409064614, 46.838709790107586 ], [ 27.938772976522145, 46.838404509673886 ], [ 27.938972901569414, 46.838326274099934 ], [ 27.939128873118705, 46.838419807981701 ], [ 27.939471464183974, 46.83862641010947 ], [ 27.939584385215262, 46.838659206980822 ], [ 27.940025765592342, 46.83839552523682 ], [ 27.940481498966712, 46.838110143057676 ], [ 27.941161310343176, 46.837657531503794 ], [ 27.940038413244675, 46.83692135255972 ], [ 27.940370743157349, 46.836829577009922 ], [ 27.94065196235471, 46.836722853760278 ], [ 27.940842244073458, 46.836630640013894 ], [ 27.94070563840523, 46.836537556424439 ], [ 27.940234216446871, 46.836192038773568 ], [ 27.93937667508683, 46.835655250594719 ], [ 27.939769870981635, 46.83534911980805 ], [ 27.940144835064654, 46.835116080534156 ], [ 27.94039684325648, 46.834835643856643 ], [ 27.940509006512464, 46.834612358822334 ], [ 27.94065565476145, 46.83445218666467 ], [ 27.940876781575632, 46.834233229987504 ], [ 27.941016389590029, 46.83406017719269 ], [ 27.939739056834295, 46.833310639387875 ], [ 27.939555935437518, 46.833190118787122 ], [ 27.939386344744275, 46.833281802654071 ], [ 27.939107998240594, 46.833441270736344 ], [ 27.938943888342681, 46.833579538874652 ], [ 27.938770376589169, 46.833762741778443 ], [ 27.938583739748644, 46.833976751632918 ], [ 27.938391401010943, 46.834140118052105 ], [ 27.938201355271467, 46.834291236136622 ], [ 27.937763249792432, 46.83401393207707 ], [ 27.936788951283816, 46.833361891687723 ], [ 27.9352753730427, 46.832373019737545 ], [ 27.935470069853945, 46.832048090875887 ], [ 27.935650613695497, 46.831844399381438 ], [ 27.935808954942516, 46.831708821104669 ], [ 27.935935427138322, 46.83165404765569 ], [ 27.936061897767022, 46.831599274103361 ], [ 27.936232691804335, 46.831502485384298 ], [ 27.936403485230326, 46.831405696416383 ], [ 27.936422883304108, 46.831389564282127 ], [ 27.93660264734282, 46.831240068346531 ], [ 27.936734926255614, 46.831176211957157 ], [ 27.936837189782686, 46.831112671555125 ], [ 27.936943923450439, 46.831046944245458 ], [ 27.937050941317644, 46.830962221023555 ], [ 27.937307965497858, 46.830712380977609 ], [ 27.93748807772905, 46.830514633268763 ], [ 27.937754233698737, 46.830312443360228 ], [ 27.937784010024451, 46.830266502716825 ], [ 27.93777514490758, 46.830236035863905 ], [ 27.937785362498573, 46.830182489007221 ], [ 27.937806892644005, 46.830144229168575 ], [ 27.937853265915695, 46.830092373035178 ], [ 27.937976962030298, 46.830005691599808 ], [ 27.938360743160654, 46.829692044485874 ], [ 27.938631779899598, 46.829451650830734 ], [ 27.938773668752319, 46.829294213215363 ], [ 27.938937012248871, 46.829094640693086 ], [ 27.93915987495571, 46.828795447058418 ], [ 27.939219869019336, 46.828726410722517 ], [ 27.939578429537121, 46.828235456193575 ], [ 27.939686340608215, 46.828104533487107 ], [ 27.939790763245089, 46.827974512456109 ], [ 27.940086822458117, 46.827562195631778 ], [ 27.940236539645671, 46.827379890896836 ], [ 27.940350708003262, 46.827226488037098 ], [ 27.940765550651186, 46.826613036047839 ], [ 27.941029078035712, 46.826256362585909 ], [ 27.941145396555751, 46.826062849363353 ], [ 27.941420025570395, 46.825707962443261 ], [ 27.941544626385426, 46.825512439819704 ], [ 27.941759297839702, 46.825224785920817 ], [ 27.942011339734364, 46.824845184315123 ], [ 27.942185497417075, 46.824630298410291 ], [ 27.942265301493858, 46.824515662916276 ], [ 27.942399807586927, 46.824321595409621 ], [ 27.942552089111793, 46.824124008891964 ], [ 27.942592595719987, 46.824051240833462 ], [ 27.942684921039699, 46.823920891337984 ], [ 27.942824851808979, 46.823652787692829 ], [ 27.942876469142451, 46.823581803980296 ], [ 27.943056605134593, 46.823387827105513 ], [ 27.943253895963508, 46.823222395386566 ], [ 27.943338611239099, 46.823137874768669 ], [ 27.943463464765752, 46.822969072470791 ], [ 27.943520112245061, 46.822867537743676 ], [ 27.943590758785341, 46.822767895370291 ], [ 27.943724429943792, 46.822623890962795 ], [ 27.943833695512794, 46.822506161081655 ], [ 27.943811417646998, 46.822508798826227 ], [ 27.943755867947157, 46.822507248389002 ], [ 27.943500494857201, 46.8225204372918 ], [ 27.943155727125895, 46.82250755347706 ], [ 27.942911321118608, 46.822505338862925 ], [ 27.942755435183141, 46.82249114232264 ], [ 27.942454679612975, 46.822443649556256 ], [ 27.94232114970341, 46.822433111595956 ], [ 27.942187343723567, 46.822405387526388 ], [ 27.942069500198151, 46.822343232275074 ], [ 27.941962778070035, 46.822273322310053 ], [ 27.941926434223134, 46.822258320410931 ], [ 27.941717226091804, 46.822206330802004 ], [ 27.941583570624225, 46.822186253633475 ], [ 27.941515825341039, 46.822184650864521 ], [ 27.941438900157831, 46.82217581557191 ], [ 27.941250098800786, 46.822180908902396 ], [ 27.941147182851154, 46.822173993618051 ], [ 27.940757180388253, 46.822107896651389 ], [ 27.940467041283959, 46.82203357762188 ], [ 27.940358017165813, 46.821996129033948 ], [ 27.939933803071078, 46.82187690162062 ], [ 27.939529236866765, 46.821776699879365 ], [ 27.939420340858476, 46.821739246247326 ], [ 27.939250091613982, 46.821694626720017 ], [ 27.939141165833995, 46.82165906191932 ], [ 27.938706092100965, 46.821557117449281 ], [ 27.938513706216728, 46.82152026125555 ], [ 27.937835939083836, 46.821353129271273 ], [ 27.937453284503089, 46.821233641023909 ], [ 27.937366618792034, 46.82119984700995 ], [ 27.93703228424684, 46.821137269989315 ], [ 27.936854093555048, 46.821115532843947 ], [ 27.936798622197987, 46.821117845541934 ], [ 27.936684525140482, 46.821105274589776 ], [ 27.936319291589637, 46.821031418018542 ], [ 27.936185640868594, 46.821011334523931 ], [ 27.936040425230924, 46.820966525757854 ], [ 27.935955756604322, 46.820957431496993 ], [ 27.935908418242228, 46.820950087597623 ], [ 27.935652683492094, 46.82094193692236 ], [ 27.935329795526393, 46.820901833016315 ], [ 27.934839187467865, 46.820786254771456 ], [ 27.934705427427897, 46.820764103116467 ], [ 27.934647025486889, 46.820760638151114 ], [ 27.934449230582182, 46.82072553586621 ], [ 27.93407007530045, 46.820634119296813 ], [ 27.933690752184475, 46.820527493826191 ], [ 27.933523577108364, 46.820496018537227 ], [ 27.933333958627749, 46.820439823773391 ], [ 27.933044070533615, 46.820374661403392 ], [ 27.932954979088798, 46.820363789255353 ], [ 27.932865562147608, 46.820329884651223 ], [ 27.932840626578802, 46.820331957912948 ], [ 27.932675915631528, 46.820275670567753 ], [ 27.93258667117971, 46.82025706060449 ], [ 27.932441581417162, 46.820212059641278 ], [ 27.932006807710049, 46.820115302866895 ], [ 27.931560650059108, 46.81999948020632 ], [ 27.931092563550795, 46.819904826211726 ], [ 27.931003195930781, 46.819876678420272 ], [ 27.93097828963641, 46.819876863107332 ], [ 27.93087980379094, 46.819852276587973 ], [ 27.930264755215106, 46.819716716798666 ], [ 27.929695904846664, 46.819567286869855 ], [ 27.929520131478579, 46.819514874912585 ], [ 27.929430882759199, 46.819496262639994 ], [ 27.928873902933894, 46.819403949765615 ], [ 27.928673608516494, 46.819387892511187 ], [ 27.92859860733547, 46.819390248752946 ], [ 27.928573820208602, 46.819399878731261 ], [ 27.928604164903795, 46.819590461873695 ], [ 27.928604970227632, 46.819651553722714 ], [ 27.928564737940224, 46.819766165284243 ], [ 27.928466969583145, 46.819934620591631 ], [ 27.928442885785682, 46.820003460244301 ], [ 27.928444491501232, 46.820125558544156 ], [ 27.928482923703108, 46.820300810528906 ], [ 27.92852341236955, 46.820416971635666 ], [ 27.928569148468032, 46.820506353008938 ], [ 27.928638120551359, 46.820681462038529 ], [ 27.928695940510131, 46.820849023173636 ], [ 27.928716763527177, 46.820948130380827 ], [ 27.928718049503047, 46.821047282542352 ], [ 27.928705295694865, 46.82113896207855 ], [ 27.928668583844587, 46.821299387177184 ], [ 27.928621788394821, 46.821627660776429 ], [ 27.928596790317862, 46.821749983645752 ], [ 27.928521632880329, 46.821948828702347 ], [ 27.928418833825372, 46.822155394254722 ], [ 27.928369732950173, 46.822231977667933 ], [ 27.928252064350513, 46.82236232868668 ], [ 27.928048802973738, 46.822546609873982 ], [ 27.928016157480808, 46.822600181486216 ], [ 27.92796686756175, 46.822653908890096 ], [ 27.927934374951548, 46.822715128897819 ], [ 27.927874406615459, 46.822799367919977 ], [ 27.927830575852582, 46.822847373414199 ], [ 27.927770097520625, 46.822895356531184 ], [ 27.927684549836066, 46.822945415138975 ], [ 27.927599232239803, 46.82300698499558 ], [ 27.927497622384674, 46.823097144351742 ], [ 27.927327689641249, 46.823121093685984 ], [ 27.926959680942641, 46.823125851380162 ], [ 27.926591672150774, 46.823130607899593 ], [ 27.925886739860779, 46.823054260454342 ], [ 27.92557414828169, 46.823020403809316 ], [ 27.925261557023877, 46.822986545412327 ], [ 27.924609798816196, 46.822958039622719 ], [ 27.923785331384984, 46.822953620334282 ], [ 27.922906683744937, 46.822951542151543 ], [ 27.922530437138402, 46.822885922962513 ], [ 27.921471514762509, 46.822584694062755 ], [ 27.920493669339315, 46.822319490248816 ], [ 27.919414748784355, 46.822003512688191 ], [ 27.91964651978591, 46.821667567551096 ], [ 27.919811422298974, 46.821433823857447 ], [ 27.919965598763927, 46.821220667036563 ], [ 27.920125797979814, 46.820954537351042 ], [ 27.920283260260693, 46.820678826367093 ], [ 27.920378023919064, 46.820514104339722 ], [ 27.92057168876832, 46.820279414080794 ], [ 27.920710219912788, 46.820038223572276 ], [ 27.919247596727867, 46.819698290641611 ], [ 27.916766012920984, 46.819052663489899 ], [ 27.9170566306382, 46.818379793883125 ], [ 27.917280916699081, 46.817919602425746 ], [ 27.917329035410365, 46.817750348048889 ], [ 27.91746956561229, 46.817428334967857 ], [ 27.917505894017005, 46.817076438581232 ], [ 27.917572355056066, 46.816862379796184 ], [ 27.917776913006943, 46.816429278131992 ], [ 27.917867908088635, 46.816213540889258 ], [ 27.918100764421251, 46.815737413368751 ], [ 27.918214792539871, 46.815436397488099 ], [ 27.918362094965644, 46.815130472730871 ], [ 27.918531605330021, 46.814650529059037 ], [ 27.918744014512171, 46.814197955942213 ], [ 27.918946107662983, 46.813663658216534 ], [ 27.919090056187393, 46.813322562798973 ], [ 27.919211838504793, 46.813028823138609 ], [ 27.919361964173021, 46.812793969537459 ], [ 27.919480573227126, 46.812523325397649 ], [ 27.919499231333592, 46.812411732744842 ], [ 27.919566065395813, 46.812168825842008 ], [ 27.919753723811908, 46.81197164082915 ], [ 27.919823016005115, 46.811884511520567 ], [ 27.919842794524584, 46.811848776294568 ], [ 27.919861641803749, 46.811685683575156 ], [ 27.919911426619752, 46.811510966125624 ], [ 27.920004921673936, 46.811305326766416 ], [ 27.920183406602856, 46.811003052894833 ], [ 27.92035754756705, 46.810819380995319 ], [ 27.920354807651695, 46.810680695250319 ], [ 27.92033013489544, 46.810599239823972 ], [ 27.920246548695097, 46.810512308209944 ], [ 27.920120557614531, 46.81045432846031 ], [ 27.920000318133852, 46.810419433321456 ], [ 27.919848554081749, 46.810406245747963 ], [ 27.91967756579476, 46.810428584731419 ], [ 27.91934782774327, 46.810533157669809 ], [ 27.91884427694567, 46.810707180640136 ], [ 27.917863158290096, 46.811082178060516 ], [ 27.917479734180237, 46.811231972858131 ], [ 27.917247246710716, 46.811347627258698 ], [ 27.917022354302638, 46.811421080289016 ], [ 27.916771210713659, 46.811409824324926 ], [ 27.916600264245933, 46.811349108164841 ], [ 27.916455880801834, 46.811268746709395 ], [ 27.916328582419823, 46.811139168277101 ], [ 27.91616168034869, 46.810623483869541 ], [ 27.915775291425387, 46.810066030383865 ], [ 27.915483037803874, 46.809670279826449 ], [ 27.915177447288034, 46.809147092680242 ], [ 27.915130665090764, 46.808948105264641 ], [ 27.915169401657661, 46.808725396630422 ], [ 27.911996459389499, 46.807272451420559 ], [ 27.908844966679752, 46.805829025079703 ], [ 27.908712518685661, 46.805971221849944 ], [ 27.908414478386021, 46.806012545724307 ], [ 27.908055329759947, 46.806075563396639 ], [ 27.907609497101852, 46.806387996906032 ], [ 27.907236158038458, 46.806764999472563 ], [ 27.90665316360241, 46.807143142408819 ], [ 27.906330793089939, 46.807299643338418 ], [ 27.905458452949947, 46.807995543494009 ], [ 27.904782067998582, 46.808632387153942 ], [ 27.904403131407829, 46.809074722993557 ], [ 27.903406858966612, 46.808583160022891 ], [ 27.90220878457799, 46.809455937596198 ], [ 27.895190323183218, 46.807240542090291 ], [ 27.895010940273625, 46.807612319594043 ], [ 27.894862548199374, 46.807872167110759 ], [ 27.894652252713193, 46.808201157372181 ], [ 27.89441206321456, 46.808552240638896 ], [ 27.894032201325462, 46.80908410017787 ], [ 27.893765045869404, 46.809463724352511 ], [ 27.893580179431012, 46.809428054104274 ], [ 27.893508916433465, 46.809451187621207 ], [ 27.893284706370437, 46.809648908670383 ], [ 27.893051689809674, 46.809931459257555 ], [ 27.892151555173527, 46.810705100643347 ], [ 27.891312119410411, 46.811131323329811 ], [ 27.89097563494839, 46.811409960431853 ], [ 27.890562234178947, 46.811525759508442 ], [ 27.88966845050528, 46.812064791979338 ], [ 27.888904677516809, 46.812520621400886 ], [ 27.888289906852005, 46.813737696404218 ], [ 27.891345985388995, 46.814965100631191 ], [ 27.895031114560854, 46.816460958040288 ], [ 27.894858475327307, 46.816655013486354 ], [ 27.894147385267956, 46.817791021788224 ], [ 27.893763494687871, 46.818070419947716 ], [ 27.893375774646881, 46.818391413497963 ], [ 27.893020871730847, 46.818761381267514 ], [ 27.892543757222477, 46.819219196693702 ], [ 27.892262946574675, 46.819489478909738 ], [ 27.892120857698, 46.819609248165442 ], [ 27.891958802781044, 46.81972460517337 ], [ 27.891796747223655, 46.819839962856136 ], [ 27.89162549942635, 46.820134594862061 ], [ 27.891644045548762, 46.820288273078454 ], [ 27.891359442060633, 46.820779193232305 ], [ 27.891338744148353, 46.821006416995999 ], [ 27.892277800133275, 46.821272190458046 ], [ 27.89341381541383, 46.821581751943732 ], [ 27.893592247742134, 46.82173011267507 ], [ 27.89336461092185, 46.822015369453737 ], [ 27.892918698307078, 46.822587592289857 ], [ 27.892563722701709, 46.823038405857716 ], [ 27.892241907279512, 46.823367318709195 ], [ 27.892138323870089, 46.823615081991804 ], [ 27.892034739588208, 46.823862846072757 ], [ 27.891834811077583, 46.824246204125046 ], [ 27.891347831301577, 46.824866796464086 ], [ 27.890868462494289, 46.82529954029868 ], [ 27.890432562835201, 46.82580383244531 ], [ 27.89010983417489, 46.826116113363497 ], [ 27.889787100560618, 46.826428394322839 ], [ 27.889291387175799, 46.826885754236528 ], [ 27.889267175322097, 46.827010456840199 ], [ 27.890217038295191, 46.827301403277673 ], [ 27.89084256416756, 46.827502114997934 ], [ 27.891468094602324, 46.827702823257241 ], [ 27.891265882840756, 46.828212955916371 ], [ 27.891063667385122, 46.828723088186962 ], [ 27.892118395879187, 46.828686018308879 ], [ 27.892020956857497, 46.829607446376485 ], [ 27.891983156284951, 46.830055967678874 ], [ 27.891938880488787, 46.830817159477562 ], [ 27.891894603660393, 46.83157835020301 ], [ 27.891834213567517, 46.832326703723197 ], [ 27.891711349560882, 46.833060734980258 ], [ 27.891532118186561, 46.834039830290664 ], [ 27.891445601338816, 46.834587563659177 ], [ 27.891135201712711, 46.834987311077278 ], [ 27.89090662651056, 46.835257883145324 ], [ 27.890678050360297, 46.835528454731318 ], [ 27.890142254753908, 46.835896778399821 ], [ 27.88987881176531, 46.836454245562201 ], [ 27.889899945543455, 46.83685096848027 ], [ 27.889874854441942, 46.837248850968969 ], [ 27.889329263689508, 46.83772335073904 ], [ 27.889215381207013, 46.838192317080647 ], [ 27.888893958674963, 46.838385762438179 ], [ 27.888549123867104, 46.839008827266888 ], [ 27.888285386180417, 46.839126670433558 ], [ 27.88801863056846, 46.839477643957991 ], [ 27.887656589919402, 46.839995203389115 ], [ 27.887294543716916, 46.84051276074981 ], [ 27.886955336234461, 46.84080728375065 ], [ 27.886580365349921, 46.841227173602427 ], [ 27.886205387448182, 46.841647063179025 ], [ 27.885952326535079, 46.841965907615446 ], [ 27.885488661587747, 46.842676685923074 ], [ 27.885062111708617, 46.843227758401113 ], [ 27.884635554618324, 46.843778830174209 ], [ 27.884321054748256, 46.843813187402105 ], [ 27.88379683049369, 46.843821014039953 ], [ 27.883395999977534, 46.843682739303944 ], [ 27.882735448909344, 46.843593336426949 ], [ 27.882006960958531, 46.843532112225027 ], [ 27.881148050698457, 46.843484738722822 ], [ 27.880806502042638, 46.843445609997808 ], [ 27.880486543444345, 46.843522467305114 ], [ 27.880212092150302, 46.843439285114329 ], [ 27.880767570500971, 46.842567333369828 ], [ 27.881263720776325, 46.841813389239491 ], [ 27.881759858772863, 46.841059442927154 ], [ 27.882314788000162, 46.840541050017627 ], [ 27.88271647831111, 46.839752384617796 ], [ 27.883118157234506, 46.83896371866409 ], [ 27.883444298777388, 46.838423237398686 ], [ 27.883770435239974, 46.837882755164323 ], [ 27.884167083506483, 46.837290188505946 ], [ 27.884563721922852, 46.83669762050895 ], [ 27.884922112902768, 46.836111304654636 ], [ 27.885280497621011, 46.835524988537571 ], [ 27.885000172755674, 46.835330734653965 ], [ 27.885318993635735, 46.834798375019048 ], [ 27.885242627703299, 46.834667870134908 ], [ 27.884968777090226, 46.83459527809061 ], [ 27.884617609229821, 46.834519325670648 ], [ 27.884380199688522, 46.834551753425529 ], [ 27.884228204513779, 46.834449625441849 ], [ 27.88413931677367, 46.834286431356404 ], [ 27.884158186582535, 46.834154417957897 ], [ 27.884295909178956, 46.834115418718341 ], [ 27.884410229491749, 46.834123221807026 ], [ 27.884581880419773, 46.834040710438863 ], [ 27.884874065778376, 46.833829628181064 ], [ 27.885059313414736, 46.833769228137577 ], [ 27.885481257632993, 46.833428030878309 ], [ 27.885876137540269, 46.833380791384762 ], [ 27.886524684057026, 46.833455661804337 ], [ 27.887566693151708, 46.831664665473575 ], [ 27.88749867268842, 46.831318300267959 ], [ 27.88739460830967, 46.830936518836531 ], [ 27.887451731908563, 46.83047767778374 ], [ 27.886839381666185, 46.830131524990868 ], [ 27.886386341634758, 46.829735030960883 ], [ 27.885802632494897, 46.829165692806342 ], [ 27.885576458218868, 46.828434454020183 ], [ 27.885350290216614, 46.827703213663831 ], [ 27.885806516898878, 46.827144898607891 ], [ 27.88590863444939, 46.826780839029034 ], [ 27.885616094617593, 46.826102242378226 ], [ 27.886073476618272, 46.825312165583341 ], [ 27.886082711348436, 46.824978240790195 ], [ 27.886091946014616, 46.82464431596469 ], [ 27.885927434957225, 46.823890329558935 ], [ 27.885871903417122, 46.823911341995597 ], [ 27.885738575906476, 46.823926653083653 ], [ 27.885671898097332, 46.823947582856732 ], [ 27.885605340194783, 46.823978141919795 ], [ 27.885358524942177, 46.824140304522764 ], [ 27.885225426181165, 46.824216631744747 ], [ 27.885145015016686, 46.8242776910066 ], [ 27.885112712592559, 46.82431630221248 ], [ 27.884956642393984, 46.824476099964095 ], [ 27.884518512911942, 46.824781387211893 ], [ 27.884363194047641, 46.824903545019147 ], [ 27.884063778898671, 46.825117241906149 ], [ 27.883875254339458, 46.825266061851849 ], [ 27.883692189642975, 46.825384320420454 ], [ 27.883392716620151, 46.825626640265213 ], [ 27.883273494386874, 46.82571252007866 ], [ 27.883109868237373, 46.825811748279691 ], [ 27.882777039413067, 46.826048333671459 ], [ 27.882466511912799, 46.826292547706458 ], [ 27.882311278707316, 46.826391746491382 ], [ 27.881972781342572, 46.826571136388694 ], [ 27.881861855687326, 46.826662747394302 ], [ 27.881778749265553, 46.826744750014321 ], [ 27.881606805163251, 46.82687262829571 ], [ 27.881423735177091, 46.826973692275331 ], [ 27.881407074427024, 46.826990849944465 ], [ 27.881218457222637, 46.827086292041074 ], [ 27.881004841763566, 46.827212244261496 ], [ 27.880782933058953, 46.827364860387085 ], [ 27.880347582331034, 46.827715876504989 ], [ 27.880225651891799, 46.827797947798885 ], [ 27.880147908076157, 46.827830403353609 ], [ 27.880103558931591, 46.827857075407003 ], [ 27.879891518289366, 46.827995582246253 ], [ 27.879726230068854, 46.828103220091862 ], [ 27.879559770020879, 46.828198648138091 ], [ 27.879462732420819, 46.828265426414717 ], [ 27.879265913022977, 46.828448555703098 ], [ 27.879238308195745, 46.828494338984207 ], [ 27.879171807876205, 46.828570614221569 ], [ 27.879038782203146, 46.82870804710258 ], [ 27.878864130384049, 46.828856778907877 ], [ 27.878572969773195, 46.829051444298415 ], [ 27.878265137932161, 46.829280370845147 ], [ 27.8780820325231, 46.829433001009541 ], [ 27.877885315509253, 46.829625667492046 ], [ 27.877463664265264, 46.829887044200277 ], [ 27.877372097673, 46.829955753146102 ], [ 27.877014532557595, 46.830260979606038 ], [ 27.876920293104188, 46.83038313036851 ], [ 27.876864900777004, 46.830436537370367 ], [ 27.876768054754695, 46.830573872067163 ], [ 27.876671046846468, 46.830688349542662 ], [ 27.876551884965096, 46.830810401418894 ], [ 27.876413162352151, 46.830917283509898 ], [ 27.876341132204299, 46.830985952854157 ], [ 27.87625817904846, 46.831115653389716 ], [ 27.876191744789775, 46.831245387821767 ], [ 27.876183529067674, 46.831275923602966 ], [ 27.876130940633292, 46.831367510352507 ], [ 27.87589829797642, 46.831642254257929 ], [ 27.875756731678759, 46.831784572874028 ], [ 27.875571256911563, 46.831981815529154 ], [ 27.875402166790405, 46.83213445393767 ], [ 27.875341151133775, 46.832203119465625 ], [ 27.875235916379225, 46.832348045173063 ], [ 27.875188979926968, 46.832447319847731 ], [ 27.875127997530786, 46.83253884826788 ], [ 27.875028357128993, 46.832653299000498 ], [ 27.874934055504951, 46.832737286672995 ], [ 27.874886928980331, 46.832798315826743 ], [ 27.87484552837433, 46.832920406926512 ], [ 27.874751440098411, 46.833065412163016 ], [ 27.874729037536312, 46.833112861781771 ], [ 27.874645076587068, 46.833238623231708 ], [ 27.874608717750405, 46.833314773414493 ], [ 27.874418579800086, 46.833627156096497 ], [ 27.874256399789818, 46.83386332257087 ], [ 27.87414861440897, 46.833994898308234 ], [ 27.874002430331391, 46.834164153769891 ], [ 27.87380438629614, 46.83436206505489 ], [ 27.873703827507583, 46.834491479047131 ], [ 27.873577934455373, 46.834697219543926 ], [ 27.873448504277167, 46.834833743798029 ], [ 27.873416044073302, 46.834859667418435 ], [ 27.873309222783767, 46.834982305991858 ], [ 27.873071433792479, 46.835304062357245 ], [ 27.872701919459864, 46.83575627932602 ], [ 27.872422429757638, 46.836078263138631 ], [ 27.87216784742844, 46.836340673240613 ], [ 27.871807843929894, 46.836722537395794 ], [ 27.871566695186939, 46.836998472715898 ], [ 27.871495333728355, 46.837067574769222 ], [ 27.87122436803558, 46.837404735428052 ], [ 27.870959936320553, 46.837818233486225 ], [ 27.870840234903021, 46.838024896293092 ], [ 27.870638022975623, 46.838300670026946 ], [ 27.870509644410099, 46.838492065218851 ], [ 27.870493573277216, 46.838530360168505 ], [ 27.870364749013159, 46.838683606271296 ], [ 27.87008625203147, 46.839081881714954 ], [ 27.87004543244959, 46.839150761875196 ], [ 27.869793845467171, 46.839480237375462 ], [ 27.869660102286854, 46.839679325469582 ], [ 27.869543742982842, 46.839939365945 ], [ 27.869474666622228, 46.840168347152712 ], [ 27.869463871292584, 46.840222168543789 ], [ 27.869431447011227, 46.840298581491787 ], [ 27.869393966840075, 46.840512374952141 ], [ 27.869364629442561, 46.84073388503927 ], [ 27.86928504516543, 46.841039541323127 ], [ 27.869285344441614, 46.84107004528471 ], [ 27.869240351848692, 46.841253423420881 ], [ 27.869180744879163, 46.841597103795856 ], [ 27.869164534829082, 46.841635311056187 ], [ 27.869122429316047, 46.841826269354826 ], [ 27.869009255292717, 46.842116828412379 ], [ 27.868993630931378, 46.842200832260524 ], [ 27.868993087008501, 46.8423840051246 ], [ 27.86900919403358, 46.842567032425819 ], [ 27.869006328504192, 46.842780683581374 ], [ 27.869025483412766, 46.842986586009779 ], [ 27.869019289875371, 46.84316206737077 ], [ 27.869027457925498, 46.843589293474643 ], [ 27.869036150683936, 46.843619769294733 ], [ 27.869053101252916, 46.843642566424471 ], [ 27.869120302998958, 46.843688054990913 ], [ 27.869201253796398, 46.843718083112336 ], [ 27.869235068867244, 46.843752251644752 ], [ 27.869255048465277, 46.84379027580497 ], [ 27.869255937936696, 46.843866576231797 ], [ 27.869237864420583, 46.843981152455719 ], [ 27.869238740040014, 46.844049801974855 ], [ 27.869202444602848, 46.84430352920738 ], [ 27.869187954497455, 46.844431246762383 ], [ 27.86919362749256, 46.84444676348965 ], [ 27.869177565998609, 46.844500266803607 ], [ 27.869162888898448, 46.844639329517825 ], [ 27.869152990676259, 46.844752260231566 ], [ 27.869110298135759, 46.844897421768501 ], [ 27.869021355795393, 46.845343716786317 ], [ 27.869005766241173, 46.845435907348083 ], [ 27.868915613924202, 46.845787368061174 ], [ 27.868910697999787, 46.845840771970586 ], [ 27.868868021116022, 46.845993671509127 ], [ 27.868863091481799, 46.846039427210791 ], [ 27.868798544972968, 46.846215282294288 ], [ 27.868760470561707, 46.846284183410063 ], [ 27.868706479959656, 46.846414141735252 ], [ 27.868660156094354, 46.846490719453996 ], [ 27.868602460391422, 46.846548230333838 ], [ 27.868522465611854, 46.846598282434002 ], [ 27.86848960271238, 46.846636633230581 ], [ 27.868479027387473, 46.846674787322854 ], [ 27.868507573559256, 46.846743291467028 ], [ 27.868614703645726, 46.846859068466522 ], [ 27.868679301858432, 46.846912183359507 ], [ 27.868749723730861, 46.846986212346025 ], [ 27.868809266659021, 46.847085085077694 ], [ 27.868810141880449, 46.847153734542083 ], [ 27.868778451987048, 46.847291241517013 ], [ 27.868763418301583, 46.847428602847693 ], [ 27.868699440668749, 46.84764260260603 ], [ 27.86869973974115, 46.84767310651231 ], [ 27.868657624636707, 46.847856503227881 ], [ 27.868627842599086, 46.848146607567493 ], [ 27.868601063223714, 46.848230618018114 ], [ 27.868585450455853, 46.848322272579736 ], [ 27.868579837026449, 46.848444367723843 ], [ 27.868578236249856, 46.848510828708235 ], [ 27.868561309426422, 46.848612413711017 ], [ 27.868564691278991, 46.848894674632206 ], [ 27.868511436846894, 46.849085728880397 ], [ 27.868514651662011, 46.849337478983266 ], [ 27.868496575031585, 46.849452054941949 ], [ 27.868467970595656, 46.849841312296199 ], [ 27.868436854292224, 46.850016963721103 ], [ 27.868428085169924, 46.850131490623951 ], [ 27.868401315502009, 46.850520701294705 ], [ 27.868399260871389, 46.850576105751649 ], [ 27.868408143752017, 46.850627545945571 ], [ 27.868477391249481, 46.850825541496008 ], [ 27.868512864819088, 46.850995126606811 ], [ 27.868604316596784, 46.851198688615639 ], [ 27.868667749730974, 46.851390977649594 ], [ 27.868733846063215, 46.851556648285964 ], [ 27.868753556412866, 46.851587027955446 ], [ 27.8688394312185, 46.851786858461821 ], [ 27.868890603723841, 46.851876219988895 ], [ 27.869168150938439, 46.852286745844083 ], [ 27.869278767784284, 46.852473088427104 ], [ 27.869292882675513, 46.852484438323749 ], [ 27.869400520715828, 46.852651685946881 ], [ 27.869474685042789, 46.852796274322536 ], [ 27.869523518774727, 46.852925743740229 ], [ 27.869545969161379, 46.85294084617896 ], [ 27.869560469817458, 46.852994215544605 ], [ 27.869743610861235, 46.853420502695762 ], [ 27.869890642844428, 46.853618091812173 ], [ 27.869893550499647, 46.853633318244171 ], [ 27.869919035607225, 46.853663734783282 ], [ 27.869965041450357, 46.853789315175042 ], [ 27.870066049366162, 46.853947635135427 ], [ 27.870068561584606, 46.85396287501284 ], [ 27.870149822573026, 46.854063004273833 ], [ 27.870241461406842, 46.854195548154806 ], [ 27.870399396749601, 46.854353618833983 ], [ 27.870458593669809, 46.854445838088665 ], [ 27.870469107095285, 46.85447833757032 ], [ 27.870560193903973, 46.854637624298839 ], [ 27.870649899971557, 46.854867420169981 ], [ 27.87068626067941, 46.854984238385867 ], [ 27.870734051137298, 46.855091504118327 ], [ 27.870816875928213, 46.855250725578173 ], [ 27.870855011299092, 46.855304407726564 ], [ 27.870941006970487, 46.855429440434989 ], [ 27.871003604134319, 46.855489174203491 ], [ 27.871090516934817, 46.855589342890156 ], [ 27.871125387305806, 46.855650757534818 ], [ 27.871126633670873, 46.855666837164421 ], [ 27.871151356955014, 46.855734892222998 ], [ 27.871175687576702, 46.855765699072379 ], [ 27.871183475042717, 46.855796285429207 ], [ 27.871298128995473, 46.856026357342351 ], [ 27.871382810144791, 46.856225676542437 ], [ 27.871457578853573, 46.856371421318947 ], [ 27.871594809661108, 46.856718114365705 ], [ 27.871761161661251, 46.857000269628834 ], [ 27.871937781205002, 46.857322581345599 ], [ 27.872081399472641, 46.857631227480852 ], [ 27.872255297505912, 46.857951624658945 ], [ 27.872281647373281, 46.858020540754616 ], [ 27.872296722310633, 46.858097030014243 ], [ 27.872288486480038, 46.858219009558262 ], [ 27.872258410262301, 46.858327403832739 ], [ 27.872232691710131, 46.858359545360621 ], [ 27.872167768947708, 46.858404634630077 ], [ 27.872100396636988, 46.858430705915936 ], [ 27.872033391901166, 46.858441375551664 ], [ 27.871944486376702, 46.858442421497131 ], [ 27.871889033748673, 46.858428503891119 ], [ 27.871819674275997, 46.858422041369948 ], [ 27.871763520146828, 46.858444322708287 ], [ 27.871707151448636, 46.858480018129093 ], [ 27.871534571827802, 46.858615544670428 ], [ 27.871315106612702, 46.858735321296606 ], [ 27.871199479641493, 46.858806605443959 ], [ 27.870975522110438, 46.859002633808323 ], [ 27.870831148444253, 46.859081051991254 ], [ 27.87071509376857, 46.859098539347364 ], [ 27.870630338465542, 46.859155661197121 ], [ 27.87053227258335, 46.859260753556036 ], [ 27.870384056278681, 46.859333109728944 ], [ 27.870220109883178, 46.85938717276408 ], [ 27.870056607527133, 46.859165457603503 ], [ 27.869893106524277, 46.85894374218104 ], [ 27.869742811111305, 46.858790653992251 ], [ 27.869618373276289, 46.858712839784651 ], [ 27.869552663660006, 46.858606489768846 ], [ 27.869486164537971, 46.858549922438051 ], [ 27.869332169217586, 46.858526459228493 ], [ 27.869239210462723, 46.858528000033651 ], [ 27.869213386330941, 46.858499445879673 ], [ 27.869260435493128, 46.858424030220462 ], [ 27.869322545952343, 46.858260575849023 ], [ 27.869371561192576, 46.858131576953696 ], [ 27.869193876392508, 46.857936643363615 ], [ 27.868927642949576, 46.857644541175048 ], [ 27.868764067858585, 46.857496012562223 ], [ 27.868686095166449, 46.857400353808593 ], [ 27.868538218528986, 46.857338962674774 ], [ 27.868455175587432, 46.857210695636404 ], [ 27.868329920807902, 46.857186281629524 ], [ 27.868210305802613, 46.857107508848721 ], [ 27.868002025192318, 46.856920886390611 ], [ 27.867934232325421, 46.856860129213786 ], [ 27.867702676885298, 46.856729797858115 ], [ 27.867610591492102, 46.856598947164059 ], [ 27.867550185550865, 46.856513119890167 ], [ 27.867427866132967, 46.856441460914738 ], [ 27.867324386588209, 46.856334546534931 ], [ 27.867225502612747, 46.856193946312573 ], [ 27.867137920894471, 46.856146488643716 ], [ 27.867035828659755, 46.85607124780563 ], [ 27.866967799010141, 46.856021107406413 ], [ 27.866945156627555, 46.855988414418036 ], [ 27.866886885797914, 46.855966508333914 ], [ 27.866780451542464, 46.855953306880345 ], [ 27.86661916739833, 46.855959821727538 ], [ 27.866508830861825, 46.856071345268163 ], [ 27.866097434573948, 46.856315156992537 ], [ 27.86587538683683, 46.856446739318748 ], [ 27.8656735851782, 46.856615106190311 ], [ 27.865530870446726, 46.856771931818258 ], [ 27.865482925262686, 46.856870931185682 ], [ 27.865320257750877, 46.857012205075826 ], [ 27.865182071099319, 46.857093742060592 ], [ 27.865043884031092, 46.857175278882238 ], [ 27.864839721386453, 46.857336556601716 ], [ 27.864591307559788, 46.857505396344827 ], [ 27.864417303616563, 46.857623648771906 ], [ 27.864144973959071, 46.857808742670244 ], [ 27.864078098501462, 46.857869114356362 ], [ 27.863977024349648, 46.85789981581437 ], [ 27.863863315555825, 46.857990395606429 ], [ 27.863830333457578, 46.858056287976666 ], [ 27.863779902719354, 46.858116754770577 ], [ 27.86369670055554, 46.858156687167217 ], [ 27.863691740888346, 46.858216554824217 ], [ 27.863588581204041, 46.858334233235595 ], [ 27.863463071324215, 46.858477406971268 ], [ 27.863298627909135, 46.858664992779531 ], [ 27.863228662557841, 46.858713353232339 ], [ 27.863086287604165, 46.858836595788659 ], [ 27.862957191108499, 46.858930779091978 ], [ 27.862849123312085, 46.85904775069379 ], [ 27.862774557235575, 46.859200584288359 ], [ 27.862766439468633, 46.85930005989691 ], [ 27.862700514185878, 46.859432661955168 ], [ 27.862607818819409, 46.859619139126401 ], [ 27.862518809282879, 46.859698744441438 ], [ 27.862440287866079, 46.859730720276325 ], [ 27.86240640497309, 46.859802466774283 ], [ 27.862345096580306, 46.859895298343169 ], [ 27.862329986340345, 46.859977414902112 ], [ 27.862353968015402, 46.860040217656476 ], [ 27.862316749878683, 46.860117888197323 ], [ 27.86222833113797, 46.860261894102017 ], [ 27.862155180320272, 46.860349637501102 ], [ 27.862096219752676, 46.860420350729719 ], [ 27.862032945041861, 46.860474466429409 ], [ 27.861952561880504, 46.860471449783084 ], [ 27.861894865678469, 46.860509946244193 ], [ 27.861885594213675, 46.860555286275329 ], [ 27.861821845832058, 46.860568867039646 ], [ 27.861706300497254, 46.860566408503658 ], [ 27.861616013416587, 46.860582835333872 ], [ 27.861558314585196, 46.860633221147104 ], [ 27.861506757629812, 46.860631423385911 ], [ 27.861460979653316, 46.860615063531775 ], [ 27.861417310860976, 46.860633941651294 ], [ 27.861409781618736, 46.86068221748797 ], [ 27.861383496379691, 46.8607137324164 ], [ 27.861296896046344, 46.860730904472135 ], [ 27.861287476807917, 46.860708565494349 ], [ 27.861239582319875, 46.860681439690339 ], [ 27.861181606310112, 46.860666165648738 ], [ 27.861122132494401, 46.86067845183419 ], [ 27.861038908366925, 46.860724790994524 ], [ 27.860955671466915, 46.860771139409543 ], [ 27.860889385575728, 46.860770211091101 ], [ 27.860826199702835, 46.860756416274789 ], [ 27.860769081320377, 46.86077952521493 ], [ 27.86074438363773, 46.860821737990371 ], [ 27.860632804446688, 46.8608283062553 ], [ 27.860592650093103, 46.860873512822401 ], [ 27.860565146363111, 46.860922977494035 ], [ 27.860493045799455, 46.860904111600931 ], [ 27.860420932180865, 46.860885245987397 ], [ 27.860331487801474, 46.860936563218736 ], [ 27.860215198801527, 46.860930467497482 ], [ 27.860020436234969, 46.860920253218119 ], [ 27.85975572349998, 46.860946110993851 ], [ 27.859383378440519, 46.860943668932777 ], [ 27.858897241896827, 46.860870516193096 ], [ 27.858670917748878, 46.860854233444648 ], [ 27.858583164476496, 46.860884149531067 ], [ 27.858485465094557, 46.86087897694425 ], [ 27.858434146385811, 46.860841134527668 ], [ 27.858158383489528, 46.860794783000252 ], [ 27.857985379773545, 46.860765700877593 ], [ 27.857785899006341, 46.860789423138058 ], [ 27.857480479882998, 46.860805754845124 ], [ 27.85725225933103, 46.860817957418213 ], [ 27.85699934167485, 46.860797245629577 ], [ 27.856583767867775, 46.860810086891384 ], [ 27.855476384136338, 46.860773668132921 ], [ 27.855122953762049, 46.860790256312612 ], [ 27.854769535776757, 46.860806834097652 ], [ 27.854374130303022, 46.860858076143494 ], [ 27.854079196648261, 46.860912093469047 ], [ 27.853798763049443, 46.860994803982919 ], [ 27.853589716398492, 46.861056458235716 ], [ 27.853467229344215, 46.861206070902256 ], [ 27.85338866802671, 46.861248895835786 ], [ 27.853291306832116, 46.86123219904605 ], [ 27.853191335630118, 46.861238211629406 ], [ 27.852997098733255, 46.861325743028949 ], [ 27.852733492141468, 46.861444530586063 ], [ 27.852489012050061, 46.861581204710177 ], [ 27.852422408718962, 46.861683738115183 ], [ 27.852332232192509, 46.861748738620946 ], [ 27.852226443046455, 46.861825006900879 ], [ 27.852067367811653, 46.861969889417018 ], [ 27.851880896078182, 46.862152234074806 ], [ 27.851574345659369, 46.862305886908388 ], [ 27.85132740810441, 46.862463824012778 ], [ 27.850992582890903, 46.862677973014499 ], [ 27.850754413776979, 46.862830291689363 ], [ 27.850509672227428, 46.862930759592693 ], [ 27.850327971799246, 46.863035301798078 ], [ 27.850050166273299, 46.863228713799813 ], [ 27.849877852875576, 46.863339872327522 ], [ 27.849633066532579, 46.863475008622011 ], [ 27.849333598317653, 46.863640333518205 ], [ 27.849106382137801, 46.863757537576198 ], [ 27.848956916648891, 46.863845835967602 ], [ 27.84886905622367, 46.863928335962896 ], [ 27.848728665006458, 46.864081454950345 ], [ 27.848598946432467, 46.864222933523031 ], [ 27.848565792541287, 46.86428148109389 ], [ 27.848519251758752, 46.86432100890876 ], [ 27.848037314124088, 46.864677975166074 ], [ 27.847670122981008, 46.864986679144685 ], [ 27.847453540774634, 46.865115389381565 ], [ 27.84720963394566, 46.865218565450768 ], [ 27.84696722766919, 46.8652923629231 ], [ 27.846446282782498, 46.865417637055472 ], [ 27.846028475260926, 46.865518103818481 ], [ 27.845906292566685, 46.865533370820707 ], [ 27.845660388353718, 46.865526096169717 ], [ 27.845379307296774, 46.865479908268966 ], [ 27.845113542515669, 46.865402002486505 ], [ 27.843990614431778, 46.865009354176614 ], [ 27.843481870976845, 46.864831453715389 ], [ 27.843142817863441, 46.864712897487159 ], [ 27.842849041108085, 46.864610161852944 ], [ 27.842480295700895, 46.864464588311755 ], [ 27.84218575888428, 46.864348306316138 ], [ 27.841923864441682, 46.864244907989914 ], [ 27.84172406277473, 46.864176510033339 ], [ 27.841602403084483, 46.864151150270914 ], [ 27.841476436298311, 46.8641630318062 ], [ 27.840975441360939, 46.864210287743077 ], [ 27.840742489997453, 46.864248728835506 ], [ 27.840573015507072, 46.864302543262639 ], [ 27.840350300597237, 46.864395614994535 ], [ 27.840199808826593, 46.864486915183555 ], [ 27.840040655839996, 46.864534633217716 ], [ 27.839735682983036, 46.864600543099186 ], [ 27.839440248790023, 46.864651411645461 ], [ 27.839180607872141, 46.864683666965924 ], [ 27.838724192163188, 46.864740371970207 ], [ 27.837887188359641, 46.864822631175961 ], [ 27.837619690821239, 46.864838191906536 ], [ 27.837373138114234, 46.864841751931095 ], [ 27.837116336477958, 46.864812208712721 ], [ 27.836547660565319, 46.864792007413257 ], [ 27.836236814181422, 46.864761812519362 ], [ 27.835937979012272, 46.864695824081352 ], [ 27.835517395113985, 46.864570107835135 ], [ 27.835161634404091, 46.864427782730537 ], [ 27.834819400263541, 46.864253757806985 ], [ 27.834220209338163, 46.863891214159004 ], [ 27.834064659886728, 46.863766461917727 ], [ 27.833897664081956, 46.863704875923865 ], [ 27.83373065554715, 46.86364329000498 ], [ 27.833443790665832, 46.863567136524686 ], [ 27.833008073057666, 46.86346918023991 ], [ 27.832910121598047, 46.863447161612193 ], [ 27.832918024385297, 46.863376666156007 ], [ 27.83291848203023, 46.863246312877649 ], [ 27.832883960239045, 46.863033161955812 ], [ 27.832808583750321, 46.86289320662101 ], [ 27.832722411051961, 46.862733212010696 ], [ 27.832588025429143, 46.862450585666124 ], [ 27.832383678610974, 46.862020823211402 ], [ 27.832207138092464, 46.861689992049648 ], [ 27.832014279075683, 46.861363476801237 ], [ 27.831800831241608, 46.861081604591824 ], [ 27.831645223577041, 46.860888898469995 ], [ 27.83139755702792, 46.86061225855552 ], [ 27.831007383223113, 46.860240377340538 ], [ 27.830600399429979, 46.859900021754022 ], [ 27.830432530558628, 46.859737208157938 ], [ 27.830167114393159, 46.859479758246344 ], [ 27.830079726325785, 46.859395006886928 ], [ 27.830023432803753, 46.859298646431164 ], [ 27.829960819141775, 46.8591636499537 ], [ 27.829898218433573, 46.859028644122574 ], [ 27.829852488187143, 46.858930026090931 ], [ 27.829827653426634, 46.858736013889335 ], [ 27.829846235990466, 46.858307468024542 ], [ 27.829841057592457, 46.85807074371197 ], [ 27.829857064332874, 46.857902306274184 ], [ 27.829846706791166, 46.857290577190604 ], [ 27.829818454456117, 46.856547136248217 ], [ 27.829862297204663, 46.856172214467982 ], [ 27.829888639423714, 46.855946911259011 ], [ 27.829840793685211, 46.855483158312133 ], [ 27.829785946964492, 46.854951607023402 ], [ 27.829741269217855, 46.854639530074735 ], [ 27.829707729045964, 46.854183867870404 ], [ 27.829688951417463, 46.853759425090168 ], [ 27.82966365145796, 46.853514698357344 ], [ 27.829661448494619, 46.853493349754608 ], [ 27.829405191974885, 46.853505817020469 ], [ 27.827759858302823, 46.853585864263252 ], [ 27.826434409906103, 46.853681415118636 ], [ 27.824493292542837, 46.853799613930796 ], [ 27.823669409131728, 46.853870443082585 ], [ 27.823507907993118, 46.853884328128011 ], [ 27.823406470556556, 46.853902537321581 ], [ 27.823301652375925, 46.853900668634871 ], [ 27.823223247737921, 46.853884508225477 ], [ 27.822994505548568, 46.853902623199744 ], [ 27.822359994925129, 46.853987199578157 ], [ 27.822124946720773, 46.854000877140344 ], [ 27.821707184550647, 46.854006302555071 ], [ 27.821289824370378, 46.853992474019165 ], [ 27.820727621379994, 46.85415514825317 ], [ 27.820195410825658, 46.85426744908203 ], [ 27.819895881292982, 46.854330644771338 ], [ 27.81976117674726, 46.854359070174205 ], [ 27.819652035629737, 46.854364405163984 ], [ 27.819510620035345, 46.854395982590582 ], [ 27.819031021176187, 46.854503102411734 ], [ 27.818487521007874, 46.85462449172077 ], [ 27.817847021305436, 46.854767547244137 ], [ 27.817680186710437, 46.85478011444981 ], [ 27.817514873747342, 46.855200203227675 ], [ 27.817095964633729, 46.855085495304564 ], [ 27.816799608800348, 46.855018497411585 ], [ 27.81654759497156, 46.854986280905912 ], [ 27.816239568527344, 46.854946909666246 ], [ 27.816145193025047, 46.854900596915812 ], [ 27.816050830786224, 46.854854283765405 ], [ 27.81586989133994, 46.855027775738108 ], [ 27.815638698997155, 46.855210568652993 ], [ 27.815318467347932, 46.855409424066572 ], [ 27.815051252103217, 46.855529194064353 ], [ 27.814741147584801, 46.855623208387911 ], [ 27.814288679271034, 46.855732696476046 ], [ 27.813438261358179, 46.855938464719479 ], [ 27.81251549524486, 46.856161734005475 ], [ 27.811937501936249, 46.856331518193159 ], [ 27.811243431020412, 46.85661063147289 ], [ 27.810981265214899, 46.856507179473837 ], [ 27.810689567138681, 46.856452328591388 ], [ 27.810352533764338, 46.856512291832921 ], [ 27.810066304887961, 46.85659080661928 ], [ 27.809312746878611, 46.856797493816956 ], [ 27.808774874741978, 46.857054198026454 ], [ 27.808134578150817, 46.857359765076581 ], [ 27.807635234660427, 46.857598064337495 ], [ 27.807135886755386, 46.857836361466305 ], [ 27.80684773452332, 46.857914185906871 ], [ 27.806632397839646, 46.857924534321505 ], [ 27.806515048159753, 46.857886522555162 ], [ 27.806224677631718, 46.858028994120453 ], [ 27.805853068090716, 46.858237740839343 ], [ 27.805560501203388, 46.858379166122326 ], [ 27.805109067144247, 46.858574094500696 ], [ 27.804545716499941, 46.858784876405231 ], [ 27.80387502206802, 46.859017258042044 ], [ 27.803485568899262, 46.859177091820079 ], [ 27.80293106188363, 46.85943582864558 ], [ 27.802566789569021, 46.859595298699873 ], [ 27.801390262691637, 46.859720848420899 ], [ 27.799365196182332, 46.859936917210703 ], [ 27.798987640176527, 46.85997719724368 ], [ 27.797918484378854, 46.860091255004875 ], [ 27.797859342950773, 46.86017659096705 ], [ 27.797776617908251, 46.860272003728014 ], [ 27.797693906145675, 46.86036742510074 ], [ 27.797647884028958, 46.860382303793983 ], [ 27.79760186188674, 46.860397182469107 ], [ 27.797551018327386, 46.860395671800028 ], [ 27.797500187411281, 46.860394151801401 ], [ 27.797445693659508, 46.860379877408086 ], [ 27.797391186367346, 46.860365594317877 ], [ 27.797333455905374, 46.860330292963361 ], [ 27.797304590702524, 46.860312642274792 ], [ 27.797275725518517, 46.860294991578733 ], [ 27.797184780043111, 46.860181249641904 ], [ 27.797042466296229, 46.860159833938972 ], [ 27.796983861161745, 46.860343084957606 ], [ 27.796843745142574, 46.860660340192993 ], [ 27.796703626212874, 46.860977595277717 ], [ 27.79654206890023, 46.861525660411473 ], [ 27.796494401506269, 46.8618282681946 ], [ 27.796558559957912, 46.862129439205638 ], [ 27.796575331836998, 46.862417892693841 ], [ 27.796555507328563, 46.862847923623747 ], [ 27.796438815806685, 46.863111331061567 ], [ 27.796361459197623, 46.863285945490816 ], [ 27.796409997324844, 46.863418590635753 ], [ 27.796649341937083, 46.863512414302647 ], [ 27.796913534601984, 46.86345841004497 ], [ 27.797188480896274, 46.863472169439355 ], [ 27.79737731025412, 46.863553502412401 ], [ 27.797437445795527, 46.863700771742593 ], [ 27.797516879834678, 46.863895305984315 ], [ 27.797657217019708, 46.864072919034641 ], [ 27.798026582536025, 46.864449755262498 ], [ 27.798254860085304, 46.864627783828773 ], [ 27.798560806999674, 46.864909396341375 ], [ 27.798757801165298, 46.86499806558875 ], [ 27.800064950829043, 46.86441012815893 ], [ 27.800780781373859, 46.864102866065394 ], [ 27.802265024711271, 46.865131332430288 ], [ 27.803043563879118, 46.865594081270025 ], [ 27.803776971739246, 46.866291468490985 ], [ 27.804050422881069, 46.866794223853042 ], [ 27.804645280348133, 46.867620627867566 ], [ 27.804712123580895, 46.867693806222633 ], [ 27.803899085308672, 46.867968389836328 ], [ 27.801703925527171, 46.868709709923614 ], [ 27.801340193754044, 46.868809878275769 ], [ 27.801434037987388, 46.868923005574956 ], [ 27.801549474666729, 46.868996506534693 ], [ 27.801720782337128, 46.869059493156932 ], [ 27.801745829157106, 46.869191687471101 ], [ 27.80179533348668, 46.86932059699366 ], [ 27.801955337394283, 46.869440639422592 ], [ 27.802207522665235, 46.86958669267834 ], [ 27.802461247005912, 46.869844748675121 ], [ 27.802691403946309, 46.870017248143732 ], [ 27.80275251015361, 46.87017050143124 ], [ 27.802924400334465, 46.870326900448703 ], [ 27.803258415046376, 46.870574242873317 ], [ 27.803348754241462, 46.870675691556059 ], [ 27.803383627420249, 46.87077410996126 ], [ 27.803510386999712, 46.870880511872947 ], [ 27.803728558089851, 46.87106364212282 ], [ 27.803907815231817, 46.87121410665295 ], [ 27.803991722014299, 46.871333385925404 ], [ 27.804052696593402, 46.87144284769834 ], [ 27.804094666976809, 46.871518194912525 ], [ 27.80435639390242, 46.871720746826881 ], [ 27.804513918436285, 46.871875406861058 ], [ 27.804691985118755, 46.872019204827353 ], [ 27.804817728227867, 46.872083438969682 ], [ 27.804939780872772, 46.87222207019169 ], [ 27.805000919692358, 46.872291513519819 ], [ 27.805040318480273, 46.872314927977008 ], [ 27.8050766792717, 46.872383279626781 ], [ 27.805077165199915, 46.872456037054505 ], [ 27.805150586928452, 46.872541473481007 ], [ 27.80520906736448, 46.872590934380156 ], [ 27.805258065965749, 46.872739059357386 ], [ 27.805348441069192, 46.872896812631438 ], [ 27.805400694875633, 46.873037351243575 ], [ 27.805452948914571, 46.873177888924168 ], [ 27.805482293638228, 46.87336903523989 ], [ 27.805496983836537, 46.873464723160239 ], [ 27.805566534650012, 46.873563850143704 ], [ 27.805617446507355, 46.873701918362208 ], [ 27.805648634878956, 46.87384271677373 ], [ 27.805703055140576, 46.873970107214078 ], [ 27.805771056161348, 46.874094391332484 ], [ 27.8058846193635, 46.874260151414624 ], [ 27.805909752494763, 46.874322936830012 ], [ 27.805926466674947, 46.874410952244041 ], [ 27.806015703135792, 46.874617063716833 ], [ 27.806146590399308, 46.874919375599347 ], [ 27.806181740579643, 46.875072339233689 ], [ 27.806236994416757, 46.875200291424314 ], [ 27.806278662482868, 46.875330639945936 ], [ 27.80632669585286, 46.875430007810962 ], [ 27.806328322228381, 46.875508380538093 ], [ 27.806380907830949, 46.875561321667597 ], [ 27.806383053361959, 46.875649692657902 ], [ 27.806446370449855, 46.875792462504101 ], [ 27.806474519913749, 46.875855934849987 ], [ 27.806502668134321, 46.875919407219001 ], [ 27.806558966088812, 46.87604635189858 ], [ 27.806639797233974, 46.87619399623442 ], [ 27.80666427359176, 46.876290999073447 ], [ 27.806708657102178, 46.876373335504773 ], [ 27.806733434410962, 46.876476170317865 ], [ 27.806812439892681, 46.876663603807934 ], [ 27.806851093861898, 46.876834816143656 ], [ 27.806899853268721, 46.876931226615078 ], [ 27.806974823233549, 46.877134608494806 ], [ 27.807009133269748, 46.877274748127697 ], [ 27.807100474427408, 46.877428931285117 ], [ 27.807113268720226, 46.877552703387671 ], [ 27.807149684445385, 46.877598530963368 ], [ 27.807221436944538, 46.877751522509413 ], [ 27.8072416690928, 46.877794659886796 ], [ 27.807550807250468, 46.877795807508264 ], [ 27.807999758978386, 46.877837422906929 ], [ 27.808269333956734, 46.877862410101606 ], [ 27.808397794157809, 46.877905302319036 ], [ 27.808592934670276, 46.877917230640627 ], [ 27.809001241922463, 46.877966297473328 ], [ 27.80945322385373, 46.878020611850076 ], [ 27.809629360842209, 46.878057553283504 ], [ 27.809922742621499, 46.878094194711238 ], [ 27.810129616020639, 46.87810374903831 ], [ 27.810297402128924, 46.878139072338932 ], [ 27.810519604102957, 46.878157011175382 ], [ 27.810705407786664, 46.878172010385853 ], [ 27.810804485230289, 46.878205536316635 ], [ 27.810914961695122, 46.878204713926763 ], [ 27.811331976455108, 46.87824939399016 ], [ 27.811522681467999, 46.878269826347896 ], [ 27.811633835252096, 46.878302925568974 ], [ 27.811780149853732, 46.878311033752624 ], [ 27.811949388334845, 46.878292307281811 ], [ 27.812128277266325, 46.878241776012906 ], [ 27.812307167169632, 46.878191244437275 ], [ 27.81236005816795, 46.878157290290666 ], [ 27.812456726385516, 46.878257117728026 ], [ 27.812682077599359, 46.878540661268289 ], [ 27.812964805407994, 46.878822803082201 ], [ 27.813022545189803, 46.87891044170501 ], [ 27.813045151539473, 46.878977041270758 ], [ 27.813192178988743, 46.879193518950871 ], [ 27.813316158359157, 46.879376060418984 ], [ 27.813431146921317, 46.879618785910658 ], [ 27.8135190802221, 46.879866770854022 ], [ 27.813573804723706, 46.880021102224617 ], [ 27.813622516612782, 46.880158472787571 ], [ 27.813712765510566, 46.880330137022831 ], [ 27.813773040625478, 46.88050787277993 ], [ 27.813824455387955, 46.880659484865056 ], [ 27.813860181608248, 46.880764831070834 ], [ 27.813933570874518, 46.880833124657883 ], [ 27.813981199801088, 46.880877447837527 ], [ 27.814058961340425, 46.880891166345833 ], [ 27.81407629227677, 46.881041130058598 ], [ 27.814066626533222, 46.881264716557638 ], [ 27.814087045770439, 46.882339002397188 ], [ 27.814074023631292, 46.88270281264564 ], [ 27.814106082202155, 46.883607202712632 ], [ 27.81411964914783, 46.883989928224182 ], [ 27.814126443392638, 46.884181597607338 ], [ 27.814021380984588, 46.884396107125703 ], [ 27.813916317762583, 46.884610616543441 ], [ 27.813645989952963, 46.88480858863953 ], [ 27.813414507951755, 46.885028490309338 ], [ 27.813259149248132, 46.885247214778602 ], [ 27.81317586278244, 46.885292677074588 ], [ 27.813211361044313, 46.885351728419565 ], [ 27.813045022195766, 46.885426692547234 ], [ 27.812846792087566, 46.885516028588484 ], [ 27.812616606811027, 46.885555345285788 ], [ 27.812386422454736, 46.885594660595835 ], [ 27.812282540275802, 46.885692945477224 ], [ 27.812190312484336, 46.885996645748676 ], [ 27.812089685855874, 46.886497259456434 ], [ 27.812081783404174, 46.886918971628191 ], [ 27.811954932807208, 46.886945149139699 ], [ 27.811703999577244, 46.886948351095953 ], [ 27.810852154119317, 46.886935552984049 ], [ 27.810000307558351, 46.886922747706294 ], [ 27.809707159621173, 46.886901792919112 ], [ 27.809279698454255, 46.886829824830613 ], [ 27.809264569183096, 46.88694843772668 ], [ 27.80928814041182, 46.887115740563047 ], [ 27.80936985119703, 46.887296224577163 ], [ 27.80947281394289, 46.887471523937066 ], [ 27.809568648678134, 46.88772384663767 ], [ 27.809639835835103, 46.887911273190987 ], [ 27.809652687731592, 46.888031276769112 ], [ 27.8096629299997, 46.888126906718185 ], [ 27.809577958642787, 46.888231631104105 ], [ 27.809473972798703, 46.888327957333601 ], [ 27.809444816402952, 46.888446114690815 ], [ 27.809489922831872, 46.888544715413936 ], [ 27.809578901757423, 46.888628125467015 ], [ 27.809766561301853, 46.888708769950057 ], [ 27.809975536188361, 46.888759069761988 ], [ 27.810136044827598, 46.888816546732976 ], [ 27.810231140200077, 46.888885757924598 ], [ 27.810294347631821, 46.888996622548461 ], [ 27.810337838729154, 46.889072903237114 ], [ 27.810351927501088, 46.889154231676969 ], [ 27.810372690033628, 46.889193463849111 ], [ 27.810429113633958, 46.889226288713786 ], [ 27.810499403654919, 46.889338857065816 ], [ 27.810502852318773, 46.889452220887449 ], [ 27.810522142345398, 46.889519318329121 ], [ 27.810541431110511, 46.88958641579768 ], [ 27.810524882611084, 46.889712780131454 ], [ 27.810530220171632, 46.889839599020881 ], [ 27.810533686268869, 46.889921944255832 ], [ 27.810561054577402, 46.889964652283503 ], [ 27.810649662637157, 46.890008371773206 ], [ 27.81071046589582, 46.890055271259918 ], [ 27.810817961775758, 46.890184709259692 ], [ 27.810869713994062, 46.890279794823208 ], [ 27.810862679327393, 46.890381168646869 ], [ 27.810920387858669, 46.890474628408398 ], [ 27.811053169906454, 46.890519502374445 ], [ 27.811288527275316, 46.890517747571785 ], [ 27.811514909133415, 46.89056191222295 ], [ 27.811710960576107, 46.890651199684221 ], [ 27.811831758845866, 46.890733686048975 ], [ 27.811976871355167, 46.890795050667307 ], [ 27.812196258662183, 46.890786105491294 ], [ 27.812415013308073, 46.890800605449918 ], [ 27.812536389296074, 46.890861015802436 ], [ 27.81267763845829, 46.890958295356626 ], [ 27.812757549716544, 46.891103785980782 ], [ 27.81282938395352, 46.891234572988004 ], [ 27.812848344739777, 46.891379555567276 ], [ 27.812766016304522, 46.891387346309472 ], [ 27.812149944675504, 46.891915556441241 ], [ 27.811211044726424, 46.892720528084325 ], [ 27.809793966733366, 46.893859340335332 ], [ 27.809612929818709, 46.894029358516441 ], [ 27.809310622862082, 46.894204267936992 ], [ 27.80903779801362, 46.894488736827405 ], [ 27.80891751854222, 46.894688200387705 ], [ 27.80882038755724, 46.894962697322157 ], [ 27.808688464988801, 46.895488675065941 ], [ 27.808683847725256, 46.895643413559988 ], [ 27.80856248170338, 46.895750868591072 ], [ 27.808512959155646, 46.896197616200823 ], [ 27.80848966138786, 46.896624760597788 ], [ 27.808538247255804, 46.89690587149903 ], [ 27.808639458413882, 46.897491443718522 ], [ 27.808723627367804, 46.897815467753624 ], [ 27.8087433636959, 46.897952271293576 ], [ 27.808733930513679, 46.898136028244885 ], [ 27.808765678204942, 46.89850917236992 ], [ 27.808851417192209, 46.899064013137348 ], [ 27.808890077095285, 46.899281280177938 ], [ 27.808995708926545, 46.899377259449111 ], [ 27.808996202863931, 46.899479642786773 ], [ 27.809039372742088, 46.899639138738721 ], [ 27.809005565583686, 46.899683727471171 ], [ 27.809056626299412, 46.899777030485232 ], [ 27.809050321918139, 46.899829933864503 ], [ 27.809045289450712, 46.899872170796847 ], [ 27.809101150128949, 46.899927787588197 ], [ 27.809198658680319, 46.900089945468196 ], [ 27.809321409091488, 46.900185780883113 ], [ 27.809438407656121, 46.900239553848479 ], [ 27.809510897852117, 46.900257605432415 ], [ 27.809621405955404, 46.900252552256745 ], [ 27.809750572626172, 46.900218438183067 ], [ 27.809970329743667, 46.900117763948387 ], [ 27.810118840628881, 46.900036286339891 ], [ 27.810237913476254, 46.900023946078313 ], [ 27.810363092727382, 46.900048055855535 ], [ 27.810488111627187, 46.90010844443583 ], [ 27.810581937305024, 46.900176348013588 ], [ 27.81065651784839, 46.900267841186327 ], [ 27.810690144242304, 46.900360359866774 ], [ 27.810700377916152, 46.900466258789351 ], [ 27.810714031843141, 46.900607545628198 ], [ 27.810648250354685, 46.900720421714588 ], [ 27.810401202602222, 46.900991323167226 ], [ 27.810271912661602, 46.901098521987734 ], [ 27.810199924833356, 46.901149822606328 ], [ 27.810164780058994, 46.901257100453343 ], [ 27.810155835322544, 46.901316773341406 ], [ 27.810188639261611, 46.901346327497187 ], [ 27.810340607025786, 46.901381280153181 ], [ 27.810564132229128, 46.90143269076961 ], [ 27.810703274079767, 46.901468934870948 ], [ 27.810770179623894, 46.901505288606295 ], [ 27.810796251317825, 46.901588571902927 ], [ 27.81081101284277, 46.901703927517353 ], [ 27.810829647341247, 46.90174630476141 ], [ 27.810874157566754, 46.901778373232133 ], [ 27.810882543393671, 46.9018375011972 ], [ 27.81090017461992, 46.901961817549534 ], [ 27.810930635982011, 46.902010153383415 ], [ 27.81097383385109, 46.902053691178288 ], [ 27.810962038036628, 46.902129433171197 ], [ 27.810969031746367, 46.902171376928933 ], [ 27.811002184716195, 46.902183780706586 ], [ 27.811071034143779, 46.90217582695049 ], [ 27.811174058918599, 46.902201059344023 ], [ 27.811222106570821, 46.902268426319736 ], [ 27.811250479086389, 46.902406456971882 ], [ 27.81120415497352, 46.902517365683202 ], [ 27.811066500654359, 46.902583754819908 ], [ 27.810951871938499, 46.90266823239709 ], [ 27.810877500927109, 46.902746911385812 ], [ 27.810858967784039, 46.902839793660412 ], [ 27.810745139142007, 46.902957057857947 ], [ 27.810643129368923, 46.903062146414356 ], [ 27.810637234589006, 46.90316195660062 ], [ 27.810747274930876, 46.903336033384186 ], [ 27.810823359826781, 46.903456391840713 ], [ 27.810985122270761, 46.903556055178406 ], [ 27.811179996209429, 46.903656795484274 ], [ 27.811245789063328, 46.903721665083374 ], [ 27.811252958560807, 46.903859768135597 ], [ 27.811261518898711, 46.904024661229556 ], [ 27.811317783503057, 46.904146409913125 ], [ 27.811283721752766, 46.904256101531452 ], [ 27.811203225215067, 46.904353742102529 ], [ 27.811150692473358, 46.904459954640004 ], [ 27.811169789111009, 46.904571337067019 ], [ 27.811085090218636, 46.904667292588556 ], [ 27.81091781567736, 46.904750891917104 ], [ 27.810723294754489, 46.904799456325577 ], [ 27.810601114208058, 46.90489372967771 ], [ 27.810426128834319, 46.904932677670864 ], [ 27.810340659129224, 46.904991120010742 ], [ 27.810189383363724, 46.905144373438937 ], [ 27.810039475391687, 46.905238088141346 ], [ 27.809962589146, 46.905286153528749 ], [ 27.809983324489313, 46.905356046120161 ], [ 27.8100696794207, 46.905395848454475 ], [ 27.810263974663307, 46.905404118331163 ], [ 27.810352060437374, 46.905436653870616 ], [ 27.810425193714789, 46.905613985031671 ], [ 27.810439488702006, 46.905781344702625 ], [ 27.810460298873156, 46.906024967312099 ], [ 27.810441494193064, 46.906119760448576 ], [ 27.810364957300841, 46.906218043602202 ], [ 27.810229049323041, 46.906279160788209 ], [ 27.810121257220342, 46.906313580341788 ], [ 27.809970107438684, 46.906284027195433 ], [ 27.809889001751529, 46.906304789999588 ], [ 27.809826537715971, 46.906422462513504 ], [ 27.809609780184719, 46.906493059164099 ], [ 27.809340789636842, 46.906580667659824 ], [ 27.809071796942426, 46.906668276466057 ], [ 27.808888782390532, 46.906829298940636 ], [ 27.808917049463247, 46.906955284955657 ], [ 27.80904001866519, 46.907050915542662 ], [ 27.809275593774164, 46.90711345639761 ], [ 27.809589577066191, 46.907123507114427 ], [ 27.80990356045471, 46.907133556974976 ], [ 27.810271397883049, 46.907186701560128 ], [ 27.810451115598898, 46.907365268465036 ], [ 27.810535922105025, 46.907574260815373 ], [ 27.810494453066518, 46.907789314213169 ], [ 27.810437139560257, 46.908086529731406 ], [ 27.810516405434903, 46.908221674435644 ], [ 27.810624929660122, 46.908290548088701 ], [ 27.810753557005761, 46.908287988152942 ], [ 27.810926731200549, 46.908258623220284 ], [ 27.811103604496385, 46.908274558085019 ], [ 27.811220077002467, 46.908329812814543 ], [ 27.811361329766438, 46.90839682389511 ], [ 27.811459220767528, 46.908493574717781 ], [ 27.811581475091828, 46.908614406899098 ], [ 27.811634988489899, 46.908647783743476 ], [ 27.811734824189788, 46.908633995248699 ], [ 27.81179314404725, 46.908701936723602 ], [ 27.811851464099025, 46.908769879064792 ], [ 27.811863412300127, 46.908876189459448 ], [ 27.811821765040577, 46.908932049206364 ], [ 27.811731944473401, 46.908944127392033 ], [ 27.811640411009538, 46.908943882930558 ], [ 27.811552327458088, 46.908998467531347 ], [ 27.811460307995429, 46.909081636090775 ], [ 27.811374838374523, 46.909197698647347 ], [ 27.811341363944109, 46.909273253644038 ], [ 27.811330307885246, 46.909351851193186 ], [ 27.811264949772436, 46.909440348197819 ], [ 27.811184769325276, 46.909522923614716 ], [ 27.811079745442033, 46.90963108543049 ], [ 27.810931711383553, 46.909783539525286 ], [ 27.810750346760194, 46.909868060516416 ], [ 27.810625152502677, 46.909949324521996 ], [ 27.810485108396225, 46.910080890172431 ], [ 27.810455970002305, 46.910114443680143 ], [ 27.810457895832322, 46.91015346708523 ], [ 27.810445137590918, 46.910197402503719 ], [ 27.810416066492895, 46.910297505625458 ], [ 27.810369920616541, 46.910383109093253 ], [ 27.810354144641828, 46.910450380625981 ], [ 27.81035863420286, 46.910505372516276 ], [ 27.81043591727132, 46.910571030762839 ], [ 27.810546210481878, 46.910664733164793 ], [ 27.81071837426056, 46.91068866671273 ], [ 27.810826362680306, 46.910693993627575 ], [ 27.810908991447075, 46.91074193593041 ], [ 27.810977282810288, 46.910781558850012 ], [ 27.811077545557048, 46.910808016240182 ], [ 27.811165204965338, 46.910805878825357 ], [ 27.81123109097614, 46.910845560248383 ], [ 27.811339493615019, 46.910938705902261 ], [ 27.811350388613565, 46.911006101207818 ], [ 27.811328585827621, 46.911090655136711 ], [ 27.81127414831791, 46.911178687772235 ], [ 27.811251794871623, 46.911297207095252 ], [ 27.811250538179863, 46.91142860953655 ], [ 27.811323056977582, 46.911550255110008 ], [ 27.811431727449797, 46.911732546459362 ], [ 27.811551548327401, 46.911933537100417 ], [ 27.811659771688539, 46.912092748477406 ], [ 27.811701538333985, 46.912142293355473 ], [ 27.811791925779318, 46.912164166934438 ], [ 27.811866321643588, 46.912182170719504 ], [ 27.811931735228395, 46.912235901635867 ], [ 27.811971811846767, 46.912281070388275 ], [ 27.811956084530159, 46.912346316811863 ], [ 27.811921692985308, 46.912488996313805 ], [ 27.811934839643428, 46.91263332889217 ], [ 27.811943245776561, 46.912725609802166 ], [ 27.811890550189688, 46.912824003408005 ], [ 27.811829639737059, 46.912896740948604 ], [ 27.811696215657491, 46.913005568789195 ], [ 27.811603745533272, 46.913051176453891 ], [ 27.811535396395524, 46.913155445273809 ], [ 27.811500071150611, 46.913243984773089 ], [ 27.811411565026123, 46.913287077280877 ], [ 27.811307226604224, 46.913266500282191 ], [ 27.811181995667528, 46.913208860808886 ], [ 27.811102644985443, 46.913213201322563 ], [ 27.811036422648751, 46.913278647351831 ], [ 27.810927161063798, 46.913305789758354 ], [ 27.810796707795056, 46.913338196259609 ], [ 27.810685718906839, 46.913395267163352 ], [ 27.810580177674399, 46.913511105378909 ], [ 27.810574297037807, 46.913647608277692 ], [ 27.810542705945398, 46.91379735965949 ], [ 27.810475521099598, 46.91394149322231 ], [ 27.81035967706217, 46.914137758776455 ], [ 27.81035315891997, 46.914214983657679 ], [ 27.810384211445893, 46.914289354104078 ], [ 27.810420276675949, 46.914375728176083 ], [ 27.810513577195984, 46.914415019856513 ], [ 27.810751783190199, 46.914515332965429 ], [ 27.810958134382723, 46.914552210174598 ], [ 27.811047508238932, 46.914609279648879 ], [ 27.81107236690551, 46.914722914437924 ], [ 27.811059718174718, 46.914884993206421 ], [ 27.810972713728635, 46.915035958908817 ], [ 27.810885710117518, 46.915186924511907 ], [ 27.810844422388222, 46.915284752282489 ], [ 27.810821804642273, 46.915426660921149 ], [ 27.81072912000915, 46.915621378410499 ], [ 27.8106124848908, 46.915866409652999 ], [ 27.810659830199615, 46.915958068903116 ], [ 27.810836631906803, 46.916063257405398 ], [ 27.811154839802754, 46.916252573318339 ], [ 27.811253606071855, 46.916368662124796 ], [ 27.81117660677986, 46.916468805236406 ], [ 27.810995986906125, 46.916589385746157 ], [ 27.810849841186318, 46.916710876923453 ], [ 27.810758680367663, 46.916855397001115 ], [ 27.81068520178825, 46.91708553306421 ], [ 27.810642009635313, 46.917319244497996 ], [ 27.810598817179553, 46.917552956801643 ], [ 27.810464887493421, 46.917734152278513 ], [ 27.810316551904599, 46.917794720496779 ], [ 27.810252838131579, 46.917904688464603 ], [ 27.810317549119929, 46.918014382815628 ], [ 27.810484754580525, 46.91810893457572 ], [ 27.810517726622351, 46.918297436789004 ], [ 27.810607380876263, 46.918425467231117 ], [ 27.810629498257686, 46.918594914427977 ], [ 27.810713919267144, 46.918754902044661 ], [ 27.810813718354876, 46.91894403047263 ], [ 27.810914682513054, 46.919049140752229 ], [ 27.81095059942632, 46.919172542738181 ], [ 27.810894223981279, 46.919243781160297 ], [ 27.810998566995906, 46.919396083716229 ], [ 27.811150231174075, 46.919617458268 ], [ 27.81128629270999, 46.919928689144911 ], [ 27.811431478311281, 46.920039265608125 ], [ 27.811536332065149, 46.920169502333124 ], [ 27.811566385487918, 46.920301717768488 ], [ 27.811573836654219, 46.920495767680329 ], [ 27.811681756123164, 46.92061302970253 ], [ 27.81187933514471, 46.920642893264386 ], [ 27.812051958606233, 46.920621522870235 ], [ 27.812273859342085, 46.920520486720086 ], [ 27.812443605264381, 46.920379786343602 ], [ 27.812532050102071, 46.920165200918987 ], [ 27.812620494256951, 46.919950615420149 ], [ 27.812760898332218, 46.919813158398398 ], [ 27.812962991424783, 46.919798112940668 ], [ 27.813225735545533, 46.919814462816447 ], [ 27.813507415997282, 46.919911274282214 ], [ 27.813658275519924, 46.920025060279862 ], [ 27.813972582308942, 46.920181768321328 ], [ 27.814158752228298, 46.920215158150953 ], [ 27.814436877266505, 46.920385393158291 ], [ 27.814705009521639, 46.920505292770223 ], [ 27.81488394333903, 46.92054138711655 ], [ 27.815022017553499, 46.920529194291909 ], [ 27.815132361762128, 46.920424050444623 ], [ 27.815181185135376, 46.920298941584164 ], [ 27.815180893985374, 46.920201638847253 ], [ 27.815045728031723, 46.92004981977675 ], [ 27.814932943588442, 46.919923138582512 ], [ 27.814949266861966, 46.919775169222326 ], [ 27.815098088970934, 46.919623224200308 ], [ 27.815293776966705, 46.919423431377332 ], [ 27.815446509744916, 46.91930693353364 ], [ 27.815665839447018, 46.919262901515154 ], [ 27.815852840467709, 46.91935293466917 ], [ 27.815917082311291, 46.919572256770337 ], [ 27.816056315892212, 46.919774590221074 ], [ 27.816231217007751, 46.919963479197165 ], [ 27.816407624770488, 46.920125836644701 ], [ 27.816505841283345, 46.920316730640245 ], [ 27.816531054739347, 46.920407775253786 ], [ 27.816504765811999, 46.920537648818559 ], [ 27.81642007738073, 46.920692484124125 ], [ 27.816315058488211, 46.920782116195916 ], [ 27.816091487238428, 46.920931363174688 ], [ 27.815968403822914, 46.921036970262818 ], [ 27.81596969923736, 46.921124108067836 ], [ 27.816044248397944, 46.921244547235595 ], [ 27.816182460473435, 46.921397917073982 ], [ 27.816272769566584, 46.921498130476898 ], [ 27.816457598787299, 46.921645138600631 ], [ 27.816669816361866, 46.921813929896238 ], [ 27.816759653893083, 46.921928197280948 ], [ 27.816757031502746, 46.92199871402007 ], [ 27.816540220638689, 46.922235385442441 ], [ 27.816359404509246, 46.922347637567547 ], [ 27.816247634612875, 46.922456765667235 ], [ 27.816042999854862, 46.922613479835789 ], [ 27.816015904804576, 46.922676394245713 ], [ 27.816029555383633, 46.922741319561283 ], [ 27.816081362596076, 46.92283799767376 ], [ 27.816151751272855, 46.922941238398892 ], [ 27.816222140221644, 46.923044479074747 ], [ 27.816275096120496, 46.92317546435693 ], [ 27.816283954306229, 46.923277790430483 ], [ 27.816370185972215, 46.923422750040118 ], [ 27.816521496226486, 46.923540041304399 ], [ 27.816694599174667, 46.923642209985836 ], [ 27.817035647604833, 46.923771953008256 ], [ 27.817119330922555, 46.923901919895627 ], [ 27.817110390522863, 46.924009162798747 ], [ 27.817159741982998, 46.924111119577447 ], [ 27.817079640962412, 46.924256180584784 ], [ 27.817057904622651, 46.924469487038209 ], [ 27.816942667095898, 46.924668203512574 ], [ 27.816744331450526, 46.924887282094481 ], [ 27.81664946091529, 46.925079390536581 ], [ 27.816564715505532, 46.925377918667792 ], [ 27.816609819127837, 46.925519159436597 ], [ 27.816537106261514, 46.925701290800838 ], [ 27.816584232145964, 46.925800785721925 ], [ 27.816577852664494, 46.925889837997644 ], [ 27.816492149393827, 46.925978370836134 ], [ 27.816327062718951, 46.926148906291886 ], [ 27.816216070110979, 46.926338884405801 ], [ 27.816196499458197, 46.926458796957775 ], [ 27.816073952595481, 46.92654545996151 ], [ 27.81598752522244, 46.926708275960152 ], [ 27.815950183041725, 46.926778625254698 ], [ 27.815886247140423, 46.926852033287602 ], [ 27.815764334598022, 46.926870242104535 ], [ 27.815639587334541, 46.926868358952341 ], [ 27.815554428942747, 46.926844146440068 ], [ 27.81550620897476, 46.926815746913924 ], [ 27.815429470933925, 46.926815155495575 ], [ 27.815335795210331, 46.926856109692778 ], [ 27.815241058638112, 46.926925742333687 ], [ 27.815109187544238, 46.927022669691041 ], [ 27.815049777128984, 46.927096376254823 ], [ 27.815002489067574, 46.927155042933258 ], [ 27.81490407207653, 46.927207152893843 ], [ 27.814746626500799, 46.927393596893076 ], [ 27.814752825673878, 46.92751278375777 ], [ 27.814845019671903, 46.927683334507201 ], [ 27.814837518252883, 46.927820383436341 ], [ 27.814725067854383, 46.927933849031582 ], [ 27.814508085563272, 46.928049847089547 ], [ 27.814350957536458, 46.928204651973942 ], [ 27.814339818272305, 46.928316892743013 ], [ 27.814475302288052, 46.928592879528026 ], [ 27.81461078902683, 46.928868866082837 ], [ 27.814885130320679, 46.929123849829153 ], [ 27.815148961299407, 46.92927246218575 ], [ 27.815199717717931, 46.929381121004489 ], [ 27.81520220355463, 46.929495195510832 ], [ 27.81512443306838, 46.92959607774656 ], [ 27.814921208145527, 46.92985969439053 ], [ 27.814677232347975, 46.930012429186021 ], [ 27.814415953137257, 46.930151083967878 ], [ 27.814321950449145, 46.930279545562485 ], [ 27.814368930597421, 46.930436736981456 ], [ 27.814574483607359, 46.930577657739569 ], [ 27.814919356490563, 46.930644723913957 ], [ 27.815101215132451, 46.930753511442212 ], [ 27.815139042910463, 46.930849682394516 ], [ 27.815121638421896, 46.930991733109046 ], [ 27.815021514276765, 46.931116698762516 ], [ 27.814749245418597, 46.931171922842225 ], [ 27.814516432338653, 46.93128328411877 ], [ 27.814348596186129, 46.931391171790594 ], [ 27.814114852699795, 46.931625846679545 ], [ 27.813980494925556, 46.931795191744733 ], [ 27.813970797273857, 46.931891042260808 ], [ 27.813747809367623, 46.932058940769387 ], [ 27.813475177318171, 46.932101911635094 ], [ 27.813196764295459, 46.932120655243104 ], [ 27.812899061172473, 46.93203544923982 ], [ 27.81271274510857, 46.931982122714373 ], [ 27.812467368220034, 46.931962902951632 ], [ 27.812268811057585, 46.931998472556145 ], [ 27.812109381119644, 46.932027031517855 ], [ 27.811832965226571, 46.932076546493221 ], [ 27.811523019891471, 46.932187266809194 ], [ 27.811400686844742, 46.932446896499393 ], [ 27.811368863201995, 46.932584172454035 ], [ 27.811465669355883, 46.9326396852938 ], [ 27.811625143716391, 46.932731135486542 ], [ 27.811698501996741, 46.932820964610009 ], [ 27.811771859210896, 46.932910793713546 ], [ 27.811883916946282, 46.933101805314976 ], [ 27.811880451704887, 46.933243505523123 ], [ 27.811807080003025, 46.933413805135558 ], [ 27.811754677774712, 46.933587699211998 ], [ 27.811713592475552, 46.93372403373732 ], [ 27.811790909702356, 46.933852773353365 ], [ 27.811781124690121, 46.933963937472001 ], [ 27.811863212106825, 46.934060066071218 ], [ 27.81188947072004, 46.934246833672091 ], [ 27.811867148602584, 46.934357190183796 ], [ 27.810350423802884, 46.934413504588683 ], [ 27.809338220608055, 46.934418861145915 ], [ 27.809442817529114, 46.933956174345973 ], [ 27.809442480632804, 46.933501083917875 ], [ 27.80937133711484, 46.9330732875774 ], [ 27.809333937742061, 46.932848397600516 ], [ 27.809296591721921, 46.932414942044993 ], [ 27.80929979198978, 46.932162480406369 ], [ 27.809214514168719, 46.931973043308226 ], [ 27.809062460314397, 46.93163526511092 ], [ 27.808744374984109, 46.931052442100103 ], [ 27.808564290564441, 46.930829270337675 ], [ 27.808454411533944, 46.930409127995837 ], [ 27.808382563536039, 46.930258133568742 ], [ 27.808362747469907, 46.930091789532909 ], [ 27.808395886047176, 46.929922238796991 ], [ 27.808389036473471, 46.92959201480128 ], [ 27.808259060006794, 46.929350213379365 ], [ 27.808040349028239, 46.928968851632497 ], [ 27.807917279078655, 46.92869521406319 ], [ 27.807926481230556, 46.928549256693493 ], [ 27.808051975336834, 46.928327601223273 ], [ 27.808257180052301, 46.928026490510938 ], [ 27.807643780036646, 46.928004994480723 ], [ 27.806441153562002, 46.927962839816033 ], [ 27.805426596452389, 46.927927267124616 ], [ 27.804374050225764, 46.927869797023455 ], [ 27.803523630299086, 46.927860274882704 ], [ 27.802646468211226, 46.927820236514584 ], [ 27.801534070052664, 46.927769451270009 ], [ 27.800817265659475, 46.927736720559579 ], [ 27.800537014805673, 46.927738904031486 ], [ 27.800182726643285, 46.927777092989857 ], [ 27.799953032161646, 46.927899982471665 ], [ 27.799647148464871, 46.9279860292771 ], [ 27.79918281453357, 46.928035652028825 ], [ 27.798896970520325, 46.928130798077845 ], [ 27.798615719975405, 46.928266467949335 ], [ 27.798156555896608, 46.928280967136075 ], [ 27.797813491174029, 46.928175197249047 ], [ 27.797627006440703, 46.927975024296892 ], [ 27.797443585707008, 46.927847643640852 ], [ 27.797059914910147, 46.927672867042403 ], [ 27.796521835957741, 46.927593876400145 ], [ 27.796089469191596, 46.927504649237008 ], [ 27.795828202849197, 46.927480303155164 ], [ 27.795525304688997, 46.927570101500123 ], [ 27.79532107006062, 46.927689145983621 ], [ 27.79505803451185, 46.92784246458524 ], [ 27.794680232038914, 46.927948207198284 ], [ 27.794213054493756, 46.928105261630613 ], [ 27.793866437592971, 46.928268980851726 ], [ 27.793466937901407, 46.928491505525045 ], [ 27.793229860662173, 46.928773374473259 ], [ 27.793069337875192, 46.929130089438573 ], [ 27.792950932979188, 46.929393205359474 ], [ 27.792835593148656, 46.929554492744323 ], [ 27.79254562759952, 46.929678485704976 ], [ 27.792238407938676, 46.930009988656778 ], [ 27.791905362261289, 46.930328693380659 ], [ 27.791576467231405, 46.930511151668703 ], [ 27.791333812993482, 46.930739459970887 ], [ 27.791228832681767, 46.930872393196921 ], [ 27.791532244104697, 46.931008863305159 ], [ 27.791711133983966, 46.931062058842834 ], [ 27.791565370632718, 46.931292082654146 ], [ 27.79178144453553, 46.931422291875137 ], [ 27.791972842384766, 46.931392729748758 ], [ 27.792090907042819, 46.931374494629644 ], [ 27.792263829715296, 46.931450880125809 ], [ 27.792198636451193, 46.931596274309307 ], [ 27.791830239937493, 46.931988700328112 ], [ 27.791750245161829, 46.932009812408126 ], [ 27.791205339967387, 46.931744960579572 ], [ 27.79100165655656, 46.931807416766667 ], [ 27.790796653914249, 46.932115348960899 ], [ 27.790585202148019, 46.932352487994713 ], [ 27.790535967562899, 46.932482153533023 ], [ 27.790632539990586, 46.932619797137313 ], [ 27.790925310612053, 46.932712422785364 ], [ 27.791097382546653, 46.932850155726278 ], [ 27.791336156150766, 46.932993584569346 ], [ 27.791444421296543, 46.933086840879128 ], [ 27.791416442217436, 46.933194899856723 ], [ 27.791266281742704, 46.933319338898968 ], [ 27.791185611927681, 46.933490035167978 ], [ 27.791174138068829, 46.933701241342888 ], [ 27.791159618355341, 46.933968530006965 ], [ 27.791190709036357, 46.93407667654855 ], [ 27.79108631485175, 46.934221100829042 ], [ 27.791051017318949, 46.934404120459597 ], [ 27.791091516516758, 46.934592976259196 ], [ 27.791081971897412, 46.934733186893617 ], [ 27.791067115960274, 46.934951432722194 ], [ 27.791000324204902, 46.93526440224354 ], [ 27.790921132568755, 46.935463824578868 ], [ 27.790952661733822, 46.935641391869368 ], [ 27.790851325084596, 46.935845185866334 ], [ 27.790854927096415, 46.936023429019336 ], [ 27.790742517763004, 46.936229407847975 ], [ 27.790774540776287, 46.936416550882221 ], [ 27.790797614423674, 46.93655139283927 ], [ 27.790732461155184, 46.936793405146695 ], [ 27.790634903342383, 46.937016281870726 ], [ 27.790523110713369, 46.937180059822715 ], [ 27.790461093950313, 46.937333045543241 ], [ 27.790520802037406, 46.937406384353629 ], [ 27.790467572441987, 46.937512866907639 ], [ 27.79014672247634, 46.937472691678437 ], [ 27.789941451137352, 46.937419584594288 ], [ 27.789737249692216, 46.93739493981932 ], [ 27.789465238040613, 46.937449731690315 ], [ 27.78918249039446, 46.937544228598107 ], [ 27.788975072521275, 46.93767415846412 ], [ 27.788854805758785, 46.937789927618105 ], [ 27.788855062824414, 46.937949897872457 ], [ 27.788928562667891, 46.938104810075686 ], [ 27.788899149626015, 46.938216190548836 ], [ 27.788784161688355, 46.938372373242643 ], [ 27.788759746344624, 46.938518695830048 ], [ 27.788719942568196, 46.938689771465768 ], [ 27.788738978534088, 46.939128835888802 ], [ 27.78875264910641, 46.939444103018275 ], [ 27.788826977242945, 46.940252742654145 ], [ 27.78948819052918, 46.940656690056379 ], [ 27.79026128459385, 46.941128973620685 ], [ 27.790772541193004, 46.94144129328842 ], [ 27.790876930829864, 46.94147745263902 ], [ 27.790739669232853, 46.941604591405586 ], [ 27.790572827584345, 46.9418398280433 ], [ 27.790426829302767, 46.942107431590792 ], [ 27.790411192976887, 46.942130003854153 ], [ 27.790264822327018, 46.942341298834599 ], [ 27.78989044850368, 46.942881719551785 ], [ 27.789412465898401, 46.943571683608241 ], [ 27.788893970572683, 46.94442122961695 ], [ 27.788378616564, 46.945104824939499 ], [ 27.788220093048714, 46.94544757975212 ], [ 27.787998295546508, 46.945607302616672 ], [ 27.78773131198778, 46.946029858495834 ], [ 27.7876255157835, 46.946351204913547 ], [ 27.787629752142575, 46.94644885823687 ], [ 27.787594999485165, 46.94643957506112 ], [ 27.787560246793166, 46.94643029097584 ], [ 27.787535559619638, 46.946449441960439 ], [ 27.787510872428669, 46.946468592939823 ], [ 27.787466053980953, 46.946491128448855 ], [ 27.787411900314925, 46.946499756927629 ], [ 27.787383547350167, 46.946479294973791 ], [ 27.787170955933586, 46.946417644040686 ], [ 27.786999659761197, 46.94637869621765 ], [ 27.786852537729807, 46.946345244382407 ], [ 27.78678100244101, 46.946287192509182 ], [ 27.786646856255555, 46.946228112710877 ], [ 27.786524029048312, 46.946215657144073 ], [ 27.786361043368039, 46.946199128979536 ], [ 27.786211249584408, 46.946152137454419 ], [ 27.786180535448693, 46.946122358800949 ], [ 27.786127318861727, 46.946123356381527 ], [ 27.786060346894324, 46.94614803570019 ], [ 27.785984956351648, 46.9461411818057 ], [ 27.785905560298062, 46.946109911446094 ], [ 27.78584560255177, 46.946086297562438 ], [ 27.785776548207004, 46.946083610460207 ], [ 27.785715405371921, 46.9461057538918 ], [ 27.785613783437462, 46.946142555807576 ], [ 27.785500576959198, 46.946156240245919 ], [ 27.785421836091821, 46.946153025481102 ], [ 27.785353214663079, 46.946126385998852 ], [ 27.785276001060119, 46.946115338493144 ], [ 27.785190347167447, 46.946084243972386 ], [ 27.78509753947797, 46.946065053577506 ], [ 27.784901746673011, 46.946024568429863 ], [ 27.784749100448291, 46.945969283848669 ], [ 27.784635608635579, 46.945928179933247 ], [ 27.784510039096901, 46.945909861979494 ], [ 27.784337759493443, 46.945831467405519 ], [ 27.784236352336478, 46.945798332411051 ], [ 27.784099288829175, 46.94579879448559 ], [ 27.783915739356075, 46.945765995086127 ], [ 27.783676353053686, 46.94599938097106 ], [ 27.783347300368824, 46.946174208537741 ], [ 27.783172563118011, 46.946310440169363 ], [ 27.782924960489137, 46.946443447368779 ], [ 27.782773045147298, 46.946565504462427 ], [ 27.782707528994116, 46.946585823103462 ], [ 27.782626789620856, 46.946646437245491 ], [ 27.782563914003923, 46.94671627368416 ], [ 27.782527077308671, 46.946784669181952 ], [ 27.782507710397137, 46.946871308178387 ], [ 27.782470876151265, 46.946938119603743 ], [ 27.782407911559236, 46.946995046773104 ], [ 27.782305873357586, 46.947065015140133 ], [ 27.782233073118526, 46.947136535287598 ], [ 27.782162984822168, 46.947237864370997 ], [ 27.782130945466285, 46.947284184139875 ], [ 27.782127008084831, 46.947346092512646 ], [ 27.78214670759818, 46.947452164913081 ], [ 27.782149867841689, 46.947536675521057 ], [ 27.782123436910751, 46.947603809153165 ], [ 27.782080565538575, 46.947676881513274 ], [ 27.78201578850706, 46.94776832462626 ], [ 27.78193665958819, 46.947859174278591 ], [ 27.781823329789663, 46.947989291118894 ], [ 27.78153537717413, 46.948319892657565 ], [ 27.781392319071248, 46.948484136441607 ], [ 27.78127749393693, 46.94858821413365 ], [ 27.781244498628933, 46.948618120086842 ], [ 27.780347166135169, 46.948338494005263 ], [ 27.7794046279976, 46.948044770245033 ], [ 27.777940864084762, 46.947890038723621 ], [ 27.776477108078801, 46.947735287631055 ], [ 27.774679328046012, 46.947444569949653 ], [ 27.772881566722926, 46.947153824014265 ], [ 27.770867501036019, 46.947190082340022 ], [ 27.770643877594836, 46.947168371125841 ], [ 27.77058895263114, 46.943342781854476 ], [ 27.770499354473671, 46.942442646515509 ], [ 27.770503082170443, 46.942061274964956 ], [ 27.770395513920207, 46.941649232212157 ], [ 27.770255858291588, 46.941180716031127 ], [ 27.76988930600071, 46.940264106791716 ], [ 27.769532679756004, 46.939256714075519 ], [ 27.769336863042476, 46.938650677202354 ], [ 27.769294239279258, 46.93840472267194 ], [ 27.769404735236684, 46.937324631698523 ], [ 27.769389919241725, 46.93698728181959 ], [ 27.769309298821419, 46.936536941968427 ], [ 27.769363288726328, 46.9360065838084 ], [ 27.769399209990898, 46.934902082183719 ], [ 27.769472351308465, 46.93469726077069 ], [ 27.76960448703878, 46.934405105343366 ], [ 27.769657689967822, 46.934129234620265 ], [ 27.769613341683932, 46.933907575283236 ], [ 27.76958537805702, 46.933792317624658 ], [ 27.76959010386253, 46.933693076872309 ], [ 27.769755656583929, 46.933479084139975 ], [ 27.769976103922858, 46.933188167564879 ], [ 27.770019058700495, 46.933069527083923 ], [ 27.770017642681527, 46.932706653266578 ], [ 27.770039120581629, 46.932551564931472 ], [ 27.770202561508246, 46.932152808949475 ], [ 27.770439152128194, 46.931794298082515 ], [ 27.770960088051897, 46.931148372529506 ], [ 27.771764147596588, 46.930191535081256 ], [ 27.772217184199114, 46.929677912908808 ], [ 27.772576503783636, 46.929038337557301 ], [ 27.772817690190227, 46.928638547415993 ], [ 27.773490520248206, 46.927872607476644 ], [ 27.774129590919735, 46.927201562039379 ], [ 27.775326743444658, 46.926288584946683 ], [ 27.77578550982194, 46.925984153520147 ], [ 27.776019465144113, 46.925778584896719 ], [ 27.776335853443982, 46.925424019821257 ], [ 27.776621796067925, 46.925061366032544 ], [ 27.776737663620629, 46.924811596355276 ], [ 27.776699473115958, 46.924736069201259 ], [ 27.776627811087181, 46.924426129681883 ], [ 27.776622498579233, 46.923988162315197 ], [ 27.776640651226732, 46.923673119647461 ], [ 27.776822193855818, 46.923004568968345 ], [ 27.776861711460551, 46.922387019443676 ], [ 27.776946152805827, 46.921739812862143 ], [ 27.777076670709363, 46.921083096621281 ], [ 27.777195006646817, 46.920571164026043 ], [ 27.777161771637779, 46.919737604775314 ], [ 27.777134234844539, 46.919409542832497 ], [ 27.777177534930701, 46.919227474680618 ], [ 27.777263589869644, 46.918850730709387 ], [ 27.777217196329211, 46.918042021125139 ], [ 27.777467235219806, 46.917231210869517 ], [ 27.777797473127151, 46.916299958113015 ], [ 27.777994956691565, 46.915372248313815 ], [ 27.778800582499283, 46.913903712046405 ], [ 27.779431682947042, 46.912747683244135 ], [ 27.779860303556813, 46.911908198228211 ], [ 27.780304552421438, 46.910913972044128 ], [ 27.781124269676063, 46.90942407445079 ], [ 27.781702401859896, 46.908407499283328 ], [ 27.782662134774874, 46.907746187397784 ], [ 27.783783037329584, 46.906999797689316 ], [ 27.784060613163255, 46.906703968042727 ], [ 27.784204067700909, 46.906135390110144 ], [ 27.78426407914494, 46.90431178873898 ], [ 27.783923848246101, 46.902951858985723 ], [ 27.783750040350153, 46.901955295629477 ], [ 27.783566936274209, 46.900855678673068 ], [ 27.783315802805198, 46.900214454645052 ], [ 27.78295397822254, 46.8990591235643 ], [ 27.782510811553379, 46.897981645951916 ], [ 27.7826918530528, 46.897392067482983 ], [ 27.782928573869953, 46.896884553515036 ], [ 27.783657387690642, 46.89489130303533 ], [ 27.783953992109375, 46.893832659783946 ], [ 27.784301272619274, 46.892655430011565 ], [ 27.784613698043113, 46.892046766678057 ], [ 27.785117863599972, 46.891429239534595 ], [ 27.785751010459368, 46.890547589839834 ], [ 27.786369549189295, 46.889788150722822 ], [ 27.786997949929759, 46.889200326501054 ], [ 27.788114748728415, 46.88831972113239 ], [ 27.789685781395246, 46.887379877896613 ], [ 27.789947206691394, 46.887136233377142 ], [ 27.790171562289558, 46.886831733946082 ], [ 27.790367651266994, 46.886453991321289 ], [ 27.790535102556191, 46.88596465967322 ], [ 27.790634441331626, 46.884928666584813 ], [ 27.790858317699456, 46.882928634260146 ], [ 27.790772675812388, 46.880733025071507 ], [ 27.790885241893342, 46.879545836713625 ], [ 27.79094194831907, 46.878134050923364 ], [ 27.791304307918093, 46.876911397448247 ], [ 27.791540605052113, 46.875841289185686 ], [ 27.791700393699145, 46.874312862475335 ], [ 27.787352075216386, 46.873220154185283 ], [ 27.786569432485422, 46.874292440032825 ], [ 27.786347899134487, 46.874359541813959 ], [ 27.786003588883155, 46.875247746850228 ], [ 27.785966357744194, 46.876565895819404 ], [ 27.786000679690467, 46.876959983232581 ], [ 27.786135112811191, 46.878407764278322 ], [ 27.78603248770149, 46.879912729972929 ], [ 27.785934735922602, 46.88269784028784 ], [ 27.784604843456748, 46.882215429553838 ], [ 27.783427134328292, 46.881526904177093 ], [ 27.783151092977807, 46.881365518215226 ], [ 27.782993948022167, 46.879583678593136 ], [ 27.782988735869427, 46.879437568618087 ], [ 27.782974457528788, 46.879037256595915 ], [ 27.7829243778814, 46.878729736304656 ], [ 27.782845427886002, 46.878611091334896 ], [ 27.782663354678306, 46.8784037864963 ], [ 27.782554291359656, 46.878282928047199 ], [ 27.782526707006646, 46.878163042714199 ], [ 27.782412891500076, 46.878116540917915 ], [ 27.779811432988918, 46.87755156575335 ], [ 27.779302973490005, 46.877435191547946 ], [ 27.779322036196412, 46.878391793034737 ], [ 27.779414693596241, 46.87957554737519 ], [ 27.776634214494081, 46.878770565028155 ], [ 27.776591329546381, 46.878716258298496 ], [ 27.773720279322973, 46.876546737002585 ], [ 27.77345083801815, 46.87666734094757 ], [ 27.769602212787404, 46.876337017933416 ], [ 27.769581791917155, 46.87629382396576 ], [ 27.768542769588116, 46.87626246909857 ], [ 27.768370175324012, 46.877482146053318 ], [ 27.76853976689047, 46.877629768051214 ], [ 27.768716046983361, 46.877770125347745 ], [ 27.768714401929561, 46.877845771993066 ], [ 27.768652667371633, 46.877979567276682 ], [ 27.768488343374536, 46.878286362514835 ], [ 27.768352860981782, 46.878486615474579 ], [ 27.768357361673296, 46.878574715505493 ], [ 27.76832701800349, 46.878651891163415 ], [ 27.768381755500954, 46.878800530561669 ], [ 27.768432581082315, 46.879040411455094 ], [ 27.768573670022427, 46.879369273431109 ], [ 27.768615186304157, 46.87959467709284 ], [ 27.768632220180582, 46.879844190590241 ], [ 27.768695290062301, 46.880072016768892 ], [ 27.768786674840818, 46.880266819063245 ], [ 27.768810549992335, 46.880398558553146 ], [ 27.76871718944626, 46.880668365960474 ], [ 27.768696539231538, 46.880859919548918 ], [ 27.768612500461817, 46.881132443216025 ], [ 27.768650186729356, 46.881288841488256 ], [ 27.768616886658606, 46.881895337438664 ], [ 27.768516698790503, 46.882136430841797 ], [ 27.76840574976789, 46.882409600608113 ], [ 27.768474357755952, 46.882649894759965 ], [ 27.76856332272229, 46.882899150865299 ], [ 27.764575031103675, 46.881542023862529 ], [ 27.764326173235922, 46.881956689933141 ], [ 27.764196343564983, 46.882100201307175 ], [ 27.763581550855896, 46.882387128949119 ], [ 27.763361112732564, 46.882578911126991 ], [ 27.763206956695139, 46.88283378914096 ], [ 27.763040341301359, 46.883096526554915 ], [ 27.762572575513673, 46.883757537923259 ], [ 27.76231228383983, 46.884116607867654 ], [ 27.762181396286188, 46.884238051430799 ], [ 27.762050506791855, 46.884359493979787 ], [ 27.761581152603952, 46.884713490853386 ], [ 27.761389548962804, 46.884959625136581 ], [ 27.761345065747417, 46.88501742454654 ], [ 27.761333814134804, 46.88503204470603 ], [ 27.761271207995978, 46.885113392220561 ], [ 27.761202363300633, 46.885137034046842 ], [ 27.761202165490509, 46.885137016285462 ], [ 27.761125997958679, 46.885130278279959 ], [ 27.760804885161708, 46.885442244310497 ], [ 27.760841084573638, 46.885571002410039 ], [ 27.760262452829323, 46.886283938588427 ], [ 27.759926248996891, 46.886624584678302 ], [ 27.759578137342523, 46.887040337639483 ], [ 27.75947672627327, 46.887183144768002 ], [ 27.759051652811017, 46.887041261021785 ], [ 27.758952718104119, 46.887134121104559 ], [ 27.75858749844145, 46.88747691015331 ], [ 27.758420384486822, 46.887651201289891 ], [ 27.75827266414047, 46.887870097618517 ], [ 27.75807811944815, 46.887790014752049 ], [ 27.757795791373727, 46.888112376517526 ], [ 27.757167586982565, 46.888829644400303 ], [ 27.757114283900133, 46.888887065279796 ], [ 27.756131068798307, 46.889946218397846 ], [ 27.755639693981266, 46.890475525382982 ], [ 27.755334801554959, 46.890803947741503 ], [ 27.754554310584776, 46.891604427339672 ], [ 27.754782338064469, 46.891708915172117 ], [ 27.75421254133316, 46.892293288729356 ], [ 27.754124075042714, 46.892252751343953 ], [ 27.754067334318346, 46.892226751444106 ], [ 27.753350722642921, 46.892961672330664 ], [ 27.753265370070558, 46.89305560757893 ], [ 27.752931184482698, 46.893423393913629 ], [ 27.752761115315945, 46.893610561765946 ], [ 27.752591043626317, 46.893797728501788 ], [ 27.753553333342307, 46.894208613457629 ], [ 27.753455597789305, 46.894316174519382 ], [ 27.753103175579064, 46.89470402578074 ], [ 27.752633424227529, 46.895103450860773 ], [ 27.752264106804706, 46.895487660856411 ], [ 27.751720946620711, 46.896052712266567 ], [ 27.750519672705249, 46.897269050735147 ], [ 27.749815581494421, 46.898010993200877 ], [ 27.749402490585169, 46.89844627914465 ], [ 27.749125290053925, 46.898778242855343 ], [ 27.74888901030841, 46.8990611979508 ], [ 27.748809483359818, 46.899106385194685 ], [ 27.748557346689896, 46.899249646190732 ], [ 27.748190846090033, 46.899110967662068 ], [ 27.748148994614009, 46.898999415015332 ], [ 27.747845164744877, 46.898881745858056 ], [ 27.747380528260411, 46.899445395731426 ], [ 27.74651613224561, 46.900439721187304 ], [ 27.74625735630315, 46.90070797215752 ], [ 27.745865086360215, 46.901103694781881 ], [ 27.74559704536772, 46.901356220441748 ], [ 27.745408824525864, 46.901533544173049 ], [ 27.745259377252875, 46.901703285153175 ], [ 27.745134019925217, 46.901881951763258 ], [ 27.745032272677726, 46.902026965792345 ], [ 27.744941622850281, 46.902107593310269 ], [ 27.744673271427025, 46.90234627124633 ], [ 27.744569294289672, 46.902438750124254 ], [ 27.744470561247084, 46.902596729210387 ], [ 27.744389326843358, 46.902726708494086 ], [ 27.744199027488129, 46.902993346727413 ], [ 27.744044984669948, 46.903187659087493 ], [ 27.743878677042893, 46.90343983598131 ], [ 27.743667959720263, 46.903828000744895 ], [ 27.743604767378621, 46.903980978723673 ], [ 27.743574969403582, 46.904053112564192 ], [ 27.743514421335306, 46.904100080759392 ], [ 27.743458117287098, 46.904163456575731 ], [ 27.743409541590179, 46.904255667064191 ], [ 27.743363293316857, 46.904393822802852 ], [ 27.743302035881413, 46.904514699325979 ], [ 27.743192844629029, 46.90465257434834 ], [ 27.74309964150471, 46.904747743770017 ], [ 27.743016576541439, 46.904872093692937 ], [ 27.74277502996712, 46.905395463960325 ], [ 27.742360749898854, 46.906376731646766 ], [ 27.741957669804144, 46.907174120067928 ], [ 27.741498614332503, 46.907957168878745 ], [ 27.741017362988398, 46.908630159855946 ], [ 27.740666699883374, 46.909239317102006 ], [ 27.740316027755664, 46.909848474182127 ], [ 27.740201442532609, 46.910032552065957 ], [ 27.740114111319098, 46.910277324836258 ], [ 27.740060576535523, 46.910526623172871 ], [ 27.739964067575677, 46.910976046807221 ], [ 27.73986419242318, 46.911180349435931 ], [ 27.739714419243644, 46.911615461404423 ], [ 27.739696103261998, 46.911935159784534 ], [ 27.739666082364909, 46.912459166775953 ], [ 27.739638949460709, 46.912763658568089 ], [ 27.739620421723156, 46.912971578077574 ], [ 27.739552500567001, 46.913250952661087 ], [ 27.739407960574056, 46.913747385691543 ], [ 27.739334086104062, 46.914001107681322 ], [ 27.739323159626604, 46.91414230720887 ], [ 27.739349320430609, 46.914282563473492 ], [ 27.739543902793002, 46.914653555278413 ], [ 27.739669786177661, 46.915006390116297 ], [ 27.739702491712865, 46.915278564820859 ], [ 27.739686052160351, 46.915665281255237 ], [ 27.739644119904522, 46.915990411142559 ], [ 27.739572773293361, 46.9163558116839 ], [ 27.739484369670357, 46.91671945651585 ], [ 27.737155656743631, 46.916136817086276 ], [ 27.73695448210071, 46.91654747410746 ], [ 27.732969400764187, 46.922267356847797 ], [ 27.732344899556328, 46.922090769548284 ], [ 27.730987177724696, 46.921706836939798 ], [ 27.730388329787147, 46.921522288566592 ], [ 27.729813950198345, 46.921360483783459 ], [ 27.729200168271944, 46.921187575945844 ], [ 27.728588841588977, 46.921040180884631 ], [ 27.728076694713824, 46.920925811989889 ], [ 27.72749731601305, 46.920766896849599 ], [ 27.727329706218626, 46.920707788419847 ], [ 27.727239847789935, 46.920654949672034 ], [ 27.726774740342897, 46.920530669560051 ], [ 27.726034544150831, 46.920332876237083 ], [ 27.725630972674356, 46.920230172837755 ], [ 27.724701243878705, 46.919993561701389 ], [ 27.724177140357689, 46.920960312363995 ], [ 27.723129098693459, 46.922463308024838 ], [ 27.722419394978349, 46.923610760565872 ], [ 27.722238329213923, 46.923917484249706 ], [ 27.722211036265499, 46.924195569496241 ], [ 27.722072180017719, 46.924299058403491 ], [ 27.721869153612769, 46.924646135034145 ], [ 27.721754137129381, 46.924817074610289 ], [ 27.721597216818278, 46.925050289505364 ], [ 27.721358289037891, 46.925308724937565 ], [ 27.721150135886145, 46.925579367308046 ], [ 27.720813514893592, 46.925992262194754 ], [ 27.720545556071411, 46.926369447276706 ], [ 27.720142640945735, 46.926936586684398 ], [ 27.719878981784849, 46.927307704355869 ], [ 27.719504576940608, 46.927664163337404 ], [ 27.719041697429908, 46.928023638703522 ], [ 27.718735926533324, 46.928305338391532 ], [ 27.718606355284134, 46.928445609464468 ], [ 27.7185143049673, 46.928570395374848 ], [ 27.718168018452342, 46.929039831496652 ], [ 27.717846307904217, 46.929475942159776 ], [ 27.717030166531984, 46.93036757031944 ], [ 27.716427622458944, 46.930904286548909 ], [ 27.715918234125731, 46.931421318778646 ], [ 27.715456642198376, 46.931919133407391 ], [ 27.715127421465805, 46.932298446181171 ], [ 27.715097419926018, 46.932295770407592 ], [ 27.714957555677401, 46.932283294695978 ], [ 27.714817690222404, 46.932270819743842 ], [ 27.714617611098788, 46.932240673417617 ], [ 27.714120045152303, 46.93214389204401 ], [ 27.713360469211771, 46.931980661255928 ], [ 27.712478835162226, 46.93179119291726 ], [ 27.711645110007058, 46.931601665047374 ], [ 27.711143435026816, 46.931437716343027 ], [ 27.710887771027927, 46.931315273962007 ], [ 27.710543352804386, 46.931167515436506 ], [ 27.710506847948356, 46.931207444433312 ], [ 27.710250143005403, 46.931488229150375 ], [ 27.710196618959099, 46.931570555724164 ], [ 27.709891933251708, 46.932039192881454 ], [ 27.709351484783554, 46.932997243871263 ], [ 27.707388723920044, 46.936113239849803 ], [ 27.706436405774127, 46.93762496069143 ], [ 27.706173010987662, 46.938095521534684 ], [ 27.705850095087879, 46.938672408629863 ], [ 27.705755400600729, 46.938884309451225 ], [ 27.705381436013312, 46.940087298805267 ], [ 27.703520773221275, 46.939536464249436 ], [ 27.702328394575307, 46.939234883300614 ], [ 27.700015176408815, 46.938649769036857 ], [ 27.699310194462264, 46.938493446118443 ], [ 27.699208092626723, 46.938620246159346 ], [ 27.699168758316095, 46.938608649859063 ], [ 27.69861755902587, 46.938446135112045 ], [ 27.698485226833501, 46.938439273296453 ], [ 27.698331589780143, 46.938417971062997 ], [ 27.698106538420426, 46.938451867409739 ], [ 27.697569077272259, 46.938558281775862 ], [ 27.697422147444005, 46.938529665719756 ], [ 27.69732929132811, 46.938446589784562 ], [ 27.697132498599956, 46.938338859719387 ], [ 27.696899182038397, 46.938273774814697 ], [ 27.696411695669127, 46.938273193915109 ], [ 27.696091126199448, 46.938252431037398 ], [ 27.69589341391789, 46.938239624859349 ], [ 27.695787912308305, 46.938163666045 ], [ 27.695560670788677, 46.937940963722191 ], [ 27.695368062063793, 46.937647740151121 ], [ 27.695233840197488, 46.937505644912406 ], [ 27.694944363945854, 46.937394771831038 ], [ 27.694447345361574, 46.93730762781226 ], [ 27.693667936566374, 46.937145384110636 ], [ 27.693561600936818, 46.937521277465819 ], [ 27.693447315946102, 46.937766709285391 ], [ 27.69332875779099, 46.938124205143261 ], [ 27.693281736168309, 46.938365536918184 ], [ 27.692958232381219, 46.93905669418919 ], [ 27.692939093998532, 46.939318591596972 ], [ 27.692851238753153, 46.939593032707307 ], [ 27.692687122970288, 46.940105688945749 ], [ 27.692578458346382, 46.940308750665473 ], [ 27.692415049460955, 46.940796546890518 ], [ 27.692281953644876, 46.941193848115248 ], [ 27.692024767826851, 46.941808876243826 ], [ 27.691875308883148, 46.942068130741369 ], [ 27.691703057164251, 46.942287818535235 ], [ 27.691517121349868, 46.942576824729628 ], [ 27.691370931172642, 46.942751237061081 ], [ 27.691258990796182, 46.942850458897304 ], [ 27.691147049966006, 46.942949679727192 ], [ 27.690949973651961, 46.943154102339449 ], [ 27.690832420439573, 46.943308932772936 ], [ 27.6906932234739, 46.94352458166145 ], [ 27.690445641075051, 46.943908141798865 ], [ 27.690192544740736, 46.944271267298376 ], [ 27.689905253240909, 46.944683447232485 ], [ 27.689638978549709, 46.945032227100008 ], [ 27.689453430032504, 46.945256343062532 ], [ 27.689205163603219, 46.945520949345834 ], [ 27.689029722055249, 46.945707936242606 ], [ 27.688872457182175, 46.945854299938212 ], [ 27.688755343319535, 46.94597817481808 ], [ 27.688526371468445, 46.946254205755316 ], [ 27.688351098887487, 46.946484190138563 ], [ 27.688217890932837, 46.946658976682613 ], [ 27.68806602148474, 46.946904118748591 ], [ 27.687963912298628, 46.947076960697565 ], [ 27.6878927581824, 46.947165678787393 ], [ 27.687821602522323, 46.94725439686394 ], [ 27.68777335932047, 46.947314548576749 ], [ 27.687721736784784, 46.947433220604204 ], [ 27.687666580317217, 46.947560015314416 ], [ 27.687661789261298, 46.947627019294082 ], [ 27.687639390785574, 46.947703019310424 ], [ 27.687577287528505, 46.947913748068423 ], [ 27.687527790412943, 46.948081696193057 ], [ 27.687513486581107, 46.948231454769775 ], [ 27.687520847810404, 46.948446286880895 ], [ 27.687531811330004, 46.948596104669647 ], [ 27.687536468330709, 46.948804462362681 ], [ 27.687532963273384, 46.949012831131128 ], [ 27.687539471562424, 46.949134926436109 ], [ 27.687554609711018, 46.949208393099518 ], [ 27.687583653587602, 46.94927987169018 ], [ 27.687638972383834, 46.949343666937814 ], [ 27.687658416104465, 46.949416656169632 ], [ 27.687578851806276, 46.9495913166596 ], [ 27.687398145148496, 46.949987999973672 ], [ 27.687176927662058, 46.950405975110215 ], [ 27.687073818261638, 46.950619289438151 ], [ 27.686928518845967, 46.950880702741841 ], [ 27.686859493604278, 46.951016717965608 ], [ 27.686822539255541, 46.951105777893417 ], [ 27.686792919746988, 46.951177164285284 ], [ 27.686723710405328, 46.951268214774913 ], [ 27.686628880401301, 46.951371043243753 ], [ 27.686484289544385, 46.951515300782972 ], [ 27.686334957631892, 46.95163220499149 ], [ 27.68616324332416, 46.951778072062829 ], [ 27.68602774685986, 46.951910138561182 ], [ 27.685917220452296, 46.951963796555432 ], [ 27.685841733317499, 46.952000442645307 ], [ 27.685727862860709, 46.952079559328297 ], [ 27.685633909270763, 46.952144838575798 ], [ 27.685553276668749, 46.952210953256703 ], [ 27.685469893832689, 46.95228804226727 ], [ 27.685433197755259, 46.952329083065862 ], [ 27.685417539605389, 46.952370888616485 ], [ 27.685375666489666, 46.95248268600858 ], [ 27.685361652574716, 46.952555119805631 ], [ 27.685325066939363, 46.95265170154596 ], [ 27.6852775502676, 46.952725973659355 ], [ 27.685078098280865, 46.953037733003015 ], [ 27.684966937203022, 46.953198386211646 ], [ 27.68489491338638, 46.953320275512169 ], [ 27.68480291288936, 46.953510713472944 ], [ 27.684714759553589, 46.953663013711164 ], [ 27.684642168841879, 46.953782190903105 ], [ 27.684489720043413, 46.953960133601399 ], [ 27.684205125606184, 46.954263228744722 ], [ 27.68390920780508, 46.95460256112532 ], [ 27.68366439745704, 46.954871053083963 ], [ 27.683433706740328, 46.955124056889836 ], [ 27.683312265397031, 46.95525081515742 ], [ 27.683208832014142, 46.955347192571381 ], [ 27.68309150335288, 46.955435796065792 ], [ 27.682914961255019, 46.955545910841934 ], [ 27.682688893688017, 46.95566847899525 ], [ 27.682419216585952, 46.955826985071383 ], [ 27.682218345191121, 46.955949954495736 ], [ 27.682071961397945, 46.956024694397733 ], [ 27.68194605423556, 46.956070440663709 ], [ 27.681846874282712, 46.95609258105663 ], [ 27.681681769730755, 46.956117062191439 ], [ 27.681389670386043, 46.956142283125295 ], [ 27.681224390940717, 46.956170189351276 ], [ 27.681100680487344, 46.956199605863382 ], [ 27.680912324802605, 46.956254337019175 ], [ 27.680680513886259, 46.956347633487276 ], [ 27.680424557673042, 46.956460098323191 ], [ 27.680335101340791, 46.956505249559434 ], [ 27.680192502563379, 46.956587831391147 ], [ 27.680030052391732, 46.956691562763268 ], [ 27.679870535427945, 46.956813463629658 ], [ 27.679785417020259, 46.956873496330573 ], [ 27.679709288037628, 46.956943057800288 ], [ 27.679574092321211, 46.957066590044633 ], [ 27.679420529135914, 46.95720690570721 ], [ 27.679343050026699, 46.957265339559719 ], [ 27.679204478934661, 46.957358900671373 ], [ 27.679063184281102, 46.957450533231722 ], [ 27.678841376867052, 46.957571284673513 ], [ 27.678509585923745, 46.957778256991872 ], [ 27.678249106830659, 46.957927359660189 ], [ 27.677991299998762, 46.958002704842286 ], [ 27.677672153047869, 46.958138448285801 ], [ 27.677153982338407, 46.958320809762633 ], [ 27.677075499437191, 46.958368633090224 ], [ 27.676868415903321, 46.95849481848547 ], [ 27.676519938108157, 46.958727498088997 ], [ 27.676442829808504, 46.95880112445564 ], [ 27.676415941044528, 46.958864486908247 ], [ 27.676343133213816, 46.958929771514029 ], [ 27.676130215174005, 46.959120688782278 ], [ 27.675970304342499, 46.959284166213919 ], [ 27.675842469058857, 46.959414851501961 ], [ 27.675684349154682, 46.959545914216285 ], [ 27.675579655158895, 46.959674735859316 ], [ 27.675491613588239, 46.95977199088621 ], [ 27.675367028247642, 46.959909613667456 ], [ 27.675169996634292, 46.960080127287917 ], [ 27.674868027829259, 46.960463329673701 ], [ 27.674778716712719, 46.960576664455033 ], [ 27.674726901628759, 46.960680461264765 ], [ 27.674643483414478, 46.960699735110047 ], [ 27.674534780715199, 46.960804849913337 ], [ 27.674526283855332, 46.960863690574136 ], [ 27.674433686628113, 46.96094383576142 ], [ 27.674298164750979, 46.961061132177967 ], [ 27.67423981197642, 46.961160745157954 ], [ 27.674165446039868, 46.961224700040901 ], [ 27.6740979990659, 46.961260124824356 ], [ 27.67406551651764, 46.961313907458134 ], [ 27.673873603437819, 46.961421122347517 ], [ 27.673698465614102, 46.961541044409792 ], [ 27.673550275592756, 46.961676931627792 ], [ 27.673327031425341, 46.96183576121674 ], [ 27.673049910421465, 46.962032922815958 ], [ 27.672908028707191, 46.962107014372208 ], [ 27.672648441730594, 46.962202179572643 ], [ 27.672400710517337, 46.962341297464619 ], [ 27.672203362403973, 46.962452120930635 ], [ 27.67212758306011, 46.962534028188372 ], [ 27.67207646438316, 46.962589280450182 ], [ 27.671836385548715, 46.962702613082321 ], [ 27.671621573281552, 46.96283763690041 ], [ 27.671498222793733, 46.962902628106882 ], [ 27.67138030575267, 46.962927191079437 ], [ 27.671181852775344, 46.963037527128556 ], [ 27.671056327401502, 46.963107315526123 ], [ 27.670930801747033, 46.963177104687844 ], [ 27.670899797405418, 46.963216456266387 ], [ 27.670827068813725, 46.96324886586109 ], [ 27.670776415408962, 46.963297104103816 ], [ 27.670727866482331, 46.963326419520683 ], [ 27.670624198002766, 46.963363381837873 ], [ 27.670540158449811, 46.963418998623723 ], [ 27.670510219551744, 46.963447353043946 ], [ 27.670408627406491, 46.963485213858547 ], [ 27.670331229514233, 46.963496291338835 ], [ 27.670285686852356, 46.963540543898247 ], [ 27.670181624439284, 46.963585008937265 ], [ 27.670139360528857, 46.963663846812288 ], [ 27.670031042555845, 46.963746991726673 ], [ 27.669948064561257, 46.963810685877192 ], [ 27.669940977461085, 46.963851464442051 ], [ 27.669933890350976, 46.963892243006114 ], [ 27.669901535876019, 46.963944633640089 ], [ 27.669828809278872, 46.963972136820949 ], [ 27.669745859363982, 46.963968897047152 ], [ 27.669612155388794, 46.964059360785853 ], [ 27.669430195316679, 46.964182473100031 ], [ 27.669327872788081, 46.964259980691857 ], [ 27.669291868644994, 46.964312007406193 ], [ 27.669244848470061, 46.964336215491066 ], [ 27.669185999531603, 46.964389341337004 ], [ 27.669081783331027, 46.964451459011819 ], [ 27.66894465933882, 46.964533192205721 ], [ 27.668755090764765, 46.964669690909595 ], [ 27.668689514037478, 46.964678071080407 ], [ 27.668622270235044, 46.964731165832482 ], [ 27.668463906146446, 46.964856208296744 ], [ 27.668395401384107, 46.964921372704048 ], [ 27.668213718456521, 46.965022750536626 ], [ 27.668147400516201, 46.965096888152551 ], [ 27.668019134041799, 46.965183310235268 ], [ 27.667725145337272, 46.965381389357731 ], [ 27.667524530502043, 46.965558704564387 ], [ 27.667380059008774, 46.965705501228221 ], [ 27.66722302812115, 46.965800523343759 ], [ 27.667098098931937, 46.965915723635412 ], [ 27.667003267203231, 46.966003170553392 ], [ 27.666980806762034, 46.966044878462391 ], [ 27.666903214336045, 46.966100069815361 ], [ 27.666761317760557, 46.966200998844876 ], [ 27.666682127093441, 46.966257325842363 ], [ 27.666609900452713, 46.966292021368147 ], [ 27.666532566098535, 46.966367758969341 ], [ 27.666463103318218, 46.966435787274598 ], [ 27.666406134656537, 46.966491578834933 ], [ 27.666313507859066, 46.966548605800348 ], [ 27.666209775092621, 46.96659583046884 ], [ 27.666132615235053, 46.966662783702702 ], [ 27.666103650121574, 46.966710992792983 ], [ 27.666040846097065, 46.966740466384294 ], [ 27.665892671299268, 46.966874877627006 ], [ 27.665791396614399, 46.966966746291803 ], [ 27.665746234396643, 46.967077608840121 ], [ 27.665620786929303, 46.967185992261541 ], [ 27.665503014042162, 46.967340772222741 ], [ 27.66539645324864, 46.967455926802472 ], [ 27.665278530386153, 46.967530917421378 ], [ 27.665181518778539, 46.967592609338666 ], [ 27.665155694613276, 46.96766423643853 ], [ 27.665024431580832, 46.967820392164221 ], [ 27.664902006045185, 46.967966032701227 ], [ 27.664845448113024, 46.968033314564316 ], [ 27.664707950379601, 46.968196884708014 ], [ 27.664584424377225, 46.968267393478747 ], [ 27.664477603745091, 46.968375964501469 ], [ 27.664393228136401, 46.968461722262468 ], [ 27.664311596777935, 46.968520339395951 ], [ 27.664227123842128, 46.968614562523598 ], [ 27.66416757076307, 46.968680988929179 ], [ 27.664081765145884, 46.968776697955057 ], [ 27.66396978138895, 46.968858757797875 ], [ 27.663913837356606, 46.968922184842455 ], [ 27.663893290783399, 46.968976123364605 ], [ 27.663789236689528, 46.969047885235518 ], [ 27.663727113983665, 46.969114344625439 ], [ 27.663703942258525, 46.969243483394052 ], [ 27.663647122958182, 46.969338149301421 ], [ 27.66357912574798, 46.969364854296387 ], [ 27.663549935755064, 46.969414657183684 ], [ 27.66339083943576, 46.969476432727333 ], [ 27.663351668722093, 46.969543864950765 ], [ 27.663344688237611, 46.969616275081648 ], [ 27.663272764928685, 46.969740759635769 ], [ 27.663287709779944, 46.969830004076165 ], [ 27.663189469651584, 46.969966294325445 ], [ 27.66319494494202, 46.970077432060137 ], [ 27.663093521923994, 46.970266898849921 ], [ 27.662974614704435, 46.97035022350213 ], [ 27.662844829234221, 46.970548453371791 ], [ 27.662670123627244, 46.970815289867794 ], [ 27.662543819450406, 46.971094626348041 ], [ 27.662218104939662, 46.971377774197492 ], [ 27.661967840609776, 46.97166423706738 ], [ 27.66195074046745, 46.971760880707627 ], [ 27.661770103118549, 46.971943707910846 ], [ 27.661295120031848, 46.9724244435643 ], [ 27.661012744806353, 46.972656116361769 ], [ 27.660846674458444, 46.972831915692616 ], [ 27.660665374488836, 46.973061447163687 ], [ 27.660556427923648, 46.973199375824954 ], [ 27.66038211064685, 46.973323217275336 ], [ 27.660297232755838, 46.9733923745369 ], [ 27.66001508652603, 46.973622261101944 ], [ 27.65986107319404, 46.973693234285321 ], [ 27.65951448670338, 46.973852947648041 ], [ 27.659366179980566, 46.973990388365443 ], [ 27.659246455267702, 46.974014641753563 ], [ 27.659128091034695, 46.974216138723811 ], [ 27.658809751227775, 46.974462808147372 ], [ 27.658417584934387, 46.974766677395138 ], [ 27.657804475927961, 46.975100415586667 ], [ 27.657465970961084, 46.975296060738891 ], [ 27.657165124514087, 46.975435874328241 ], [ 27.65659962936105, 46.975811460709281 ], [ 27.656262187540985, 46.976035576698763 ], [ 27.656154789326393, 46.976076019444868 ], [ 27.655852344613528, 46.976189910557387 ], [ 27.655494522549937, 46.976303990996989 ], [ 27.65474961358731, 46.976463723031081 ], [ 27.653845422476302, 46.976364952585882 ], [ 27.653294680168042, 46.976276853749127 ], [ 27.653061692672456, 46.976232198174849 ], [ 27.652655739689362, 46.976110992552435 ], [ 27.652445596430745, 46.976026917020903 ], [ 27.652280580097575, 46.975956397447803 ], [ 27.65208809155304, 46.975837835800668 ], [ 27.651975017715451, 46.975758558546772 ], [ 27.651882617567416, 46.975667591620635 ], [ 27.651785577180139, 46.975536121556701 ], [ 27.651706062315537, 46.975493589273789 ], [ 27.65157729831293, 46.97542471218712 ], [ 27.6514587018406, 46.975394151907565 ], [ 27.651251259104846, 46.975380340313599 ], [ 27.650984135603441, 46.975374634054099 ], [ 27.650922570569445, 46.975383598385768 ], [ 27.650811765333177, 46.97541398178447 ], [ 27.650647774081225, 46.975469650981708 ], [ 27.650035220750201, 46.975725490672772 ], [ 27.649626888370801, 46.975891280693048 ], [ 27.648980853328791, 46.976121482389928 ], [ 27.648616932057742, 46.976297454430593 ], [ 27.648472492987185, 46.976345358551775 ], [ 27.647787283650576, 46.976476647398457 ], [ 27.647689556178797, 46.97649884218584 ], [ 27.647493493675039, 46.976522753426927 ], [ 27.647373491718998, 46.976532247698565 ], [ 27.647209496931573, 46.976535740571954 ], [ 27.647053040701795, 46.976516876314946 ], [ 27.646943329746541, 46.976505820202654 ], [ 27.646835052565301, 46.976489431247522 ], [ 27.646707966701431, 46.976482909712097 ], [ 27.64656322042449, 46.976481511619383 ], [ 27.646365696489703, 46.976499725335728 ], [ 27.646176038891284, 46.976509737880001 ], [ 27.646024179541939, 46.976503783776899 ], [ 27.645829586365075, 46.976473759171519 ], [ 27.645575319595206, 46.976424865252007 ], [ 27.645401598175891, 46.976391458075831 ], [ 27.645246076426488, 46.976328824858911 ], [ 27.645017534010229, 46.976236783678566 ], [ 27.644777457372381, 46.976159717146686 ], [ 27.644621531766436, 46.976126960118812 ], [ 27.644423422626939, 46.976119115790674 ], [ 27.644239569240483, 46.976131586704852 ], [ 27.643833458608817, 46.976209426966925 ], [ 27.643525160889975, 46.976251170138866 ], [ 27.642810580357896, 46.976308000003016 ], [ 27.642499232453691, 46.97628894175002 ], [ 27.64226895815511, 46.976326004751868 ], [ 27.641841943049698, 46.976337500352784 ], [ 27.641524322960432, 46.97632757994856 ], [ 27.641215499232064, 46.976275812744689 ], [ 27.64089769787293, 46.976282489055336 ], [ 27.640483134628862, 46.976362747308393 ], [ 27.63981377441079, 46.976492329878127 ], [ 27.639533843794919, 46.97650632101314 ], [ 27.639314403492868, 46.976549271514635 ], [ 27.639014977762024, 46.976670274657359 ], [ 27.63886033703395, 46.97671853945257 ], [ 27.638700731609944, 46.976758520998928 ], [ 27.638576289167421, 46.976777881159677 ], [ 27.638423988965734, 46.976819345769428 ], [ 27.638203530287655, 46.976897048480474 ], [ 27.637944978526743, 46.977009476226065 ], [ 27.637644093824722, 46.977166572971576 ], [ 27.637179598551697, 46.9775029592439 ], [ 27.636934384007127, 46.977745230321624 ], [ 27.636650418168625, 46.978060008369347 ], [ 27.636294755261218, 46.978510726755793 ], [ 27.635971869824797, 46.978889526706816 ], [ 27.635773407671003, 46.979166644103977 ], [ 27.635628976151018, 46.979406713232137 ], [ 27.635507309006645, 46.979582063063191 ], [ 27.635346359147647, 46.979768654061331 ], [ 27.635190928025473, 46.979905966901448 ], [ 27.63497166424348, 46.980082719836062 ], [ 27.634894468931797, 46.980156318826637 ], [ 27.634882994386107, 46.980213089842792 ], [ 27.634751208522633, 46.980409725163184 ], [ 27.634525718513274, 46.980848366253269 ], [ 27.634379524217589, 46.98100920594586 ], [ 27.634010616860024, 46.981276187413087 ], [ 27.633734643073741, 46.981458324484997 ], [ 27.633172442754873, 46.982011392199126 ], [ 27.632638601565205, 46.982577472059333 ], [ 27.632172956818899, 46.983200198813279 ], [ 27.632040171025402, 46.983430810436978 ], [ 27.631908169617422, 46.983753340366263 ], [ 27.631571394310296, 46.984357385437534 ], [ 27.631418970908882, 46.984722951711028 ], [ 27.631315776940401, 46.984970442802059 ], [ 27.631417696568768, 46.985116823807076 ], [ 27.631632602934083, 46.985185113862357 ], [ 27.631702382440107, 46.985256363538952 ], [ 27.631944964017212, 46.985504056183927 ], [ 27.632076040870349, 46.985541525397096 ], [ 27.632357224037388, 46.985553551932448 ], [ 27.632340899401285, 46.985596171669108 ], [ 27.632229506656923, 46.985886984347673 ], [ 27.632118112745776, 46.986177796904023 ], [ 27.631974500808415, 46.986413712823882 ], [ 27.631815019810976, 46.986475509773925 ], [ 27.63164927893601, 46.986656937558514 ], [ 27.631493973687899, 46.986732452157028 ], [ 27.631409587735707, 46.986849339916525 ], [ 27.631261919508518, 46.987053883262355 ], [ 27.631051411620934, 46.987262939781999 ], [ 27.63098043952337, 46.987333422257514 ], [ 27.630659491940886, 46.987182089219054 ], [ 27.630607780813499, 46.987233443072057 ], [ 27.630392347558132, 46.987435591909708 ], [ 27.630379902056891, 46.98752341289665 ], [ 27.630157981254886, 46.987751865297788 ], [ 27.630031204827763, 46.987882371482691 ], [ 27.629976888092713, 46.988034608540353 ], [ 27.629748114068274, 46.988485798223422 ], [ 27.62963287224003, 46.988762968667061 ], [ 27.629572301770857, 46.988819257630091 ], [ 27.629422365390628, 46.988840426746343 ], [ 27.629345111188528, 46.988863655419344 ], [ 27.629284278917652, 46.988852655539681 ], [ 27.629181167020217, 46.988815372093576 ], [ 27.628891837598367, 46.988840490454166 ], [ 27.628437468966261, 46.988914058148673 ], [ 27.627799145991595, 46.988940409144831 ], [ 27.627114821897152, 46.98890371942128 ], [ 27.626192777544517, 46.988854278798783 ], [ 27.625934488064075, 46.988932555134653 ], [ 27.625722944031178, 46.988974338006649 ], [ 27.625515808455283, 46.98905545234652 ], [ 27.625246117867356, 46.989189288383628 ], [ 27.624991832922461, 46.989336568629525 ], [ 27.62477456132844, 46.989496680191166 ], [ 27.624524068405776, 46.989710843680129 ], [ 27.624082314616587, 46.990050206583639 ], [ 27.623832620910164, 46.990337671782832 ], [ 27.623278382966138, 46.990720866964878 ], [ 27.622925494226489, 46.990869782806854 ], [ 27.622727990301939, 46.991040325829388 ], [ 27.622580908704116, 46.991114115689008 ], [ 27.622351121918925, 46.991149529307613 ], [ 27.622174419712128, 46.991294438771291 ], [ 27.621842166869978, 46.991471186516641 ], [ 27.621356258963953, 46.991680987133854 ], [ 27.621134879348627, 46.991654061436975 ], [ 27.620963754444457, 46.991369827469015 ], [ 27.620193375354251, 46.990090208519256 ], [ 27.619029811864067, 46.988157370688448 ], [ 27.61890031598724, 46.987942251507988 ], [ 27.618290455145527, 46.986929118357118 ], [ 27.618184360648488, 46.986862014599836 ], [ 27.617761816490773, 46.986166713398646 ], [ 27.61718961482574, 46.985151330491128 ], [ 27.616745335676036, 46.984395034030896 ], [ 27.616291497473235, 46.983699290536862 ], [ 27.616073180698567, 46.983298288101516 ], [ 27.615627394463864, 46.982538267766593 ], [ 27.61541593132123, 46.982120184258783 ], [ 27.615437882978995, 46.982073943173923 ], [ 27.615361044177568, 46.982021470159452 ], [ 27.615313896923865, 46.981972390970292 ], [ 27.615213508406555, 46.981807537753504 ], [ 27.615113120510685, 46.981642684434412 ], [ 27.614955088695318, 46.981383166885131 ], [ 27.614785117893764, 46.98118522510417 ], [ 27.614731907603872, 46.980887469670463 ], [ 27.613597903171769, 46.978957171553446 ], [ 27.612525712480853, 46.977131949033982 ], [ 27.612078920568617, 46.976371322887879 ], [ 27.610741946242673, 46.974052756884404 ], [ 27.610405578431269, 46.97347866710713 ], [ 27.609624923380306, 46.972146248956037 ], [ 27.608720783750261, 46.970688873320036 ], [ 27.608720708245542, 46.970688752634075 ], [ 27.60875479402166, 46.970668676147625 ], [ 27.6088287757247, 46.970625099740296 ], [ 27.608896500051291, 46.970564596317871 ], [ 27.608719391101957, 46.969257443856769 ], [ 27.608406710846101, 46.967241127216489 ], [ 27.608163477259659, 46.96569652977945 ], [ 27.607804286120096, 46.964141553674857 ], [ 27.606556859211462, 46.958740560669973 ], [ 27.606344597224556, 46.957240299332376 ], [ 27.606496415477679, 46.957272959854663 ], [ 27.606649208439453, 46.957251967197088 ], [ 27.607045496750118, 46.956907751702438 ], [ 27.607156560891674, 46.956830933229028 ], [ 27.607214337884926, 46.956747541646003 ], [ 27.607348245301758, 46.956673662495511 ], [ 27.607450698778933, 46.956601358130804 ], [ 27.607542908817674, 46.956511740612186 ], [ 27.607703790197561, 46.956409865670608 ], [ 27.607884913336008, 46.95629517199702 ], [ 27.607971539191599, 46.956208535914243 ], [ 27.60806743136061, 46.956157116965528 ], [ 27.608163321990425, 46.956105697068978 ], [ 27.608260536391285, 46.956003269226805 ], [ 27.60835775169598, 46.955900840374589 ], [ 27.608591573532543, 46.955780633209827 ], [ 27.608741010131883, 46.955715041652574 ], [ 27.60889852581559, 46.955607792751827 ], [ 27.609001902492476, 46.955528553500841 ], [ 27.609107109771557, 46.95548729134326 ], [ 27.609201998868262, 46.955415157335644 ], [ 27.609289839981333, 46.955327628749984 ], [ 27.609446305207779, 46.955240848902541 ], [ 27.609967034395375, 46.954908351786734 ], [ 27.610232306873275, 46.954724985238457 ], [ 27.610473875758196, 46.954556695961976 ], [ 27.610729041336771, 46.954380430796526 ], [ 27.610977256419101, 46.95419809466911 ], [ 27.611260225927342, 46.954005606279907 ], [ 27.611527527413514, 46.953815499487469 ], [ 27.611680633810451, 46.953711229872432 ], [ 27.611918096677233, 46.953531501934762 ], [ 27.612159240764374, 46.953369000772014 ], [ 27.612306158825199, 46.953258973907317 ], [ 27.612423424559307, 46.953180297924888 ], [ 27.612529701317392, 46.953103694918013 ], [ 27.61260645080641, 46.953052342901984 ], [ 27.61273989685542, 46.952956816500325 ], [ 27.612878486791121, 46.952862599847023 ], [ 27.613079398630337, 46.952727711502128 ], [ 27.613269852579649, 46.952586041856719 ], [ 27.613347776035564, 46.952531842260221 ], [ 27.613482297552441, 46.952440483484182 ], [ 27.613593214769569, 46.952360698250004 ], [ 27.613673063437592, 46.952309172669253 ], [ 27.613770745021405, 46.952227913346114 ], [ 27.613933295729101, 46.952125914952482 ], [ 27.614005832610133, 46.952065719047106 ], [ 27.614266720374907, 46.951890630790366 ], [ 27.614443460936894, 46.95174671312126 ], [ 27.614567386509059, 46.951656920613253 ], [ 27.614724795328193, 46.951536844962099 ], [ 27.614838166757323, 46.95145627476402 ], [ 27.615012854660993, 46.951321228580603 ], [ 27.6151439910196, 46.951224749950462 ], [ 27.615334937087869, 46.951071160901265 ], [ 27.615539790960263, 46.950933147598526 ], [ 27.61571675316106, 46.950804380815008 ], [ 27.615837081192876, 46.950708089754848 ], [ 27.616033728868221, 46.950572275733748 ], [ 27.616107290859421, 46.950511273110081 ], [ 27.61644337377345, 46.950258036241436 ], [ 27.616759594185858, 46.950029897896037 ], [ 27.616731358793512, 46.950029996677237 ], [ 27.614660631867064, 46.949315516878094 ], [ 27.612053624408457, 46.948350513419769 ], [ 27.610959107044241, 46.947968259200145 ], [ 27.610393682792882, 46.947797832956674 ], [ 27.610012805886065, 46.947694817912428 ], [ 27.609941890172777, 46.947761184425701 ], [ 27.609439585661356, 46.948479268545618 ], [ 27.609253704875378, 46.948792803202466 ], [ 27.608883314009759, 46.949417550954479 ], [ 27.608523483122646, 46.950091499379909 ], [ 27.608415054949401, 46.950327247088687 ], [ 27.608421172286135, 46.950270146020387 ], [ 27.608400798126166, 46.950108196149458 ], [ 27.608374151440781, 46.949896377538977 ], [ 27.608311726921421, 46.949575143105328 ], [ 27.608258151894564, 46.949299452392893 ], [ 27.608260261529509, 46.949154306498926 ], [ 27.608297783464483, 46.949011445769038 ], [ 27.60828417871895, 46.948866591315529 ], [ 27.608219417696862, 46.948759184394305 ], [ 27.608149489721509, 46.948361570942751 ], [ 27.608082928115984, 46.948171039649971 ], [ 27.608111471811167, 46.948115486066023 ], [ 27.608099693691262, 46.947969550806519 ], [ 27.608045407641569, 46.947828199933966 ], [ 27.607909512062701, 46.94768655236885 ], [ 27.607889646095035, 46.94751761525437 ], [ 27.607817691498997, 46.947292457481332 ], [ 27.607755322114155, 46.94709729450063 ], [ 27.607691695047404, 46.946994968882628 ], [ 27.607709671116691, 46.946948922050076 ], [ 27.607726835839529, 46.946919084684396 ], [ 27.607722499045192, 46.946870887438855 ], [ 27.607729893838716, 46.94679706956542 ], [ 27.607655843468347, 46.946673455307732 ], [ 27.607645687505318, 46.946567406280636 ], [ 27.607616168046079, 46.94647821113751 ], [ 27.607630155876393, 46.946271385329041 ], [ 27.607698692588823, 46.946035405963123 ], [ 27.607804192465235, 46.945765162795801 ], [ 27.607848869283877, 46.945675793040849 ], [ 27.607918481793554, 46.94565111536668 ], [ 27.607950159398467, 46.945602011997202 ], [ 27.607952088429485, 46.945511241868154 ], [ 27.607940940881026, 46.945463106811467 ], [ 27.607979301643741, 46.945395707373393 ], [ 27.608029872442849, 46.945346175874135 ], [ 27.60811751379547, 46.945300559673932 ], [ 27.608206684539773, 46.945142677805933 ], [ 27.60835106442153, 46.944953512145702 ], [ 27.608557728245117, 46.944682739714239 ], [ 27.608736811207127, 46.944448100334739 ], [ 27.608915322081167, 46.944259096053507 ], [ 27.608983700437143, 46.944186696539077 ], [ 27.6090319251133, 46.944086490589505 ], [ 27.609101553828431, 46.94401893508595 ], [ 27.609156142001851, 46.943945179786859 ], [ 27.609231192391103, 46.943880405714395 ], [ 27.609268687552234, 46.94379190064388 ], [ 27.609409138565109, 46.943726897820888 ], [ 27.609519631376795, 46.943638856030596 ], [ 27.609611325367926, 46.943527045888757 ], [ 27.609837108203276, 46.943319747963784 ], [ 27.60995851297038, 46.943238518981978 ], [ 27.610338924803429, 46.943269725087049 ], [ 27.610671218654968, 46.94329698204173 ], [ 27.610936223960024, 46.943301567714038 ], [ 27.611171925272739, 46.943282160039416 ], [ 27.611484537347113, 46.943278569572151 ], [ 27.611797150674146, 46.943274978228452 ], [ 27.611948641650873, 46.943293765811063 ], [ 27.612240940025863, 46.94328912138937 ], [ 27.612456281440672, 46.943272394206652 ], [ 27.612702897318496, 46.943241842166543 ], [ 27.612769403921263, 46.943259511014695 ], [ 27.612839195719726, 46.943249401061259 ], [ 27.612876082844426, 46.943207584876646 ], [ 27.612944529856815, 46.943164682913419 ], [ 27.613102158430724, 46.943086802112461 ], [ 27.613316568504967, 46.942995106203831 ], [ 27.613391062587855, 46.942945031067431 ], [ 27.613388227276431, 46.942886338768851 ], [ 27.613419364232694, 46.942800092102601 ], [ 27.613529031354204, 46.942773412581523 ], [ 27.613637633422133, 46.942702930866268 ], [ 27.613715517833501, 46.942640442034389 ], [ 27.613827578334028, 46.942611117000673 ], [ 27.613964586418085, 46.942550119348297 ], [ 27.614006707672957, 46.942508554033601 ], [ 27.614134231235386, 46.942433946852368 ], [ 27.614242261301261, 46.94238499644154 ], [ 27.614348783318057, 46.942365562788254 ], [ 27.614449715646433, 46.942335205138747 ], [ 27.61454229879984, 46.942294223650769 ], [ 27.614560407257002, 46.942251474543447 ], [ 27.614625373273324, 46.942186925420891 ], [ 27.614716704580879, 46.942120050623231 ], [ 27.614808035662801, 46.942053175754126 ], [ 27.614947692446545, 46.941968787181963 ], [ 27.615058624403499, 46.941916156845963 ], [ 27.615198523697345, 46.941862868675287 ], [ 27.615293886191424, 46.941791393192062 ], [ 27.615384847435923, 46.941690827225635 ], [ 27.615514059683701, 46.941572976673612 ], [ 27.61567113059116, 46.94150979491554 ], [ 27.615743891146348, 46.941490346245274 ], [ 27.615852514457956, 46.941427915610653 ], [ 27.615943292381115, 46.941375741493552 ], [ 27.61614644126842, 46.941222515072205 ], [ 27.616313675287159, 46.941112128444772 ], [ 27.616368932139963, 46.941104275539793 ], [ 27.616417131629479, 46.941084173153961 ], [ 27.61646979989284, 46.941000028077966 ], [ 27.616619123353377, 46.940854934441468 ], [ 27.616710881484504, 46.940744845686865 ], [ 27.6167979292326, 46.940667696988683 ], [ 27.616963526427181, 46.940572348844817 ], [ 27.617075224979125, 46.940457486606014 ], [ 27.617198419157507, 46.940371741705427 ], [ 27.617356851205582, 46.940286721520863 ], [ 27.61747322144608, 46.940214294001542 ], [ 27.617572568880682, 46.940130817803038 ], [ 27.617715612174734, 46.940064494767107 ], [ 27.617789555214031, 46.940003195836937 ], [ 27.61790861253624, 46.939963161262114 ], [ 27.617959487209109, 46.939867245957409 ], [ 27.618164067083868, 46.939481553005926 ], [ 27.618181248229909, 46.939386239560548 ], [ 27.618190195611316, 46.939273323492124 ], [ 27.61817593716215, 46.939112730493633 ], [ 27.618161678808008, 46.938952137484506 ], [ 27.618163546904277, 46.938871567430901 ], [ 27.618177332718169, 46.938791543092343 ], [ 27.618202563447273, 46.93869977002435 ], [ 27.618223577227472, 46.938623329927609 ], [ 27.618229906235609, 46.938545668063945 ], [ 27.618227381778773, 46.938461108291889 ], [ 27.618206764201513, 46.938338913389373 ], [ 27.618167542423713, 46.938106473445032 ], [ 27.618108879354807, 46.937758806338024 ], [ 27.618092116806178, 46.937696907713956 ], [ 27.618078958908072, 46.93764832498853 ], [ 27.617985006155362, 46.937486285833458 ], [ 27.617831971558488, 46.937271522494896 ], [ 27.617764809395204, 46.937163928405745 ], [ 27.617720568735596, 46.937069424133995 ], [ 27.617639037253138, 46.936838810053004 ], [ 27.617549941189218, 46.936586797309296 ], [ 27.617458550400595, 46.936279019127461 ], [ 27.61739763640507, 46.936103138787217 ], [ 27.617292064977786, 46.93579831467126 ], [ 27.61727396039306, 46.935617642370978 ], [ 27.617246724425961, 46.935447996633187 ], [ 27.617236645692685, 46.935289281241268 ], [ 27.617222661204838, 46.935069046663386 ], [ 27.617207310152867, 46.934972727392179 ], [ 27.617156735036932, 46.934787238245995 ], [ 27.617106161550105, 46.934601748134504 ], [ 27.617066296258017, 46.934403054638203 ], [ 27.617021034997506, 46.934297506384411 ], [ 27.616985665131772, 46.93415458950534 ], [ 27.616950296816732, 46.934011673476327 ], [ 27.616920526619321, 46.933891380554655 ], [ 27.616910834958826, 46.933717059940392 ], [ 27.616916189286741, 46.933611769716045 ], [ 27.616941717387661, 46.933473063277255 ], [ 27.616951312001106, 46.933384711315249 ], [ 27.616942713264624, 46.933206909119257 ], [ 27.616924909706398, 46.933073383364238 ], [ 27.616866268497997, 46.932929551836502 ], [ 27.616763144049433, 46.932595771024928 ], [ 27.616726118425216, 46.93245576876614 ], [ 27.616689094312655, 46.932315766457549 ], [ 27.616654239342651, 46.932220646465019 ], [ 27.616587028631244, 46.9321081155367 ], [ 27.616479111658037, 46.931961945052542 ], [ 27.616419115048387, 46.931868259368024 ], [ 27.616329969967833, 46.931683765409836 ], [ 27.616283847024736, 46.931511999096486 ], [ 27.616224969713638, 46.931393728823771 ], [ 27.616162688688625, 46.93130046021259 ], [ 27.616013849162101, 46.931077567025994 ], [ 27.615978053358901, 46.930999441464387 ], [ 27.615952971203399, 46.930919381833341 ], [ 27.615934233281898, 46.930859569649471 ], [ 27.61589458435779, 46.93078443114463 ], [ 27.615860884930978, 46.930738061789143 ], [ 27.615851012615895, 46.930672844902986 ], [ 27.615825614217751, 46.930505051402058 ], [ 27.615823742491546, 46.930347093613825 ], [ 27.615804686966957, 46.930221126007105 ], [ 27.6157675881168, 46.930124204495186 ], [ 27.615715755694694, 46.930050330433161 ], [ 27.61561032973971, 46.929940640234172 ], [ 27.615483047080126, 46.929788589401227 ], [ 27.615325582547264, 46.929616702857537 ], [ 27.615260960910536, 46.929552183967438 ], [ 27.61516981268057, 46.929474508860899 ], [ 27.615056373727281, 46.929377836955666 ], [ 27.614987926423844, 46.929288045500428 ], [ 27.614919989501544, 46.929178985915513 ], [ 27.614890603182516, 46.929095223092105 ], [ 27.614878450626708, 46.928945396453848 ], [ 27.614876242659374, 46.928795346114427 ], [ 27.614901423414661, 46.928571106304005 ], [ 27.614912122550606, 46.928330406927898 ], [ 27.614908746692411, 46.928081632729608 ], [ 27.614912669105969, 46.927954054929401 ], [ 27.614959527915563, 46.927766493780538 ], [ 27.615058159518874, 46.927371696531942 ], [ 27.615094997584901, 46.927139675711913 ], [ 27.615116810664595, 46.927002288422877 ], [ 27.615145227153619, 46.926934494085664 ], [ 27.615260810896839, 46.926772615191481 ], [ 27.615424347703389, 46.926569576776792 ], [ 27.61564552667333, 46.926294972244584 ], [ 27.615785297672915, 46.926109484342717 ], [ 27.615917896995288, 46.925906012953646 ], [ 27.616033447674003, 46.925593871344361 ], [ 27.616105795966448, 46.92545151156839 ], [ 27.616141781888544, 46.92535851718597 ], [ 27.616153301719393, 46.925257241099601 ], [ 27.616155450294432, 46.925176976699746 ], [ 27.616187979849212, 46.925099854188169 ], [ 27.616234345737166, 46.924989930820892 ], [ 27.61642336220687, 46.924838966931837 ], [ 27.616523071943917, 46.924746351653219 ], [ 27.616535772934217, 46.924693845697625 ], [ 27.61655607069844, 46.924609931380232 ], [ 27.616651666312652, 46.924610966089155 ], [ 27.61705773899606, 46.924615359354611 ], [ 27.617512751664382, 46.924596635266127 ], [ 27.617936277188704, 46.924552064448392 ], [ 27.618656804997258, 46.924476233691493 ], [ 27.619409098766877, 46.924397055230095 ], [ 27.62001277997642, 46.924287491694912 ], [ 27.620569475395616, 46.924186451671147 ], [ 27.620709413310848, 46.924161053055457 ], [ 27.621069532716202, 46.924077324078787 ], [ 27.621549187205478, 46.92395779463952 ], [ 27.621832015925467, 46.923878783045076 ], [ 27.622038233705595, 46.923814522695366 ], [ 27.622196295528028, 46.92374163020046 ], [ 27.622343711793892, 46.923658926949258 ], [ 27.62245637906485, 46.923579690272881 ], [ 27.622560855069949, 46.923506213267537 ], [ 27.62275005636349, 46.923427354171032 ], [ 27.622986911306739, 46.923336053219423 ], [ 27.623162292192383, 46.92329898276131 ], [ 27.623304215708604, 46.92328489155615 ], [ 27.623586131049279, 46.923285587504317 ], [ 27.623728648931952, 46.923277365334776 ], [ 27.624125023619094, 46.923254496259155 ], [ 27.624520692732482, 46.923226482364392 ], [ 27.624671146052631, 46.923241158068194 ], [ 27.625066041611426, 46.923323390573088 ], [ 27.625442028031937, 46.92341090398692 ], [ 27.62595116381581, 46.923513367269699 ], [ 27.62617203597862, 46.92356784218925 ], [ 27.626390007561181, 46.923595828320373 ], [ 27.6267944033543, 46.923647749972204 ], [ 27.627110833939756, 46.923701026337234 ], [ 27.62752231798704, 46.923791018181817 ], [ 27.627799383773628, 46.92383827698395 ], [ 27.62796116873761, 46.923847551377683 ], [ 27.628164665089685, 46.923829461735238 ], [ 27.628302962429871, 46.923699083910869 ], [ 27.628404602668489, 46.923553732632946 ], [ 27.628526749745127, 46.923427849889805 ], [ 27.628688794704345, 46.92326084692619 ], [ 27.628828113350849, 46.923099380041052 ], [ 27.628912875561657, 46.923039113518506 ], [ 27.629077349742044, 46.922922171096687 ], [ 27.629133231591027, 46.922862994848117 ], [ 27.629223189404971, 46.922810837131152 ], [ 27.629298255533509, 46.922767314803686 ], [ 27.62936814931853, 46.922681377872543 ], [ 27.629463667504439, 46.922607924117415 ], [ 27.629624111686226, 46.922519206673073 ], [ 27.629751356277865, 46.922448845921231 ], [ 27.629850776738213, 46.922393870080775 ], [ 27.629905082573377, 46.922344243839973 ], [ 27.630060109645505, 46.922266397633948 ], [ 27.630175308066686, 46.922224886945727 ], [ 27.630258612172092, 46.922175463061699 ], [ 27.630272128638172, 46.922119965981203 ], [ 27.630352585894595, 46.92206142998311 ], [ 27.630443436502766, 46.922010530659648 ], [ 27.630514632626554, 46.921946610700502 ], [ 27.630554775099608, 46.921889613402449 ], [ 27.630561138119589, 46.921826477640693 ], [ 27.630626142596842, 46.92181241402146 ], [ 27.630644627772693, 46.921767458260767 ], [ 27.630646138848835, 46.921720764012406 ], [ 27.630685545698718, 46.921701718923416 ], [ 27.630729820420516, 46.921653185084885 ], [ 27.630738392182085, 46.921581743501768 ], [ 27.630806815493109, 46.921484898247769 ], [ 27.630854403806758, 46.921382362624371 ], [ 27.630882760735165, 46.92132126293712 ], [ 27.630911117644708, 46.921260164141373 ], [ 27.630868019603732, 46.921203255164443 ], [ 27.630884680759262, 46.921131156508324 ], [ 27.630867056555463, 46.921079715010848 ], [ 27.630878897874453, 46.921034713687995 ], [ 27.630874495217249, 46.920982884132243 ], [ 27.630826268884945, 46.920940666240888 ], [ 27.630834228334148, 46.920887332477875 ], [ 27.630744253781543, 46.920828102770827 ], [ 27.630665083999013, 46.92076202522297 ], [ 27.630643348308602, 46.920677842122274 ], [ 27.630642195709679, 46.920579689003354 ], [ 27.630579247943196, 46.920569039385605 ], [ 27.630574152139044, 46.920524752068651 ], [ 27.630624135558747, 46.920496456106633 ], [ 27.630660261932089, 46.920445252557926 ], [ 27.630639451905406, 46.920390195629075 ], [ 27.63059443798117, 46.920342412743331 ], [ 27.630567640534814, 46.920263261628548 ], [ 27.630609702202591, 46.920187292333338 ], [ 27.630673130124045, 46.92011863829854 ], [ 27.630743585280314, 46.919901471183458 ], [ 27.630865579898799, 46.919525437270941 ], [ 27.630959059757139, 46.919324014275915 ], [ 27.631067917737308, 46.919126250552331 ], [ 27.631172522289603, 46.918833832268916 ], [ 27.631246027786329, 46.918667901479658 ], [ 27.631304179341779, 46.91853663235311 ], [ 27.631399962153701, 46.918474146769292 ], [ 27.631529327758646, 46.918389754387576 ], [ 27.631687907990756, 46.918333426613401 ], [ 27.631825924338145, 46.918294849203306 ], [ 27.63194787097574, 46.918246533567682 ], [ 27.632056268428812, 46.91821668307702 ], [ 27.632182485194278, 46.918184584369406 ], [ 27.632384817067074, 46.918133879732686 ], [ 27.632578992078514, 46.918082123508356 ], [ 27.632700872655331, 46.91804192539724 ], [ 27.632868916747277, 46.917998856934489 ], [ 27.633010707434188, 46.917934270056769 ], [ 27.633218714397273, 46.917870307373796 ], [ 27.633286986711362, 46.917822952339307 ], [ 27.633394585331327, 46.91779744856683 ], [ 27.633425798186142, 46.917748928386693 ], [ 27.633432048380328, 46.917696077977759 ], [ 27.633545934268529, 46.917653728815111 ], [ 27.633647505559633, 46.917588467674157 ], [ 27.633709358842587, 46.917537019230465 ], [ 27.633716000138872, 46.917495885580713 ], [ 27.633756649950435, 46.917458089789129 ], [ 27.633959628996475, 46.917348612965682 ], [ 27.634121085097977, 46.917261532464281 ], [ 27.634234576917514, 46.917228200306035 ], [ 27.634333023510891, 46.917169881194724 ], [ 27.634409037783286, 46.917130969402898 ], [ 27.634476814734644, 46.917062868021368 ], [ 27.634559319622674, 46.91700973048561 ], [ 27.634616498016619, 46.916954715561523 ], [ 27.634676913752266, 46.916886365564231 ], [ 27.634750930266542, 46.91680172306669 ], [ 27.634837158894278, 46.916734947568671 ], [ 27.634851085829421, 46.916658590778837 ], [ 27.634926149142217, 46.916543682510785 ], [ 27.635055383423822, 46.916402477426772 ], [ 27.635092516278466, 46.916336823702089 ], [ 27.635154576510374, 46.916317260173884 ], [ 27.635227042430202, 46.916278448703871 ], [ 27.635279510100265, 46.916185051117658 ], [ 27.635450684334732, 46.915997640946102 ], [ 27.635490998188054, 46.915953503778375 ], [ 27.635504379487031, 46.915902248747997 ], [ 27.635504879543326, 46.915838542751906 ], [ 27.635547487821853, 46.915746815732035 ], [ 27.635557071190192, 46.915687801552757 ], [ 27.635589458843661, 46.915488357464604 ], [ 27.635616503728198, 46.915321807039255 ], [ 27.635653852193204, 46.915091807973411 ], [ 27.635657749723464, 46.914991220861282 ], [ 27.635663614042791, 46.91483987448953 ], [ 27.635656671632397, 46.914642557816265 ], [ 27.635747171845559, 46.914476283821685 ], [ 27.635867065569627, 46.914410271418944 ], [ 27.635918158174412, 46.914003663399228 ], [ 27.63615496541432, 46.91383058377761 ], [ 27.636213450728707, 46.913791990453582 ], [ 27.636449837301146, 46.913640031354646 ], [ 27.636480079968283, 46.913606509742195 ], [ 27.636558127242303, 46.913556428967034 ], [ 27.636648097705738, 46.91350331616664 ], [ 27.636688426860193, 46.913463757220029 ], [ 27.636961552205126, 46.913287786184448 ], [ 27.637148727447233, 46.913164835795982 ], [ 27.637316608276929, 46.913058885015097 ], [ 27.637415456980364, 46.912989063015686 ], [ 27.637455575159617, 46.912955706719011 ], [ 27.637515395467389, 46.912941994301072 ], [ 27.637561062226819, 46.912940419564556 ], [ 27.637609945855008, 46.91291095307038 ], [ 27.637649660657914, 46.912875601692029 ], [ 27.63767214347266, 46.912833732723044 ], [ 27.637724120534237, 46.912806868328218 ], [ 27.637804393074671, 46.912790728624685 ], [ 27.63784620638085, 46.912770500003205 ], [ 27.637851224395241, 46.912731705277423 ], [ 27.63790110492565, 46.912700118009944 ], [ 27.637962640846418, 46.912664345572239 ], [ 27.638062322858598, 46.912604110233218 ], [ 27.638147052491291, 46.912555088599944 ], [ 27.638127652294106, 46.912503909158239 ], [ 27.638101090565122, 46.912408659913247 ], [ 27.638095075916532, 46.912347347392554 ], [ 27.638063684581823, 46.912219092341751 ], [ 27.638036232745183, 46.912035055925351 ], [ 27.637970260134175, 46.911738097469403 ], [ 27.637947057705951, 46.91160436587122 ], [ 27.637907805807114, 46.911434437362047 ], [ 27.637867325660881, 46.911218293621751 ], [ 27.637838641132831, 46.911023512642821 ], [ 27.637807955031786, 46.910840936077406 ], [ 27.63778457988052, 46.910716473595414 ], [ 27.637763434153012, 46.910596176474748 ], [ 27.637695503871281, 46.910216150933692 ], [ 27.637556235617659, 46.909665898393648 ], [ 27.637515465410711, 46.909462693702928 ], [ 27.637494923888063, 46.909143997928183 ], [ 27.637469089977081, 46.90900860380723 ], [ 27.637392103676454, 46.908605114016289 ], [ 27.637323548225076, 46.908057779278607 ], [ 27.637223356725734, 46.907591743639102 ], [ 27.63719032246744, 46.907296634647402 ], [ 27.637166495252092, 46.906608647345031 ], [ 27.637152707660483, 46.906210527059422 ], [ 27.637138919024242, 46.905812406751231 ], [ 27.637119051061553, 46.905565568954081 ], [ 27.637101278730619, 46.905344772562046 ], [ 27.637077125640126, 46.905177873980492 ], [ 27.637082332261567, 46.905059196747416 ], [ 27.637085622102482, 46.904984213018096 ], [ 27.637183533959806, 46.904924944699289 ], [ 27.637328451939435, 46.904861036207436 ], [ 27.637481259211178, 46.904777289798226 ], [ 27.63760406248214, 46.90467289751588 ], [ 27.637802610282439, 46.904532695449326 ], [ 27.637962525450138, 46.904452997627267 ], [ 27.638274418137808, 46.904331154399664 ], [ 27.638360499001035, 46.90428770914599 ], [ 27.638520818308397, 46.904160763385391 ], [ 27.638637390549121, 46.904057862507265 ], [ 27.638801337647525, 46.903895714469627 ], [ 27.639126494199633, 46.903694595126616 ], [ 27.639307203220067, 46.903552978039194 ], [ 27.639545766764122, 46.903366020070244 ], [ 27.639642086161615, 46.903268051077255 ], [ 27.639821892914814, 46.903085162907658 ], [ 27.639949843343036, 46.902942738634877 ], [ 27.640179476720167, 46.902742630809037 ], [ 27.640457811009476, 46.902548157806081 ], [ 27.640631307055049, 46.902445193875543 ], [ 27.640959180689315, 46.902298409498783 ], [ 27.641539339565856, 46.902153146265192 ], [ 27.641979969520598, 46.902042816262309 ], [ 27.642301268929991, 46.901949153046303 ], [ 27.642406328141181, 46.90190378831393 ], [ 27.642474597292765, 46.901840520245635 ], [ 27.642562388025127, 46.901741683980454 ], [ 27.64273377026802, 46.901548738768739 ], [ 27.642870548599657, 46.901325016279138 ], [ 27.642934613123906, 46.901166006675673 ], [ 27.643032165870228, 46.900923869693479 ], [ 27.643090745823649, 46.900712520657784 ], [ 27.64313992375763, 46.900535093973282 ], [ 27.643167407365627, 46.900483634048278 ], [ 27.643283011897623, 46.90026718672852 ], [ 27.643377053566237, 46.900102914879433 ], [ 27.643517903418747, 46.899909095229752 ], [ 27.64375992088063, 46.899576059823666 ], [ 27.64388933902308, 46.899414101824064 ], [ 27.644025400485035, 46.899218179140782 ], [ 27.644102475468983, 46.899093712048213 ], [ 27.644157585808397, 46.898946186372065 ], [ 27.644185017309251, 46.898830733541864 ], [ 27.644212447343065, 46.898715279833468 ], [ 27.644242906081569, 46.898482265447797 ], [ 27.644255087938987, 46.898389075922928 ], [ 27.64426087423498, 46.898344807389229 ], [ 27.644282216012513, 46.89823428387318 ], [ 27.644276353152634, 46.898178685424924 ], [ 27.64427048899444, 46.898123087005352 ], [ 27.64425156817105, 46.898052768340477 ], [ 27.644198698768079, 46.89797770878917 ], [ 27.644180222199019, 46.897951477938719 ], [ 27.644133385711747, 46.897843678281816 ], [ 27.644118455558306, 46.897666884367929 ], [ 27.644140826169814, 46.897571975275994 ], [ 27.644141146766998, 46.897558317056408 ], [ 27.644142494710486, 46.897500777544948 ], [ 27.644142738584492, 46.897490388905027 ], [ 27.644147398753212, 46.897291558765758 ], [ 27.644129951084373, 46.897052082394602 ], [ 27.644117164829247, 46.896958684342984 ], [ 27.644097357898964, 46.896850512178965 ], [ 27.644061287317026, 46.896755271329916 ], [ 27.644015100354885, 46.896605907410638 ], [ 27.64395638496525, 46.896416022198231 ], [ 27.643932211738068, 46.896359547691482 ], [ 27.643778125611682, 46.896193414056206 ], [ 27.643682870366462, 46.896070677089703 ], [ 27.643466503160894, 46.895874085085424 ], [ 27.643269887118048, 46.8956850397091 ], [ 27.643159169022969, 46.895619772194408 ], [ 27.643141117027866, 46.895609129864496 ], [ 27.643120311132929, 46.895618410494919 ], [ 27.643083124380624, 46.895628533788837 ], [ 27.642875495990349, 46.895646164658508 ], [ 27.642744642521613, 46.895668603162889 ], [ 27.642647176641066, 46.895675786495225 ], [ 27.642357653130116, 46.895712845137588 ], [ 27.642198936292928, 46.895742761517425 ], [ 27.641923346461407, 46.895772208075378 ], [ 27.641717234178707, 46.895807618063692 ], [ 27.641661613933451, 46.895811232582325 ], [ 27.641455449788651, 46.895842866079242 ], [ 27.641310846065196, 46.895849870195867 ], [ 27.641043524842775, 46.895879306077688 ], [ 27.640776443082551, 46.895897393430566 ], [ 27.640239227670897, 46.895960096411741 ], [ 27.640164037481199, 46.895963618427452 ], [ 27.63998314668515, 46.89598576157006 ], [ 27.639896794519522, 46.895989268135416 ], [ 27.639551594844193, 46.896045143314396 ], [ 27.639501467649158, 46.896043048450402 ], [ 27.639356822703231, 46.896051942801193 ], [ 27.639184233308676, 46.896066602100802 ], [ 27.639056202704484, 46.896085103653434 ], [ 27.638755631792161, 46.896103054777242 ], [ 27.638505036643917, 46.896136329064873 ], [ 27.638315643975638, 46.896169912077639 ], [ 27.638109671993309, 46.896191996288813 ], [ 27.638031623594735, 46.896207012024824 ], [ 27.637831232115669, 46.896225095430232 ], [ 27.637519532378118, 46.896254546776632 ], [ 27.637308142599846, 46.896265142899999 ], [ 27.637257956032105, 46.896272589972277 ], [ 27.637246870933545, 46.896268706372766 ], [ 27.637180059517775, 46.896279864550806 ], [ 27.637057748226148, 46.896275550912826 ], [ 27.63697972359569, 46.896282918283973 ], [ 27.636468026386833, 46.8962846305133 ], [ 27.63628434907077, 46.896295402739717 ], [ 27.636089401174814, 46.896317499409477 ], [ 27.635674496282594, 46.896384494767979 ], [ 27.635543655540332, 46.89639927403968 ], [ 27.635134240223898, 46.89647388262857 ], [ 27.634769462356658, 46.896529650916868 ], [ 27.634719291464137, 46.896542857265608 ], [ 27.634479898547273, 46.896574334952625 ], [ 27.634307121259937, 46.896604112602567 ], [ 27.634218220476662, 46.896603806836964 ], [ 27.634012264209844, 46.89661823262405 ], [ 27.633411341474265, 46.89662916881214 ], [ 27.632815910976479, 46.896666800210653 ], [ 27.63261545415887, 46.89668892678425 ], [ 27.632504179527309, 46.896690297005819 ], [ 27.632170421389237, 46.896692789167631 ], [ 27.631810458565397, 46.896723416965386 ], [ 27.631745639121434, 46.896591879453119 ], [ 27.63171840883534, 46.896509703332029 ], [ 27.631707862865529, 46.896446675793456 ], [ 27.63166969138036, 46.896347379902345 ], [ 27.631602195035814, 46.896074249029319 ], [ 27.631586403796064, 46.895965353349894 ], [ 27.63158431698243, 46.895873782549089 ], [ 27.631522083894875, 46.895652189169525 ], [ 27.63150282467587, 46.895615189810052 ], [ 27.631056859435496, 46.893953482781512 ], [ 27.63065048825246, 46.893941879353108 ], [ 27.630597689179709, 46.893935973518985 ], [ 27.628172857564309, 46.89386114481885 ], [ 27.626623828149192, 46.893812931768693 ], [ 27.626415426654539, 46.893774032176985 ], [ 27.62577352988761, 46.893632420274407 ], [ 27.625619856404597, 46.893208432302657 ], [ 27.62560603656258, 46.893196959196644 ], [ 27.625517136688135, 46.893177563691921 ], [ 27.625369806666729, 46.893157969799965 ], [ 27.625116993368781, 46.893107388797752 ], [ 27.62490568420538, 46.893076109821315 ], [ 27.624761160966827, 46.893060323837794 ], [ 27.624513673662726, 46.893051826387236 ], [ 27.624494299126475, 46.893042189568177 ], [ 27.62446132100828, 46.892938632360298 ], [ 27.624008480645902, 46.892859213670611 ], [ 27.62395561124309, 46.892843767578746 ], [ 27.623788949335175, 46.8928126438528 ], [ 27.623775094080134, 46.892803058585606 ], [ 27.623750362921729, 46.892734321607136 ], [ 27.623687072108101, 46.892612015560246 ], [ 27.623604187170582, 46.892497265233644 ], [ 27.623590440627197, 46.892462841758103 ], [ 27.623551456956296, 46.892449415789841 ], [ 27.623445724762959, 46.892448403093887 ], [ 27.622316362269402, 46.892411823207553 ], [ 27.622277378134896, 46.892398488620429 ], [ 27.622215886303955, 46.892324200433123 ], [ 27.622156893426723, 46.892217456275318 ], [ 27.622100434849752, 46.892057285929944 ], [ 27.622038495203988, 46.891927567580602 ], [ 27.621918021452853, 46.891752201876251 ], [ 27.621725045936898, 46.891424140195909 ], [ 27.621673890305161, 46.891332786208082 ], [ 27.621583456324718, 46.8910428892138 ], [ 27.621554560974143, 46.890844562766333 ], [ 27.621520477618269, 46.890707194406438 ], [ 27.621519900921335, 46.890600377772138 ], [ 27.621530570342824, 46.890527868923719 ], [ 27.621590528436208, 46.890272081450931 ], [ 27.621589765669029, 46.890142323263177 ], [ 27.621572602857608, 46.890050826108777 ], [ 27.621544445427951, 46.889989818162874 ], [ 27.621454839798659, 46.889871619248972 ], [ 27.621421332616087, 46.889841151200038 ], [ 27.621312562604526, 46.889774506594435 ], [ 27.621167639667139, 46.889723173575682 ], [ 27.620911729368714, 46.88969488245624 ], [ 27.620678071870422, 46.889695245860359 ], [ 27.620233400376041, 46.889737845372359 ], [ 27.619799559289305, 46.889738435475394 ], [ 27.619376953791043, 46.889754249103881 ], [ 27.618965483748095, 46.889758645796505 ], [ 27.618553848419751, 46.889751529596474 ], [ 27.618231293526698, 46.889759486358685 ], [ 27.617875354664978, 46.8897638796047 ], [ 27.617208256968304, 46.889822048265621 ], [ 27.616563285442474, 46.889838129293892 ], [ 27.61639637901003, 46.889847948497611 ], [ 27.616065539179409, 46.889850237400658 ], [ 27.616034999667932, 46.889867489104368 ], [ 27.616007436040238, 46.889905644463759 ], [ 27.615996598843235, 46.889966727759095 ], [ 27.616012105728487, 46.890279655946046 ], [ 27.615974595025452, 46.890546809534285 ], [ 27.615970101000148, 46.890752825570914 ], [ 27.615959189686727, 46.890798702766766 ], [ 27.615959592400625, 46.890875010518471 ], [ 27.615938511523499, 46.89109634160976 ], [ 27.615897301405379, 46.89121085529171 ], [ 27.615814590559811, 46.891333059601401 ], [ 27.615779272375718, 46.891493423685617 ], [ 27.615774571278216, 46.891684236590024 ], [ 27.615825816399205, 46.891905456334712 ], [ 27.61584318828184, 46.892050409669139 ], [ 27.615822019500886, 46.892180216235289 ], [ 27.615783891429469, 46.892393925166765 ], [ 27.615687941074658, 46.892668794340977 ], [ 27.615643816406106, 46.892752861293374 ], [ 27.615560992020072, 46.892867416331761 ], [ 27.615539212609107, 46.892943781843478 ], [ 27.615495084421543, 46.893027757908875 ], [ 27.61543705566655, 46.893098464239863 ], [ 27.615340078201946, 46.89316726157756 ], [ 27.615262390603519, 46.893197914129239 ], [ 27.615073704138648, 46.893289759358616 ], [ 27.615040410671433, 46.893293576330528 ], [ 27.614806700678045, 46.893276740241319 ], [ 27.61447297786053, 46.89327143813297 ], [ 27.61376108187655, 46.893297210518277 ], [ 27.612960255858081, 46.893300157746914 ], [ 27.612873991129401, 46.893294553291881 ], [ 27.612826653550457, 46.893279335834571 ], [ 27.612798687408972, 46.893260259401586 ], [ 27.612773584681229, 46.8932297793068 ], [ 27.612742172578514, 46.893084787490686 ], [ 27.612725267411665, 46.893039092043352 ], [ 27.612680363240948, 46.892962800326579 ], [ 27.612624504791672, 46.892915198698034 ], [ 27.612552074527649, 46.89289424912036 ], [ 27.61245201375365, 46.892902009325141 ], [ 27.612029754764961, 46.89298267403074 ], [ 27.61174073189256, 46.893019373463964 ], [ 27.611540822371907, 46.893036501215285 ], [ 27.611273702571602, 46.893061900893983 ], [ 27.611173617498913, 46.893077310297748 ], [ 27.611084663361815, 46.893081212437963 ], [ 27.610917973700033, 46.893111987105783 ], [ 27.610506672170242, 46.893164051575276 ], [ 27.609917223945754, 46.893197199632745 ], [ 27.609283291819931, 46.893217128407386 ], [ 27.60887194893813, 46.893251996685315 ], [ 27.608771740929093, 46.893253996291413 ], [ 27.60834930265559, 46.893298381697868 ], [ 27.608071283137573, 46.893310164578267 ], [ 27.607770980799756, 46.893333516915924 ], [ 27.607448640040893, 46.893368256611232 ], [ 27.607192820477199, 46.893385743226517 ], [ 27.607037044871014, 46.893389716241323 ], [ 27.606922988363397, 46.893382216835612 ], [ 27.606871084443529, 46.893381227967865 ], [ 27.606889646984595, 46.893363170554757 ], [ 27.606958805441479, 46.893313549003643 ], [ 27.607204983902815, 46.893038438215584 ], [ 27.607347561337615, 46.892836592430889 ], [ 27.607505963978223, 46.892595417009595 ], [ 27.607682406238943, 46.892289934358139 ], [ 27.607952906802861, 46.891879367582362 ], [ 27.608118251286484, 46.891583405824257 ], [ 27.608397267879997, 46.891205313251007 ], [ 27.608521613324911, 46.891063994690242 ], [ 27.60861832987305, 46.890937878070922 ], [ 27.608698316041735, 46.890802333876721 ], [ 27.608723000078143, 46.890745075198573 ], [ 27.608838978932987, 46.890563716820807 ], [ 27.608924565394087, 46.890449103255435 ], [ 27.609007582006729, 46.89035740708723 ], [ 27.609264322588192, 46.889983147998436 ], [ 27.609430030380086, 46.889776813107723 ], [ 27.609475363511422, 46.889720437659165 ], [ 27.609426985738342, 46.88970812230032 ], [ 27.609360117662376, 46.889685339404849 ], [ 27.609181832722868, 46.889636003908187 ], [ 27.608959200317802, 46.889598115146676 ], [ 27.608858699393473, 46.889591029118584 ], [ 27.608825718238478, 46.889584935752801 ], [ 27.608280611039486, 46.889570362935345 ], [ 27.608147136563911, 46.889581932734671 ], [ 27.607958035086323, 46.889586029377611 ], [ 27.607502188817929, 46.889628561578476 ], [ 27.607379897613544, 46.889632496841216 ], [ 27.607235374738309, 46.889651788857115 ], [ 27.606812846169703, 46.889682852361993 ], [ 27.60607913005294, 46.889756229845283 ], [ 27.605434355852847, 46.889844784539562 ], [ 27.605211984179242, 46.889864119088806 ], [ 27.605011959460633, 46.889894917825735 ], [ 27.604789599152049, 46.889920011118512 ], [ 27.604356170378516, 46.889989204289719 ], [ 27.604278194831259, 46.889989346907527 ], [ 27.604264311625219, 46.889981740807521 ], [ 27.604272399396187, 46.889939707600092 ], [ 27.604493788298321, 46.889367456138558 ], [ 27.604547100566961, 46.889244931749829 ], [ 27.604596753475963, 46.889160926019741 ], [ 27.604745321869238, 46.888851578471069 ], [ 27.604833622590387, 46.888695056118223 ], [ 27.60489681575708, 46.888540451024092 ], [ 27.604976754544548, 46.888401042377659 ], [ 27.605218519793894, 46.887818783501324 ], [ 27.60527104619235, 46.88774811936397 ], [ 27.605345406136966, 46.887599203185168 ], [ 27.605488247166079, 46.887236525498828 ], [ 27.605485199816119, 46.887205995305465 ], [ 27.605462678894327, 46.887152596883105 ], [ 27.605476082023152, 46.887038175579747 ], [ 27.605514675321672, 46.886961798217115 ], [ 27.605575380550764, 46.886870156062976 ], [ 27.605602735498788, 46.886797542591793 ], [ 27.605629864696372, 46.886660130764149 ], [ 27.605651818591433, 46.886595286434272 ], [ 27.605784005807394, 46.886322308167486 ], [ 27.605775564771044, 46.886305129506511 ], [ 27.605767205651986, 46.886303246735189 ], [ 27.605597626233177, 46.886309151862825 ], [ 27.605477943412268, 46.886301688380698 ], [ 27.60521107832005, 46.886315367227127 ], [ 27.605077634370527, 46.886330174585709 ], [ 27.604966508957929, 46.886342314778524 ], [ 27.604699607901253, 46.886338895565061 ], [ 27.604566140645137, 46.886350463853383 ], [ 27.604510567857513, 46.886346767888718 ], [ 27.60422142280639, 46.886358519726187 ], [ 27.603498749979206, 46.886420474908604 ], [ 27.603042943148942, 46.886468747828211 ], [ 27.603009645544528, 46.886466888040438 ], [ 27.602475848799102, 46.886509450078762 ], [ 27.602342490771889, 46.886509671862811 ], [ 27.602164527475665, 46.886521340129214 ], [ 27.601930920128328, 46.886519683716877 ], [ 27.601575004283102, 46.886529607972051 ], [ 27.601285915862452, 46.886545221024797 ], [ 27.601019064072759, 46.886545573847663 ], [ 27.600829993319675, 46.88656108787201 ], [ 27.600663213501434, 46.886565122609298 ], [ 27.600618738849207, 46.886576562995927 ], [ 27.600162864638758, 46.886596207788919 ], [ 27.599703988287974, 46.886602507103717 ], [ 27.599540500111676, 46.886595753612724 ], [ 27.599375437592677, 46.886600016846749 ], [ 27.599378029308998, 46.886459743713495 ], [ 27.599396834832021, 46.886331884541498 ], [ 27.599395798699049, 46.886110603047939 ], [ 27.599378749370697, 46.886034311723314 ], [ 27.599372497242417, 46.885912143840152 ], [ 27.599385689074577, 46.885757594776578 ], [ 27.599363423004256, 46.885736676659441 ], [ 27.599296596429554, 46.885730982040364 ], [ 27.599096480127244, 46.885735045395215 ], [ 27.59872937634286, 46.885727842832928 ], [ 27.59859585899758, 46.885716544258081 ], [ 27.59808413637197, 46.88570188835881 ], [ 27.597583392737143, 46.885664305295315 ], [ 27.59724962473004, 46.885632318458363 ], [ 27.597129879198945, 46.88561521625514 ], [ 27.597096838272641, 46.885610561772424 ], [ 27.597151883664868, 46.885548485265261 ], [ 27.597190634199322, 46.885521692976369 ], [ 27.597486742475706, 46.885219920075016 ], [ 27.59816781457241, 46.884421953171014 ], [ 27.59830244046957, 46.884264933344028 ], [ 27.598432236524957, 46.884089301900666 ], [ 27.598708672601134, 46.883760789853383 ], [ 27.598855164650367, 46.883558325870133 ], [ 27.599139940387037, 46.883226022949245 ], [ 27.599435552635789, 46.882845957208751 ], [ 27.599606943973935, 46.882645448745969 ], [ 27.599723023835804, 46.882485064559852 ], [ 27.599819751023844, 46.882378125151028 ], [ 27.599880555996695, 46.882294047050898 ], [ 27.599883174824015, 46.882269238725613 ], [ 27.599824668913296, 46.882223490678385 ], [ 27.599785654094681, 46.882206370307038 ], [ 27.599629724867995, 46.882162728610503 ], [ 27.599114971114226, 46.882086949696216 ], [ 27.598794883513335, 46.882016770224958 ], [ 27.598480432450383, 46.881965631323659 ], [ 27.598260531510022, 46.881918210096579 ], [ 27.598015703752679, 46.881876479244816 ], [ 27.597826530782083, 46.881853834717916 ], [ 27.597759413681938, 46.881839237880925 ], [ 27.597548209319658, 46.881800708130051 ], [ 27.597434170451269, 46.881787530299427 ], [ 27.597381165662835, 46.881774235176884 ], [ 27.596933251927368, 46.881709898184894 ], [ 27.596579881514263, 46.881643524191205 ], [ 27.596398969076695, 46.881620778545702 ], [ 27.596334972233262, 46.881605570616614 ], [ 27.596179137194273, 46.881582893332514 ], [ 27.595811728203582, 46.881497477500304 ], [ 27.595266498404595, 46.881442799929239 ], [ 27.594888095381346, 46.881374462697757 ], [ 27.594217545556308, 46.881287498004092 ], [ 27.593304941473448, 46.881139737733598 ], [ 27.592470120303314, 46.880987974509651 ], [ 27.592417270697261, 46.880986193273117 ], [ 27.592193224737571, 46.880950644323747 ], [ 27.59074923726952, 46.880653001045218 ], [ 27.590712799529282, 46.880632128035174 ], [ 27.590698023809619, 46.880542642987059 ], [ 27.590735344645797, 46.880384400017228 ], [ 27.590859251106433, 46.880002818660621 ], [ 27.590934332907338, 46.87973392753679 ], [ 27.591042745841307, 46.87946483064556 ], [ 27.591088369873521, 46.879304597291373 ], [ 27.591095603638394, 46.879197879797928 ], [ 27.591160805235191, 46.879048997719458 ], [ 27.591193052588785, 46.87893838618244 ], [ 27.591205088808749, 46.878893656074439 ], [ 27.591021084705382, 46.878863595441395 ], [ 27.590785724533873, 46.87882181839344 ], [ 27.590295179809292, 46.878718816311689 ], [ 27.590016499589463, 46.87867404777181 ], [ 27.589693263910213, 46.878614264655397 ], [ 27.589537085299973, 46.878578714831079 ], [ 27.589322636534892, 46.878543304789474 ], [ 27.589180271206903, 46.878505644226138 ], [ 27.588946160825763, 46.878456995592742 ], [ 27.588767652304799, 46.878410064876888 ], [ 27.588642252665721, 46.878389572948841 ], [ 27.588366337868916, 46.878325749840663 ], [ 27.588310448949542, 46.878306935545091 ], [ 27.588109665894603, 46.878258076798886 ], [ 27.587830972173307, 46.878201968179738 ], [ 27.587529797924255, 46.878123049810895 ], [ 27.587284442242499, 46.878072491254237 ], [ 27.587206365849145, 46.878048052873602 ], [ 27.586746592923017, 46.877973505970893 ], [ 27.586459450397228, 46.877913531108518 ], [ 27.586080536143925, 46.877850215731733 ], [ 27.585466494314332, 46.877724946727156 ], [ 27.585132972247738, 46.87766115000872 ], [ 27.584921257105755, 46.877633408485138 ], [ 27.584762702282902, 46.877635884322899 ], [ 27.584737736300696, 46.877643555769716 ], [ 27.584707437703919, 46.877674204260707 ], [ 27.58466035628912, 46.877963970756085 ], [ 27.584611783937429, 46.878101314664562 ], [ 27.584585286521559, 46.878230965571568 ], [ 27.584379851482442, 46.878811011557751 ], [ 27.584336414693588, 46.878910261386984 ], [ 27.584299166296351, 46.879070394950162 ], [ 27.584277431818485, 46.879123800533272 ], [ 27.58424579630293, 46.879291632562044 ], [ 27.584238549162009, 46.879398352456498 ], [ 27.58424490767289, 46.879482177140432 ], [ 27.584218712286553, 46.879634679468424 ], [ 27.584169527667171, 46.879726317422225 ], [ 27.58408558458455, 46.87994770396346 ], [ 27.584089576212943, 46.880056240889871 ], [ 27.584230165896159, 46.88047490585307 ], [ 27.584364031699995, 46.880777441637015 ], [ 27.584474742727767, 46.880952163405169 ], [ 27.584539276096621, 46.88105304209968 ], [ 27.584595502711316, 46.881111901125713 ], [ 27.584663254629405, 46.88120317059731 ], [ 27.58484969378685, 46.88147680961503 ], [ 27.584986383015664, 46.881788822824547 ], [ 27.585021444561651, 46.881948772948647 ], [ 27.585028108556305, 46.882055449030375 ], [ 27.585003891028666, 46.882139329367995 ], [ 27.584999702820124, 46.882268928964628 ], [ 27.584972836654359, 46.882360519332458 ], [ 27.584965585249975, 46.88246723568404 ], [ 27.584997679557105, 46.88260619393867 ], [ 27.585074082803036, 46.882741184965525 ], [ 27.585097037507033, 46.88280969783591 ], [ 27.585108937895161, 46.882885837473367 ], [ 27.585102095801165, 46.883023057212604 ], [ 27.585109339256068, 46.883183087565087 ], [ 27.585097560338824, 46.88339844357688 ], [ 27.585103210169265, 46.883670917649333 ], [ 27.585134535267333, 46.883746984311855 ], [ 27.585225076409021, 46.883883908063289 ], [ 27.585253913917377, 46.883990447652806 ], [ 27.585252687129664, 46.884135280253624 ], [ 27.585242208044967, 46.884196265018566 ], [ 27.585248669735272, 46.884554487898804 ], [ 27.58518031765464, 46.884756083168455 ], [ 27.585148130972502, 46.884849140978424 ], [ 27.585094731585322, 46.885000905217154 ], [ 27.585068333237661, 46.885138201659188 ], [ 27.58500867098099, 46.885290824468235 ], [ 27.584904987291516, 46.885489342880881 ], [ 27.584858965535659, 46.885611509836806 ], [ 27.584817911703492, 46.885672640168664 ], [ 27.584773688269799, 46.885703239015335 ], [ 27.584765862714367, 46.885756604457029 ], [ 27.584788300567137, 46.885775629738774 ], [ 27.584899868962196, 46.885805705853635 ], [ 27.585100508540311, 46.885837385102278 ], [ 27.585418272542078, 46.885897216871115 ], [ 27.58555220093189, 46.885931022491484 ], [ 27.585775163273727, 46.885968230553019 ], [ 27.58595360442261, 46.886013364047095 ], [ 27.586287935132866, 46.886065442932832 ], [ 27.586667165666174, 46.886147917728273 ], [ 27.586878920925546, 46.886181416195981 ], [ 27.587012801568562, 46.886211437736527 ], [ 27.587191174571608, 46.886241276785007 ], [ 27.58723578287535, 46.886254494169883 ], [ 27.587525583127661, 46.886308645339639 ], [ 27.587592640118267, 46.886327480257592 ], [ 27.587614815076723, 46.886327341555535 ], [ 27.588116526216265, 46.88642083429923 ], [ 27.588172374305106, 46.886435870690811 ], [ 27.58829494828742, 46.886454447723189 ], [ 27.588518068353469, 46.886503167488911 ], [ 27.588612702734185, 46.886508512069568 ], [ 27.588813309793302, 46.886542071971881 ], [ 27.588880033391735, 46.886545616853809 ], [ 27.588958194904269, 46.886560600806625 ], [ 27.588989037226792, 46.886574217599993 ], [ 27.589025035110879, 46.886577546232587 ], [ 27.589069724969757, 46.886592564622333 ], [ 27.589156422278357, 46.886632284076718 ], [ 27.589173344890288, 46.886651255110522 ], [ 27.589176581883102, 46.886696989952476 ], [ 27.58913121983699, 46.886887721534613 ], [ 27.589090814242674, 46.887017414725726 ], [ 27.589093877913772, 46.887040294233472 ], [ 27.589080064134134, 46.887047896957142 ], [ 27.589042041510893, 46.887139556989567 ], [ 27.589004335408287, 46.887259738025307 ], [ 27.588965572519751, 46.887280858852819 ], [ 27.58853224620141, 46.887335770755399 ], [ 27.587743498633973, 46.887460573878563 ], [ 27.586765608233343, 46.88759951946647 ], [ 27.585377119394785, 46.88784081331665 ], [ 27.585143722681412, 46.887868367058509 ], [ 27.584743875915986, 46.88793456974021 ], [ 27.584543861263441, 46.887960206465351 ], [ 27.584343885371837, 46.887989439144818 ], [ 27.584320159337246, 46.88799285096875 ], [ 27.584370935836979, 46.888193212760456 ], [ 27.584509737545009, 46.888703353501398 ], [ 27.584542145116533, 46.888870832720045 ], [ 27.584548367862897, 46.888918749691562 ], [ 27.580474960472934, 46.888883200925292 ], [ 27.576390602900254, 46.888854596319241 ], [ 27.576312673641095, 46.888847249277532 ], [ 27.576257161400864, 46.888853169768829 ], [ 27.576023026803021, 46.888810164951828 ], [ 27.575763654218726, 46.888744411780017 ], [ 27.575063293276564, 46.888550637030022 ], [ 27.574974136419186, 46.88852806048321 ], [ 27.574929595476583, 46.888524465607681 ], [ 27.574762644409613, 46.888525044012113 ], [ 27.57431788055208, 46.888555136759891 ], [ 27.574017418548408, 46.888563918128874 ], [ 27.573639364052781, 46.888586216162203 ], [ 27.572649204012599, 46.888614440285224 ], [ 27.57240433238314, 46.888613424393547 ], [ 27.572334914977507, 46.888625054890809 ], [ 27.572310353403651, 46.888668979526109 ], [ 27.572282686962563, 46.888686245361413 ], [ 27.571982927904415, 46.888754042564344 ], [ 27.57151644714984, 46.88883563614089 ], [ 27.571183258613914, 46.88890165617596 ], [ 27.571083178774114, 46.888917207910268 ], [ 27.571008196752768, 46.888919420281646 ], [ 27.570988540334017, 46.888911849897632 ], [ 27.570980073885792, 46.888896649322035 ], [ 27.571000377349712, 46.888696494185375 ], [ 27.571042610905277, 46.888477221521605 ], [ 27.571044935843478, 46.888423889914634 ], [ 27.571095414756094, 46.888187423056138 ], [ 27.57111562798951, 46.887991050616385 ], [ 27.571131732022678, 46.887932013665392 ], [ 27.571141176577751, 46.887840638292985 ], [ 27.571157751161376, 46.887752791939789 ], [ 27.571167572562967, 46.887625045042093 ], [ 27.571199242515704, 46.887451547021371 ], [ 27.571202539971178, 46.88723053188334 ], [ 27.571218380121554, 46.887146660833615 ], [ 27.571217355781634, 46.887047596548157 ], [ 27.571243153492755, 46.886841648900564 ], [ 27.571234468446214, 46.886536843283388 ], [ 27.571222684406337, 46.886468350539673 ], [ 27.571208311395875, 46.886140632634053 ], [ 27.571190618269199, 46.886041581945307 ], [ 27.571189754601004, 46.885965374982931 ], [ 27.571160741533301, 46.885843537653486 ], [ 27.571130600123944, 46.88561498679563 ], [ 27.571107661752819, 46.885546471037244 ], [ 27.571092755380345, 46.885439887541878 ], [ 27.571064171458318, 46.885371316804196 ], [ 27.571046477896846, 46.88527235608337 ], [ 27.571035152420002, 46.885249478662296 ], [ 27.571008530307452, 46.885089517574286 ], [ 27.570970852015172, 46.884937274594442 ], [ 27.570827763797958, 46.884541421793116 ], [ 27.570735908878927, 46.884259800084521 ], [ 27.570670020296156, 46.884099458262227 ], [ 27.570535987685737, 46.883742189855646 ], [ 27.570346368654487, 46.883148391431583 ], [ 27.570112000670338, 46.882524270685927 ], [ 27.570034257565908, 46.882257722212998 ], [ 27.569862638784205, 46.881785826121977 ], [ 27.569799239547862, 46.88157259659021 ], [ 27.569616564981168, 46.881108326305409 ], [ 27.569481802670293, 46.880704906283903 ], [ 27.569442002741141, 46.880621196593978 ], [ 27.569373190447763, 46.880415648083108 ], [ 27.569348181626186, 46.880308931268978 ], [ 27.569332366475621, 46.880232873887834 ], [ 27.568992473076527, 46.879342375301874 ], [ 27.568697436897249, 46.878489749138176 ], [ 27.568574625102304, 46.878177680082636 ], [ 27.568511268236701, 46.877956889055092 ], [ 27.568359296194135, 46.877500122074458 ], [ 27.568336819567467, 46.8774773119587 ], [ 27.568303344737519, 46.877465998306583 ], [ 27.568267264179667, 46.877471844794343 ], [ 27.56822290192088, 46.877496771527234 ], [ 27.568170679847377, 46.8775579638775 ], [ 27.568108256927651, 46.877702988684995 ], [ 27.568081358987282, 46.877794575624627 ], [ 27.568065578057432, 46.877893651882928 ], [ 27.568057485968794, 46.878190913274032 ], [ 27.568016457064736, 46.878397019097974 ], [ 27.567998897932135, 46.878450237504659 ], [ 27.567999263332933, 46.87848838888317 ], [ 27.567983223577624, 46.878557053773513 ], [ 27.567977477490114, 46.878818080538878 ], [ 27.567987104846409, 46.878938101680546 ], [ 27.567968376063707, 46.879022036815698 ], [ 27.567949412914796, 46.879067816754265 ], [ 27.567908197951933, 46.879123185706703 ], [ 27.567880676416078, 46.87914620713844 ], [ 27.567733785157831, 46.879203836708605 ], [ 27.567600980730695, 46.879265291235036 ], [ 27.567495980107402, 46.879339990262025 ], [ 27.567465763582305, 46.879378190168559 ], [ 27.567390045494825, 46.879591819907134 ], [ 27.567315807847027, 46.879675911353644 ], [ 27.56720534634249, 46.879760175978959 ], [ 27.567169621139122, 46.879798411193754 ], [ 27.567114963344633, 46.879905286452875 ], [ 27.567098853714146, 46.879958654192116 ], [ 27.567099218344072, 46.879996801966186 ], [ 27.567117069828399, 46.880118712575758 ], [ 27.56714019723546, 46.880202432578159 ], [ 27.567138360476619, 46.880293909213144 ], [ 27.567122220770241, 46.880354928235668 ], [ 27.567083805753221, 46.880408430056789 ], [ 27.566940469936579, 46.880538520272253 ], [ 27.566899394062109, 46.880599641002846 ], [ 27.566923541408826, 46.88078242554672 ], [ 27.566964124199796, 46.880957555227091 ], [ 27.566964783917694, 46.881018559168098 ], [ 27.566934930941137, 46.881094912985063 ], [ 27.56685802986107, 46.881186620398836 ], [ 27.566767025772641, 46.881268834875307 ], [ 27.566595775044863, 46.881397111802592 ], [ 27.566529380479, 46.881433597983566 ], [ 27.566496099520361, 46.88144316049695 ], [ 27.56636283518564, 46.881458907223298 ], [ 27.566304594393788, 46.881476223338538 ], [ 27.566249221957207, 46.881512645744642 ], [ 27.566092164837087, 46.881657975231171 ], [ 27.566009815928687, 46.881765014547014 ], [ 27.565971561118584, 46.88184137422278 ], [ 27.565960996753173, 46.881887147686918 ], [ 27.565956368849438, 46.881986247882232 ], [ 27.56593590468928, 46.882039081465798 ], [ 27.565935013230007, 46.882070150140159 ], [ 27.565896950352705, 46.88216171313384 ], [ 27.565903576720373, 46.882268389792685 ], [ 27.565949639066265, 46.882420630408312 ], [ 27.565983695578979, 46.882496728459913 ], [ 27.565983994562718, 46.882519673636061 ], [ 27.566040553869538, 46.882610930131108 ], [ 27.566046427505878, 46.882648956128534 ], [ 27.566074807038561, 46.882702235000679 ], [ 27.566080709812798, 46.882732698833486 ], [ 27.566075623967709, 46.882786091837602 ], [ 27.566028941935556, 46.88284526976804 ], [ 27.565976367026007, 46.882879738002813 ], [ 27.565932079514301, 46.882895214241607 ], [ 27.565690476501874, 46.882932181088393 ], [ 27.565646147004781, 46.882949545378224 ], [ 27.565618493458516, 46.882978238930775 ], [ 27.565605071362562, 46.883016338942689 ], [ 27.565600644427999, 46.883130732225688 ], [ 27.565491742633899, 46.883367327172792 ], [ 27.565476717220481, 46.883535055194997 ], [ 27.565401869751316, 46.883847839118907 ], [ 27.565397276162734, 46.88393928694957 ], [ 27.565348247422257, 46.884040454280338 ], [ 27.565270959256694, 46.884113092519797 ], [ 27.56497746437638, 46.884237968377413 ], [ 27.564842121534031, 46.884337546259637 ], [ 27.564787031950022, 46.884391062729925 ], [ 27.564679867220804, 46.884528621930549 ], [ 27.564642007237971, 46.884635477489013 ], [ 27.564637274689673, 46.884726929243378 ], [ 27.564599105334544, 46.884805177272703 ], [ 27.564574431374556, 46.884835785971184 ], [ 27.56419029784675, 46.885092449422864 ], [ 27.564079607607837, 46.885149992254306 ], [ 27.56401308154679, 46.885145217304647 ], [ 27.563999772687371, 46.885183747449162 ], [ 27.563942238975894, 46.88535031292885 ], [ 27.563838077525361, 46.885651877922648 ], [ 27.563663071723784, 46.886158539998426 ], [ 27.563380188671207, 46.886977516903734 ], [ 27.563097297318187, 46.887796492995975 ], [ 27.562804790269933, 46.888643256758314 ], [ 27.562726433053047, 46.889367858539153 ], [ 27.562595635562346, 46.890057069350846 ], [ 27.562464821814945, 46.890746280193746 ], [ 27.562237775734889, 46.891447115296124 ], [ 27.561975850682824, 46.892255550459382 ], [ 27.561805387382268, 46.892587690081207 ], [ 27.561520123182479, 46.893143501081049 ], [ 27.561267050107837, 46.893794954928602 ], [ 27.561088551153794, 46.894254445368972 ], [ 27.560699714822746, 46.894883084777121 ], [ 27.560463610420637, 46.895264782939691 ], [ 27.560305053348689, 46.895567829611878 ], [ 27.560241651871266, 46.895712232534052 ], [ 27.560195305103111, 46.895817756318401 ], [ 27.559962921675545, 46.896173613734256 ], [ 27.559572640045641, 46.896695536390702 ], [ 27.559414278304875, 46.896907321237727 ], [ 27.558836948443723, 46.897756425470462 ], [ 27.558634320250174, 46.898257529907639 ], [ 27.558425714550822, 46.898554052594861 ], [ 27.558230406835335, 46.898831668591207 ], [ 27.557774795913719, 46.899479273409582 ], [ 27.557638861038622, 46.899672486697419 ], [ 27.557610890876603, 46.89978196633281 ], [ 27.557625955171428, 46.899916356090571 ], [ 27.557565674706503, 46.900211080203896 ], [ 27.55729476119625, 46.900667663574787 ], [ 27.557082624909487, 46.901025188968603 ], [ 27.556946048789062, 46.901094536120063 ], [ 27.556783332320425, 46.901300221656044 ], [ 27.556585499518579, 46.901550315671194 ], [ 27.556492927759599, 46.901713821083646 ], [ 27.556442108616793, 46.90180357591661 ], [ 27.55646131642748, 46.901922592537126 ], [ 27.556515495677122, 46.902053118112484 ], [ 27.556546625632418, 46.902187142643072 ], [ 27.556539725975721, 46.902289098978109 ], [ 27.556477559307559, 46.9023593333417 ], [ 27.556358631084123, 46.902429332340041 ], [ 27.556162118314198, 46.902474106644725 ], [ 27.556004304838257, 46.902510058012922 ], [ 27.555874179758046, 46.902563457508322 ], [ 27.555633241294164, 46.902757573916944 ], [ 27.55527933284883, 46.903064852559453 ], [ 27.554833476002067, 46.903451960012731 ], [ 27.554459337800953, 46.903776792447658 ], [ 27.554065280837957, 46.904149627611048 ], [ 27.553833188971552, 46.904385716037183 ], [ 27.553756168230844, 46.904482745599886 ], [ 27.553561403723432, 46.904584569908288 ], [ 27.553255659076761, 46.904744424045617 ], [ 27.553150532173145, 46.904838304782295 ], [ 27.552984958782883, 46.905030161338615 ], [ 27.552891441876096, 46.905163103865775 ], [ 27.552824604639625, 46.905258107346199 ], [ 27.552761868461047, 46.905325067309739 ], [ 27.552685142182984, 46.905406961290716 ], [ 27.552563776736452, 46.905500157026758 ], [ 27.552400587505492, 46.905645171106777 ], [ 27.552286269761552, 46.905763661291132 ], [ 27.55222365831278, 46.905828557273878 ], [ 27.552150375334161, 46.905887974717984 ], [ 27.551956732538848, 46.905996773007992 ], [ 27.551797895568541, 46.906067011428739 ], [ 27.551606338371673, 46.906166313402245 ], [ 27.551513776856805, 46.906240214399382 ], [ 27.551449467259079, 46.90632707045873 ], [ 27.5513661208104, 46.906439654524995 ], [ 27.551181910884477, 46.906609385757797 ], [ 27.551054900350664, 46.906746487599307 ], [ 27.550941410714227, 46.906869007827737 ], [ 27.550863609030593, 46.906930405287056 ], [ 27.550794315012105, 46.906985080785091 ], [ 27.550688355517753, 46.907049755948002 ], [ 27.550593807808667, 46.907107473882512 ], [ 27.550492855971736, 46.907215748950563 ], [ 27.550411279817808, 46.907303256314243 ], [ 27.550316435765776, 46.907384253428646 ], [ 27.550268843102021, 46.907424895222142 ], [ 27.550248849982264, 46.907464071563432 ], [ 27.55011840463952, 46.907719619473511 ], [ 27.549978079687126, 46.907914584684363 ], [ 27.549837754159068, 46.908109558712944 ], [ 27.549543558464883, 46.908421914532163 ], [ 27.549417774840371, 46.908601708156375 ], [ 27.549230260732156, 46.908869739202096 ], [ 27.54911508129619, 46.909173572832358 ], [ 27.548981572341091, 46.909525761144764 ], [ 27.548817743468042, 46.910027580075798 ], [ 27.548479815542144, 46.911062645334624 ], [ 27.548447645213407, 46.911315820684386 ], [ 27.548301027884015, 46.911691048443089 ], [ 27.548087193685987, 46.912099187817468 ], [ 27.54803556083257, 46.912233540098555 ], [ 27.547990784451503, 46.912369036765639 ], [ 27.547949161966365, 46.912533604231456 ], [ 27.547916221857729, 46.91266388054666 ], [ 27.547849052431108, 46.912929420362602 ], [ 27.547838779392798, 46.91305662189037 ], [ 27.547782345524787, 46.91320926815898 ], [ 27.547566728057586, 46.913651166936852 ], [ 27.547540400006557, 46.913705124898918 ], [ 27.547302859025642, 46.914318975617412 ], [ 27.546288664159313, 46.914091252591028 ], [ 27.546186662758359, 46.91424747809647 ], [ 27.546173284705198, 46.914267968468039 ], [ 27.54593937761727, 46.914208453745253 ], [ 27.545346643169243, 46.914029138842317 ], [ 27.544525566983317, 46.913805452749848 ], [ 27.543699829982149, 46.913562361712913 ], [ 27.542853000718338, 46.913303440843251 ], [ 27.542314266456252, 46.913138722806238 ], [ 27.541461537203372, 46.912889236441195 ], [ 27.541121555413053, 46.912789761271178 ], [ 27.540909842102035, 46.912866531158791 ], [ 27.540608845723799, 46.912802436466151 ], [ 27.5401929999658, 46.912651802934214 ], [ 27.539971477346974, 46.912571556473814 ], [ 27.539649435559273, 46.91245490669629 ], [ 27.538529121965166, 46.912120001177591 ], [ 27.538257850976944, 46.912083891455218 ], [ 27.537981568068105, 46.912087381328909 ], [ 27.537576020598838, 46.91195220696455 ], [ 27.5369864059066, 46.911765455309947 ], [ 27.53616067161326, 46.911503897817582 ], [ 27.535918757720218, 46.911416208610362 ], [ 27.535626946996231, 46.911310429227854 ], [ 27.535238536877241, 46.911192373942789 ], [ 27.535069232434513, 46.91111975353698 ], [ 27.535000655770769, 46.911090338922094 ], [ 27.534932382508515, 46.911178487329472 ], [ 27.534709209628673, 46.911466662494043 ], [ 27.534420548439208, 46.91189050447008 ], [ 27.534211376738458, 46.912249259972462 ], [ 27.53407734458078, 46.9124791195296 ], [ 27.534004630484048, 46.912577678353358 ], [ 27.533871720092709, 46.912734445923896 ], [ 27.533688437931808, 46.913001664288934 ], [ 27.533584047464032, 46.913153871997011 ], [ 27.533523587936649, 46.913142196169488 ], [ 27.533103348918772, 46.913795839066253 ], [ 27.532733871211764, 46.914370537461593 ], [ 27.531876643848587, 46.91599947374737 ], [ 27.530199210622438, 46.915753713346518 ], [ 27.529529961901691, 46.915655653808841 ], [ 27.52952992212089, 46.915655645681973 ], [ 27.52951918799042, 46.915654072260779 ], [ 27.529371182286486, 46.915619757802382 ], [ 27.529191980669548, 46.91555891024624 ], [ 27.52901277945092, 46.915498062406506 ], [ 27.527271416982774, 46.915343356196459 ], [ 27.523697061742599, 46.914876652696513 ], [ 27.522492549056498, 46.914766120051247 ], [ 27.520929124358233, 46.914622632137473 ], [ 27.519966966676833, 46.914534316393819 ], [ 27.519972656709648, 46.914505210111088 ], [ 27.520032756096377, 46.914197783771797 ], [ 27.5200670402992, 46.914022413018628 ], [ 27.520112823709955, 46.913788211479897 ], [ 27.520142951300176, 46.913634098309778 ], [ 27.520274162666627, 46.913389012011322 ], [ 27.520423248251948, 46.913256859946038 ], [ 27.520542878760796, 46.913034103071922 ], [ 27.52073014845687, 46.91268539365408 ], [ 27.520942936505278, 46.912419435116604 ], [ 27.5210723460936, 46.912230052578025 ], [ 27.521201756099614, 46.91204066986343 ], [ 27.521256734638914, 46.911807781205752 ], [ 27.521266363630176, 46.91162491157705 ], [ 27.521338412761502, 46.911406183746386 ], [ 27.521496521138737, 46.91092618777899 ], [ 27.521654628110202, 46.910446191522531 ], [ 27.521804620346163, 46.910232688238857 ], [ 27.521926029569169, 46.910104774173881 ], [ 27.522047436868743, 46.909976859111332 ], [ 27.522325587781836, 46.909683797679747 ], [ 27.522491365078597, 46.909451116624581 ], [ 27.522660523204305, 46.909092025431448 ], [ 27.522791274689116, 46.908636281772395 ], [ 27.522972940652878, 46.908003064978644 ], [ 27.523121588777318, 46.907697354957797 ], [ 27.52322278629498, 46.907604811410522 ], [ 27.523368685516658, 46.90747138653375 ], [ 27.523472144362074, 46.907356205396276 ], [ 27.523562962371606, 46.907236123416254 ], [ 27.523621844143225, 46.90710702901049 ], [ 27.523669822919196, 46.907001838325186 ], [ 27.523684606839488, 46.906892095095749 ], [ 27.52368833535267, 46.906699680465898 ], [ 27.523692386364338, 46.906490686167125 ], [ 27.523677588179716, 46.90633454548977 ], [ 27.523629856317363, 46.906198039042806 ], [ 27.523616473475652, 46.906095342463878 ], [ 27.523635882915052, 46.905967243355249 ], [ 27.523666948731321, 46.905762214151544 ], [ 27.523706982298254, 46.90549799772063 ], [ 27.523780593359106, 46.905237195026224 ], [ 27.52385420504833, 46.904976392242148 ], [ 27.523921016779823, 46.90473967875257 ], [ 27.523924680176641, 46.904644245088171 ], [ 27.523928889008719, 46.90453459374433 ], [ 27.523919321613665, 46.904425099983143 ], [ 27.523870082823407, 46.90418883541679 ], [ 27.523779259305265, 46.903753023162466 ], [ 27.523746448158654, 46.903613826790952 ], [ 27.52373235368988, 46.903392885753604 ], [ 27.523750318035724, 46.903130020638876 ], [ 27.52376828358766, 46.902867156372082 ], [ 27.523774237018117, 46.902780060084176 ], [ 27.523788277323245, 46.902574614058757 ], [ 27.523806166300535, 46.902312874554497 ], [ 27.523805910635136, 46.90206528799628 ], [ 27.523783976306849, 46.901971202069348 ], [ 27.523709659326936, 46.901801218786154 ], [ 27.523633475026397, 46.901673602884443 ], [ 27.52347434844501, 46.901407049854186 ], [ 27.523303239860191, 46.901225785449647 ], [ 27.52324744589523, 46.901158230414211 ], [ 27.523214563086164, 46.901071261424974 ], [ 27.523172254987021, 46.900874274328629 ], [ 27.523132734452876, 46.900500334235446 ], [ 27.523108077382247, 46.900267036483655 ], [ 27.523113621538201, 46.900127053512605 ], [ 27.523127394258157, 46.90003061915089 ], [ 27.523178805809394, 46.899858046692088 ], [ 27.523206507718793, 46.899723730830743 ], [ 27.523189235786393, 46.899491240659437 ], [ 27.523165707476714, 46.899174527612907 ], [ 27.523137568907678, 46.898940184634618 ], [ 27.523100326730237, 46.89879815466233 ], [ 27.523076312307179, 46.898706568234687 ], [ 27.523037181792802, 46.898557336740389 ], [ 27.522997212435286, 46.898365117528428 ], [ 27.522971819735471, 46.898243002426668 ], [ 27.522946427113951, 46.89812088641456 ], [ 27.522925428588593, 46.898019902328741 ], [ 27.522917780526249, 46.897927412319483 ], [ 27.522929116857547, 46.897733373708292 ], [ 27.522921149411896, 46.897539256257112 ], [ 27.522905467671702, 46.897383257747045 ], [ 27.522874500541587, 46.897175888710144 ], [ 27.522856329421487, 46.896812634979284 ], [ 27.522899649389831, 46.896540143993057 ], [ 27.522952735562527, 46.896334374185187 ], [ 27.522990580983048, 46.896220434370932 ], [ 27.523125323440173, 46.895955001349499 ], [ 27.523330189705728, 46.895593743311437 ], [ 27.523546755058305, 46.895176095910593 ], [ 27.523708606418065, 46.894885290202133 ], [ 27.523969138683022, 46.894417172846282 ], [ 27.524081672167846, 46.89423249972787 ], [ 27.524191351544811, 46.894084808706246 ], [ 27.524252732521624, 46.893989443750776 ], [ 27.524320209157356, 46.89384266946918 ], [ 27.524464732862121, 46.893528294116578 ], [ 27.524540156672177, 46.893293972634588 ], [ 27.524520117750058, 46.893213600029291 ], [ 27.524461145476671, 46.893131500736338 ], [ 27.524391625500055, 46.893065107108846 ], [ 27.524140295283338, 46.892889428840661 ], [ 27.523620595318036, 46.892562301510942 ], [ 27.523407545929491, 46.892346936203147 ], [ 27.522566987516388, 46.891770313991501 ], [ 27.521831174899379, 46.891362307493416 ], [ 27.522085379263682, 46.891100830574374 ], [ 27.522563055470343, 46.890609478871994 ], [ 27.522937236995229, 46.89069591689681 ], [ 27.52356189775632, 46.890840214049732 ], [ 27.523914632923649, 46.890898409843864 ], [ 27.52404728988073, 46.890843221541218 ], [ 27.524157860331627, 46.890768585386894 ], [ 27.524309029176226, 46.890623855344721 ], [ 27.524469990156142, 46.890548115426746 ], [ 27.524601778014173, 46.890293418150463 ], [ 27.524966948123083, 46.889772864841525 ], [ 27.525149733016274, 46.88945896664103 ], [ 27.525282623421955, 46.889258942707286 ], [ 27.525432077739676, 46.889033986917632 ], [ 27.525666530074911, 46.88875706537462 ], [ 27.525806692131162, 46.888591510846936 ], [ 27.525961094691642, 46.888462611591983 ], [ 27.526186271922011, 46.888360759058649 ], [ 27.52630516584377, 46.888297657520283 ], [ 27.526522334608053, 46.888203806741302 ], [ 27.52671751726535, 46.888089486472175 ], [ 27.526850124255176, 46.887989495134242 ], [ 27.52726330921239, 46.887724569613482 ], [ 27.527541916594071, 46.887518150477256 ], [ 27.527813447401975, 46.887358202998335 ], [ 27.528191812309338, 46.887153709204703 ], [ 27.528291141787491, 46.887083982560817 ], [ 27.528391734726654, 46.886997003833024 ], [ 27.528455067776786, 46.886915017198405 ], [ 27.528597273888717, 46.886694955073025 ], [ 27.528739477549546, 46.886474892797686 ], [ 27.528898817825233, 46.886291358024707 ], [ 27.529102084695602, 46.88605722568969 ], [ 27.529361465794899, 46.885758454253782 ], [ 27.529483405675311, 46.885648579128564 ], [ 27.529762989968344, 46.885396657954978 ], [ 27.530363116029843, 46.884855898021975 ], [ 27.530550468365178, 46.884668239602128 ], [ 27.531035951953328, 46.884137407349385 ], [ 27.531266876986933, 46.883902860617063 ], [ 27.531480964598824, 46.883623075950815 ], [ 27.531773955591319, 46.883379210293619 ], [ 27.531950058957182, 46.883232632107152 ], [ 27.532127548937865, 46.883035299683634 ], [ 27.532466848912204, 46.882592998006771 ], [ 27.532653472230471, 46.882411852282971 ], [ 27.532852023005791, 46.882263059568785 ], [ 27.533078324468296, 46.882112196918285 ], [ 27.533059520903535, 46.882103270360929 ], [ 27.53153522125405, 46.881379670617896 ], [ 27.529784812638709, 46.880548685393549 ], [ 27.529053468912984, 46.880201472984638 ], [ 27.526786800249241, 46.879407830198701 ], [ 27.525888696916653, 46.879079973142247 ], [ 27.525219406994506, 46.878852424067198 ], [ 27.524878518878353, 46.878736524603767 ], [ 27.524982100949668, 46.878517370889419 ], [ 27.524916583430294, 46.878494599026979 ], [ 27.523804968155417, 46.878108221316964 ], [ 27.52350702131265, 46.877972572067527 ], [ 27.522904126588713, 46.877758088629761 ], [ 27.522240246278933, 46.877568762130082 ], [ 27.521318224114619, 46.877262463200665 ], [ 27.521092281093004, 46.877151372001798 ], [ 27.520864325043391, 46.877096952474403 ], [ 27.520685489144665, 46.877032388505469 ], [ 27.520519552632393, 46.876953271541581 ], [ 27.520409943674956, 46.876916071143981 ], [ 27.520300334824512, 46.876878869741319 ], [ 27.519853176568883, 46.876674468089817 ], [ 27.519176259987553, 46.876365037053922 ], [ 27.519086848034377, 46.876328304738671 ], [ 27.51897760770915, 46.876296303900006 ], [ 27.518884481015597, 46.876260512974333 ], [ 27.518791353091174, 46.876224721101465 ], [ 27.518538668403551, 46.876112657832337 ], [ 27.518391341368467, 46.876054725713004 ], [ 27.518236225963609, 46.876007310389646 ], [ 27.518115482648497, 46.875970402404761 ], [ 27.518029945362834, 46.87593616391036 ], [ 27.517828722866795, 46.875826615156662 ], [ 27.517528337237408, 46.875681426605908 ], [ 27.517325829154213, 46.875583545126887 ], [ 27.517231395992166, 46.875548537384049 ], [ 27.516972690904584, 46.875452630470612 ], [ 27.516726259763288, 46.875386870859785 ], [ 27.516554808432204, 46.875330436041011 ], [ 27.516350295509355, 46.875302996757981 ], [ 27.516145781475242, 46.875275557138472 ], [ 27.515779895510157, 46.875224341140033 ], [ 27.515602248740734, 46.875315876217115 ], [ 27.515524393450146, 46.875346374977525 ], [ 27.515413242698557, 46.875363468290708 ], [ 27.515146528040525, 46.87539385669232 ], [ 27.514946362790212, 46.875424324119976 ], [ 27.514890802396863, 46.875420497564775 ], [ 27.51459062367482, 46.875445224234113 ], [ 27.514468344199717, 46.875443212134684 ], [ 27.514201452984381, 46.875452724975254 ], [ 27.514022511579125, 46.87547966796717 ], [ 27.513856883370188, 46.875502178709631 ], [ 27.5137679455006, 46.875505919260362 ], [ 27.513745722235576, 46.875502172339722 ], [ 27.513423283556289, 46.875553481992007 ], [ 27.513000891586561, 46.875608679971705 ], [ 27.512155838685477, 46.875631242210162 ], [ 27.511599974386939, 46.875692133026718 ], [ 27.511199795496907, 46.87574531129826 ], [ 27.510866370356752, 46.87577768313178 ], [ 27.51035499017113, 46.875838500594867 ], [ 27.51029929729151, 46.875840343536993 ], [ 27.509221027064942, 46.875967766656359 ], [ 27.508487115768105, 46.876046831221615 ], [ 27.50766464199393, 46.876123582734358 ], [ 27.506975244750091, 46.876180517474658 ], [ 27.506883551623861, 46.876189981441733 ], [ 27.506875197239001, 46.876199523587303 ], [ 27.5068530652003, 46.876203333885101 ], [ 27.506764124273893, 46.876207069076003 ], [ 27.504573921684653, 46.876410286260359 ], [ 27.504462760594773, 46.87641593973003 ], [ 27.504296000355499, 46.87643684221959 ], [ 27.502950457774823, 46.876532215869915 ], [ 27.501794461379131, 46.876616979155102 ], [ 27.501416397565681, 46.876637783926043 ], [ 27.501227408471564, 46.876654846379786 ], [ 27.501182965510058, 46.876664359472905 ], [ 27.500726934049236, 46.87666228599447 ], [ 27.500493536739796, 46.876664107038422 ], [ 27.50044904778353, 46.876669752840478 ], [ 27.500432347395382, 46.876706025114139 ], [ 27.500289434791803, 46.877468684930029 ], [ 27.500272786327209, 46.877537355291572 ], [ 27.500269168779102, 46.877552821179641 ], [ 27.499588845308832, 46.8774855027008 ], [ 27.499288637549327, 46.877464384043478 ], [ 27.49892153831879, 46.877429952906745 ], [ 27.498587945680484, 46.877404966453966 ], [ 27.498422241427395, 46.877397668927394 ], [ 27.498213648518487, 46.877393822416039 ], [ 27.497891004490477, 46.877367064028334 ], [ 27.497813086277009, 46.87735372696639 ], [ 27.497457145116368, 46.877342179088963 ], [ 27.497279222318422, 46.877323085289518 ], [ 27.497001021470791, 46.877309674365243 ], [ 27.496611657303699, 46.877244851628781 ], [ 27.496222437837126, 46.877194604598685 ], [ 27.495565884863911, 46.87710739597842 ], [ 27.495387781635287, 46.877090193982461 ], [ 27.49535440466849, 46.877080658009838 ], [ 27.494787114813565, 46.877013830395306 ], [ 27.494008262835418, 46.876929802653592 ], [ 27.49374131443308, 46.876895441492977 ], [ 27.493293548127493, 46.87685338093398 ], [ 27.492681687902209, 46.876784627275661 ], [ 27.492646727106727, 46.876780703585794 ], [ 27.492659284659883, 46.876759823095497 ], [ 27.492656525820781, 46.876714076956333 ], [ 27.492681322384371, 46.876622644558765 ], [ 27.492775588863388, 46.876512069762072 ], [ 27.492883944548932, 46.876405423537463 ], [ 27.492894922770716, 46.876390156883708 ], [ 27.492886611287982, 46.876374948348847 ], [ 27.492805981084032, 46.876353920688089 ], [ 27.492182832076136, 46.876233665798296 ], [ 27.492132699557857, 46.876216568005198 ], [ 27.492110475594043, 46.876218400249961 ], [ 27.492021447774363, 46.876203136021374 ], [ 27.491531674209924, 46.876106448017552 ], [ 27.48650552518518, 46.875143952700057 ], [ 27.486472099484423, 46.875130546338887 ], [ 27.486455393415191, 46.87509247967769 ], [ 27.486474472402318, 46.874890477015285 ], [ 27.486463357375104, 46.874859940232398 ], [ 27.486485497357357, 46.874821842810725 ], [ 27.486491116985807, 46.874767004485818 ], [ 27.486524670325494, 46.874648745976849 ], [ 27.486591518233883, 46.874503944134027 ], [ 27.486652935643345, 46.87433234722716 ], [ 27.486692262952676, 46.8741225289127 ], [ 27.486764883020136, 46.873851787243623 ], [ 27.486795546883105, 46.873790738837421 ], [ 27.48679554935083, 46.873767880890043 ], [ 27.486812302480462, 46.873729718720419 ], [ 27.486859810766294, 46.8736382511416 ], [ 27.4868848764802, 46.873563913299321 ], [ 27.486976871084924, 46.873398046954627 ], [ 27.487043803820445, 46.873306605628542 ], [ 27.487082740103933, 46.873262748612987 ], [ 27.48719456303462, 46.873165839659194 ], [ 27.487380736213026, 46.873013242492476 ], [ 27.487536515568909, 46.872899003609504 ], [ 27.487583976799396, 46.872849473608774 ], [ 27.487617398733132, 46.872799885718742 ], [ 27.487681573944517, 46.872662696793618 ], [ 27.487765291535009, 46.872405211364764 ], [ 27.487815511115326, 46.872315662898224 ], [ 27.487899104117801, 46.872126938244513 ], [ 27.48792150083646, 46.872094508254179 ], [ 27.487932697915419, 46.872041168415201 ], [ 27.487974430402033, 46.871983930495922 ], [ 27.488010649993885, 46.871898191251681 ], [ 27.488155741907775, 46.871637043376325 ], [ 27.488261811781147, 46.871309059437891 ], [ 27.488292430414781, 46.871244233522276 ], [ 27.488359361234604, 46.87114136284773 ], [ 27.488481925259528, 46.870981225653331 ], [ 27.488590580697995, 46.870855494171792 ], [ 27.488635194841287, 46.870786855236815 ], [ 27.488696441447065, 46.870737386133889 ], [ 27.488760393574506, 46.870672648456541 ], [ 27.48904454083716, 46.870356297370421 ], [ 27.489267400355718, 46.870051440509883 ], [ 27.489370455873356, 46.869940949290594 ], [ 27.4894414661855, 46.869841322321541 ], [ 27.489565490760519, 46.869658829830158 ], [ 27.489582461366297, 46.869633986297252 ], [ 27.489062339515538, 46.869492228041388 ], [ 27.488873318962085, 46.869453833125156 ], [ 27.488606350861183, 46.869381030153448 ], [ 27.487983605585072, 46.869233292449358 ], [ 27.487416554192837, 46.869078049750364 ], [ 27.48716913860838, 46.869028135700937 ], [ 27.486893860871433, 46.868962886847918 ], [ 27.486671464237876, 46.868920618764484 ], [ 27.486571382309322, 46.868884260047892 ], [ 27.486137664195812, 46.868774911881772 ], [ 27.485890208930979, 46.8687212134624 ], [ 27.485292544872006, 46.86855627123731 ], [ 27.485047845876679, 46.868502602486167 ], [ 27.484936696423233, 46.868485289132011 ], [ 27.484881053938881, 46.868468039769319 ], [ 27.484425206836129, 46.868368163665217 ], [ 27.484335827664314, 46.868341921781926 ], [ 27.483980348321925, 46.868241677606768 ], [ 27.483844178386011, 46.868210955883058 ], [ 27.483379939792446, 46.868082545319965 ], [ 27.483101871212604, 46.868013481435085 ], [ 27.482545952595519, 46.867854375354504 ], [ 27.481942667998624, 46.867712398521384 ], [ 27.481812053833043, 46.867674081565518 ], [ 27.481400574693517, 46.86759150634046 ], [ 27.481066772855755, 46.867629202028915 ], [ 27.480810919895156, 46.867644070011018 ], [ 27.480721950989338, 46.867655431856356 ], [ 27.480555026002975, 46.867689534003716 ], [ 27.480354717862291, 46.867759813400404 ], [ 27.480232190549472, 46.867820677219541 ], [ 27.480148722356841, 46.867872059035392 ], [ 27.479853610295532, 46.868092958015744 ], [ 27.479747744702777, 46.868188202762269 ], [ 27.479680985584665, 46.868231935094578 ], [ 27.479625338523061, 46.868254733903932 ], [ 27.479525210687523, 46.868266066703796 ], [ 27.479333400527015, 46.868246705266692 ], [ 27.479066487554356, 46.868189089296557 ], [ 27.478794717884153, 46.868114208087242 ], [ 27.478285357045401, 46.86798008885863 ], [ 27.477929571434618, 46.86786129643081 ], [ 27.477529257036295, 46.86773868950106 ], [ 27.477306836739242, 46.867686865385778 ], [ 27.477084545787331, 46.867617846277476 ], [ 27.47666196583075, 46.867504712639864 ], [ 27.476136514508145, 46.867391451396131 ], [ 27.475916898247032, 46.867320571791666 ], [ 27.475719579905203, 46.867272523351659 ], [ 27.475658478638874, 46.867247649050427 ], [ 27.475633424340252, 46.867224786673731 ], [ 27.475622317058509, 46.867194248699825 ], [ 27.47563371539821, 46.867064499851942 ], [ 27.475617253788222, 46.866925271775209 ], [ 27.475631266154778, 46.866824176141499 ], [ 27.475625809198363, 46.866782173796445 ], [ 27.475637122188523, 46.866644868065777 ], [ 27.475651085726895, 46.866574284550452 ], [ 27.475676249329208, 46.866507597525604 ], [ 27.475662445033773, 46.866423656718723 ], [ 27.475645830541673, 46.866393056150272 ], [ 27.475629167573725, 46.866381622904981 ], [ 27.475573615650188, 46.866372017646093 ], [ 27.475517975580551, 46.866371861053125 ], [ 27.475428954296955, 46.866407973139054 ], [ 27.475362063106537, 46.866468985796217 ], [ 27.475153252106502, 46.866628892218948 ], [ 27.475105873414329, 46.866674640048679 ], [ 27.475072530526919, 46.866720351017293 ], [ 27.475048164470728, 46.866810331327436 ], [ 27.474969404171869, 46.866849910686462 ], [ 27.474927621538988, 46.866903275150058 ], [ 27.474860761203907, 46.867002355700215 ], [ 27.474776903514861, 46.867223474691173 ], [ 27.474737917036414, 46.867292168210305 ], [ 27.474682084462042, 46.867368331254745 ], [ 27.474648656573784, 46.867400727319868 ], [ 27.474567942113872, 46.86745213951199 ], [ 27.474523489128195, 46.867490170168978 ], [ 27.474409101079846, 46.867703667480107 ], [ 27.474344957713143, 46.86778756836452 ], [ 27.474247569275381, 46.867878935261118 ], [ 27.474202880287798, 46.86800093543458 ], [ 27.474160959736977, 46.868054303443529 ], [ 27.474133135856583, 46.868077132248978 ], [ 27.474069078256232, 46.868168681607209 ], [ 27.47403275125555, 46.868252525140697 ], [ 27.474035344958647, 46.868389894754586 ], [ 27.474012771634296, 46.86858818864026 ], [ 27.473990409018025, 46.868641585814906 ], [ 27.473962623912158, 46.868679706612163 ], [ 27.473881810886454, 46.868763519538106 ], [ 27.473745251367987, 46.868931229956907 ], [ 27.473605936713419, 46.86907596417651 ], [ 27.473497289735167, 46.869205549934286 ], [ 27.473380336950498, 46.869319831065376 ], [ 27.473271748421084, 46.869395958242997 ], [ 27.473229918991255, 46.869434022945015 ], [ 27.473137981894574, 46.869555961050779 ], [ 27.473115661319515, 46.869601706640324 ], [ 27.473073920906749, 46.869647509848207 ], [ 27.472995867559252, 46.869708401426919 ], [ 27.472948563938285, 46.8697617026519 ], [ 27.47292068706038, 46.869815127903685 ], [ 27.472870346748405, 46.869960020148085 ], [ 27.47279241575114, 46.870043860395036 ], [ 27.472742136578393, 46.870112432732604 ], [ 27.472714252361708, 46.870188719530177 ], [ 27.472702994495553, 46.870249705932991 ], [ 27.472677916691364, 46.870306939948598 ], [ 27.472636174560069, 46.870335463961602 ], [ 27.472558256411343, 46.870367733883064 ], [ 27.472502610317516, 46.870379099783229 ], [ 27.472357891795916, 46.870428549913811 ], [ 27.472285530347737, 46.870470420814712 ], [ 27.472270998376832, 46.870488460658528 ], [ 27.47220751249279, 46.870546608418124 ], [ 27.472132279989456, 46.870683847358904 ], [ 27.472029092779536, 46.870820961362881 ], [ 27.471881416436645, 46.870958131275678 ], [ 27.471850784627879, 46.871011524419899 ], [ 27.4718284477574, 46.871108749028146 ], [ 27.471811688185564, 46.871129716421798 ], [ 27.471783770332852, 46.871150654928947 ], [ 27.47172820923765, 46.871163905813951 ], [ 27.47168087802714, 46.871156190430099 ], [ 27.471594799404702, 46.871121768370109 ], [ 27.471302828337446, 46.871024085792072 ], [ 27.471161191381793, 46.870968536808718 ], [ 27.470457834854901, 46.870744318355214 ], [ 27.470082713375099, 46.870610165311071 ], [ 27.469815807800373, 46.870529670839517 ], [ 27.469471174885246, 46.870410880695943 ], [ 27.469290438628423, 46.870361028713411 ], [ 27.469193205804878, 46.870326572072052 ], [ 27.468770665380987, 46.870217190270516 ], [ 27.468614952037765, 46.870169318405061 ], [ 27.468523265348573, 46.870150043362813 ], [ 27.467814412461518, 46.869943024838413 ], [ 27.467494710260357, 46.869864285478002 ], [ 27.467269635617544, 46.869762820728894 ], [ 27.467186126324151, 46.869758847815035 ], [ 27.467088226979932, 46.869747175115911 ], [ 27.466932559385455, 46.869708837691356 ], [ 27.466532124625733, 46.869580435649681 ], [ 27.466451508800734, 46.869565062718593 ], [ 27.466062225207363, 46.869465308810511 ], [ 27.46588696317589, 46.869411642824936 ], [ 27.465639486515222, 46.869348360316643 ], [ 27.465497730669902, 46.869298566683675 ], [ 27.465230791472948, 46.869219948728542 ], [ 27.464852710558489, 46.869118333048853 ], [ 27.464716371005832, 46.869089479649638 ], [ 27.464396604322868, 46.868997503006931 ], [ 27.464239176129293, 46.868952183622532 ], [ 27.464232659652627, 46.868863677033559 ], [ 27.464185384840945, 46.868831209686327 ], [ 27.463907301384555, 46.86875264968333 ], [ 27.463746122206413, 46.868714248539476 ], [ 27.463718306514384, 46.868697024148261 ], [ 27.46370154936757, 46.868700802164369 ], [ 27.463167729311621, 46.868553189232586 ], [ 27.462633831950001, 46.868464613976506 ], [ 27.462333210003298, 46.868386623590837 ], [ 27.462161073320882, 46.868338104937841 ], [ 27.46156612215001, 46.868150212047453 ], [ 27.46151909809068, 46.86813474820763 ], [ 27.461585793367732, 46.867887006759453 ], [ 27.461830985544697, 46.867458166209182 ], [ 27.461909027345648, 46.867246450091713 ], [ 27.46212085603706, 46.866779350044311 ], [ 27.462229517894549, 46.866470506694263 ], [ 27.462279696222904, 46.866356131001105 ], [ 27.462391107943692, 46.866142622469404 ], [ 27.4625498078905, 46.865921531974315 ], [ 27.462622258167656, 46.865791921933202 ], [ 27.462797782455358, 46.865395343972153 ], [ 27.462829479328391, 46.86530458252458 ], [ 27.462845252095612, 46.865261855116181 ], [ 27.462878598320835, 46.865221817391273 ], [ 27.462898109366868, 46.865212308242064 ], [ 27.462920422336961, 46.86521237137768 ], [ 27.463298567486447, 46.86528726596066 ], [ 27.463465432500488, 46.865306647156835 ], [ 27.463579358924637, 46.86533346029573 ], [ 27.463587668044259, 46.865343004841542 ], [ 27.463626601472107, 46.865345052429177 ], [ 27.463726755638149, 46.865371888040436 ], [ 27.464127120826191, 46.86545638256284 ], [ 27.464260610842324, 46.865471800053321 ], [ 27.464605439431111, 46.865529492839464 ], [ 27.464872321041568, 46.865581379410287 ], [ 27.465016920539927, 46.865615996457947 ], [ 27.465172583943229, 46.86564290348263 ], [ 27.465306018454847, 46.865677397207598 ], [ 27.465400632123139, 46.865683295552664 ], [ 27.465461902140007, 46.865593697913283 ], [ 27.465587169088817, 46.865376379873219 ], [ 27.465679182088778, 46.865189563290365 ], [ 27.465740362096721, 46.865103836291787 ], [ 27.465829441761741, 46.865042894538604 ], [ 27.465879575294796, 46.865020043978106 ], [ 27.466107663879839, 46.864945956423192 ], [ 27.466307920941716, 46.864894694589104 ], [ 27.466505348150562, 46.864824414005184 ], [ 27.466700115643125, 46.864721699071211 ], [ 27.46681977879344, 46.864632202550609 ], [ 27.466928423239892, 46.864508292740759 ], [ 27.467036996173938, 46.864359638391733 ], [ 27.467191502812124, 46.864196858613525 ], [ 27.466987042725869, 46.864126898581056 ], [ 27.466608945577654, 46.864038607613793 ], [ 27.466492126390776, 46.864006009702202 ], [ 27.466475507291875, 46.863992597024648 ], [ 27.466453244827608, 46.863996402392438 ], [ 27.46629750267816, 46.863961848333474 ], [ 27.465630271854209, 46.863802524575902 ], [ 27.465560772050221, 46.863794831948866 ], [ 27.465385569813431, 46.863756462319039 ], [ 27.465293766126866, 46.863742946999906 ], [ 27.4651742406264, 46.863708423965441 ], [ 27.465018584106193, 46.863681516845354 ], [ 27.464818413187885, 46.863627842175219 ], [ 27.464684926130737, 46.863600905939002 ], [ 27.464618149447542, 46.863577947140136 ], [ 27.464493024182008, 46.86355299444439 ], [ 27.464039853897667, 46.863409243613759 ], [ 27.463614436801269, 46.863330410567997 ], [ 27.463553251440562, 46.863315069411179 ], [ 27.463528237325256, 46.863301657580486 ], [ 27.463506060753517, 46.863307351340985 ], [ 27.463439631703508, 46.863294912060141 ], [ 27.463183504790706, 46.863263038613674 ], [ 27.463072237246791, 46.863257135345499 ], [ 27.462849773679174, 46.863275930680949 ], [ 27.462660586022221, 46.863308051061303 ], [ 27.462616151312268, 46.863306120715919 ], [ 27.46257167409351, 46.863294559090619 ], [ 27.462485434706835, 46.863262024590242 ], [ 27.462421548936067, 46.863227661584396 ], [ 27.462296456892616, 46.863128281700007 ], [ 27.462090898070333, 46.862996330858742 ], [ 27.461901772584962, 46.862885357436994 ], [ 27.461812832601499, 46.86283946996852 ], [ 27.461576598960402, 46.862745702312807 ], [ 27.461187333411051, 46.862630631066672 ], [ 27.461053901909818, 46.862613320748785 ], [ 27.46093151737859, 46.862616924119678 ], [ 27.460850865760587, 46.862609197720914 ], [ 27.460642431797872, 46.862566940793378 ], [ 27.460205891877258, 46.86244801768644 ], [ 27.459975168195729, 46.862359888847102 ], [ 27.459930649731525, 46.862350308785693 ], [ 27.459883358349014, 46.862369318119057 ], [ 27.459847203201324, 46.862422645129143 ], [ 27.459810887498122, 46.862544736252467 ], [ 27.459626906205575, 46.86303283527544 ], [ 27.459507175542566, 46.863253988398647 ], [ 27.459395772909001, 46.863421684814753 ], [ 27.459337260873443, 46.863494122194545 ], [ 27.459306720070558, 46.863515020093111 ], [ 27.459262095801883, 46.863532081441313 ], [ 27.459173098438463, 46.863552969462056 ], [ 27.459084101005224, 46.8635738574146 ], [ 27.458959605169468, 46.86362061310826 ], [ 27.458939414139572, 46.86366136255964 ], [ 27.458911663702075, 46.863691832076363 ], [ 27.458911658753802, 46.863714780900956 ], [ 27.458833631684456, 46.86387492499933 ], [ 27.458800101729246, 46.863928289219203 ], [ 27.458730559879719, 46.86401211915932 ], [ 27.458694294843649, 46.86410360686412 ], [ 27.458692166271714, 46.864139852748103 ], [ 27.458685780460343, 46.864248588599523 ], [ 27.458691209642371, 46.864408843785661 ], [ 27.458710631939272, 46.864492847397763 ], [ 27.458749520253043, 46.864569143422315 ], [ 27.458754904190783, 46.864653171137775 ], [ 27.458743695536089, 46.864767615653697 ], [ 27.458727041749704, 46.864828625740273 ], [ 27.458693511118504, 46.864881989920399 ], [ 27.458637838924535, 46.864950584712837 ], [ 27.458487605121665, 46.865095348920029 ], [ 27.458381779913278, 46.865209652710369 ], [ 27.45830945317681, 46.865266810550139 ], [ 27.45816195288193, 46.865361931492423 ], [ 27.45813827824227, 46.865380976299882 ], [ 27.458114603586107, 46.865400021102509 ], [ 27.458092489262878, 46.865425958629253 ], [ 27.45803661157996, 46.865491496760605 ], [ 27.458024675819058, 46.865512060476426 ], [ 27.457985782039813, 46.865585321491821 ], [ 27.457985612268239, 46.8655855707987 ], [ 27.457961397783205, 46.865621074549523 ], [ 27.457788875188793, 46.865809692470989 ], [ 27.457758203032427, 46.865824926645075 ], [ 27.457713719628217, 46.865824886219521 ], [ 27.457563676086277, 46.865759780578919 ], [ 27.457469080566405, 46.865725257943019 ], [ 27.457424559749807, 46.865715676945811 ], [ 27.457310340765428, 46.865711363611155 ], [ 27.457268741950877, 46.865818446325214 ], [ 27.457221394515383, 46.865940497140116 ], [ 27.457204646290027, 46.866016809904842 ], [ 27.457185120000648, 46.866054932270082 ], [ 27.457140417755117, 46.866215088969511 ], [ 27.457084706431509, 46.866352348067309 ], [ 27.457045659484741, 46.866405738423865 ], [ 27.45698991328916, 46.866527789974299 ], [ 27.45696202076093, 46.866665085896052 ], [ 27.456934126776275, 46.866718416632921 ], [ 27.45690069818091, 46.866817584533834 ], [ 27.456808297496668, 46.867008092583866 ], [ 27.456764116275817, 46.86710739874902 ], [ 27.45658586349596, 46.867427620183278 ], [ 27.456521695266535, 46.867511424068098 ], [ 27.456349163344953, 46.867694370125164 ], [ 27.456257277448469, 46.867823940182546 ], [ 27.456212653534752, 46.867907777319651 ], [ 27.456109502564001, 46.868159442985096 ], [ 27.456103908569546, 46.868235786894537 ], [ 27.456048023242019, 46.868441715092253 ], [ 27.455936539588333, 46.868723886353976 ], [ 27.455908656285935, 46.868760118449444 ], [ 27.455847397164074, 46.86878671231954 ], [ 27.455791755760181, 46.8687923967614 ], [ 27.455736248493078, 46.868786558986351 ], [ 27.455680517598186, 46.868790268095907 ], [ 27.455619312090409, 46.868809300239221 ], [ 27.455577561994961, 46.868837818162987 ], [ 27.455552471202097, 46.868883619211779 ], [ 27.455535765549378, 46.868952192972081 ], [ 27.455524400482908, 46.86917354955655 ], [ 27.455507712020065, 46.869213593698973 ], [ 27.455479879567903, 46.869236417175905 ], [ 27.455424183872648, 46.869249663050375 ], [ 27.455357476685734, 46.869245773595935 ], [ 27.455290689883501, 46.869228479279727 ], [ 27.455012710113351, 46.869128835163281 ], [ 27.454945967503143, 46.869115408582871 ], [ 27.454882010587667, 46.86911721993819 ], [ 27.454845782728505, 46.869134372420454 ], [ 27.45482359389629, 46.869157253720473 ], [ 27.454765238363784, 46.86935225442636 ], [ 27.454662078494618, 46.869328623053605 ], [ 27.454150418496443, 46.869238275045795 ], [ 27.45371386555809, 46.869145964032832 ], [ 27.453594373967487, 46.869115300738684 ], [ 27.453548625979568, 46.869110514974231 ], [ 27.453316282230933, 46.869071002609623 ], [ 27.453138210670385, 46.869053554170399 ], [ 27.45309091927173, 46.869055372490621 ], [ 27.452771182711416, 46.86901870722577 ], [ 27.452682171999609, 46.869003326078456 ], [ 27.452412462067652, 46.868976126395978 ], [ 27.452203874722219, 46.868933856436946 ], [ 27.452103755284664, 46.868922308288518 ], [ 27.451558829934214, 46.868807006303385 ], [ 27.451436491145895, 46.868785851696813 ], [ 27.451389161303467, 46.868783797666673 ], [ 27.451247406281947, 46.868756935292502 ], [ 27.451158447836804, 46.868733896916623 ], [ 27.450924842549508, 46.868695399235477 ], [ 27.450655137703333, 46.868668285351518 ], [ 27.450313054752037, 46.868610492435025 ], [ 27.450046177490513, 46.868552899717841 ], [ 27.449823646035309, 46.868495262832511 ], [ 27.449578935599263, 46.868449169856071 ], [ 27.449078473066027, 46.868379709352929 ], [ 27.448997857765406, 46.8683757526939 ], [ 27.448497256855454, 46.868317721942489 ], [ 27.448121891481833, 46.868263780341493 ], [ 27.448011774958779, 46.868240019948168 ], [ 27.447498994153054, 46.868133017420369 ], [ 27.447296089443963, 46.868106009755088 ], [ 27.447165363226851, 46.8680790855 ], [ 27.446942953940173, 46.86804439093774 ], [ 27.446453591488492, 46.867938687391458 ], [ 27.446345178920634, 46.867906158871435 ], [ 27.446178388693699, 46.867844813792871 ], [ 27.446094911070318, 46.867812294875904 ], [ 27.446058749515974, 46.867799025891145 ], [ 27.446203759725964, 46.867549182028519 ], [ 27.446334759710062, 46.867259409525964 ], [ 27.446396035563353, 46.867148855379206 ], [ 27.446535598694506, 46.86681327173504 ], [ 27.446574625274916, 46.866672142510723 ], [ 27.446613720259311, 46.866567278762361 ], [ 27.44665275390188, 46.86649301268465 ], [ 27.446714078528036, 46.86631379315665 ], [ 27.446725279403463, 46.866245069422114 ], [ 27.446750475912918, 46.866184057188029 ], [ 27.446814682795104, 46.865943757297828 ], [ 27.446831423261525, 46.865846569409044 ], [ 27.446910518004582, 46.865537829169433 ], [ 27.446751222501895, 46.865508721221701 ], [ 27.446628890325183, 46.865498988083729 ], [ 27.446183872655894, 46.865494487055699 ], [ 27.445905781572574, 46.865478788673464 ], [ 27.445772296487842, 46.86546335347245 ], [ 27.445427526533749, 46.865409384889375 ], [ 27.445316388582526, 46.865397702039793 ], [ 27.445216197111939, 46.865378499068854 ], [ 27.444749040160211, 46.865328204074579 ], [ 27.4443598863046, 46.865258883871647 ], [ 27.44425973042501, 46.865249216953465 ], [ 27.443681415828408, 46.8651605083923 ], [ 27.443611918435693, 46.865152802493064 ], [ 27.443592445695245, 46.865160323143272 ], [ 27.443203119896221, 46.865098743145182 ], [ 27.443014086797348, 46.865079349031681 ], [ 27.442891763530866, 46.865058185136363 ], [ 27.442736015795504, 46.865040697575864 ], [ 27.442469066211153, 46.864992627607712 ], [ 27.441512663236814, 46.864849911380318 ], [ 27.438654260040771, 46.864416000661308 ], [ 27.438075972912767, 46.86432159121297 ], [ 27.437920232761485, 46.864304187015286 ], [ 27.436240947873699, 46.863990431414763 ], [ 27.435938625951774, 46.863949211984682 ], [ 27.43572428162474, 46.863926924772706 ], [ 27.435526512152382, 46.863896905541736 ], [ 27.435392969338285, 46.863885780244402 ], [ 27.434390704874286, 46.863758101748651 ], [ 27.431480981600483, 46.863394305810438 ], [ 27.431416885312469, 46.863381078078746 ], [ 27.431272107038311, 46.863368114291596 ], [ 27.43062624692708, 46.863287781513691 ], [ 27.429846505146106, 46.863182912314187 ], [ 27.429687866011776, 46.863168078915791 ], [ 27.429657181099298, 46.863156757459222 ], [ 27.429579175934421, 46.86314355015508 ], [ 27.428830104380619, 46.863052425753295 ], [ 27.426583437383378, 46.862773521397756 ], [ 27.424589858825961, 46.862511571448657 ], [ 27.42453969465685, 46.862513525840448 ], [ 27.42452315128358, 46.862525034072256 ], [ 27.424503920809673, 46.862555584938264 ], [ 27.423986895216409, 46.863396210097598 ], [ 27.42277852136511, 46.865329224815426 ], [ 27.422368530913932, 46.865993993382062 ], [ 27.422357563490785, 46.866024551045314 ], [ 27.42207108700628, 46.86645246645471 ], [ 27.422010807160348, 46.866574682738054 ], [ 27.421911693252195, 46.866735156226341 ], [ 27.421865162326132, 46.866842058067718 ], [ 27.421812733211929, 46.866910924492274 ], [ 27.421708184726381, 46.867078982388719 ], [ 27.421653785256119, 46.86720071580946 ], [ 27.421620478150761, 46.867277552504341 ], [ 27.421477243974728, 46.867499157762325 ], [ 27.421384208685033, 46.867728256734324 ], [ 27.421305987507182, 46.867936327735428 ], [ 27.421293813332209, 46.867979726685967 ], [ 27.421261667766164, 46.868088790945038 ], [ 27.421194485165504, 46.868245712159343 ], [ 27.421062087966842, 46.86849405137125 ], [ 27.420905353028449, 46.868788042656078 ], [ 27.420764651084742, 46.868992395788013 ], [ 27.420673505345015, 46.869209567013804 ], [ 27.420398342105056, 46.869717890800928 ], [ 27.420288680496519, 46.869995953490452 ], [ 27.420198383789945, 46.870182841403256 ], [ 27.419760500885371, 46.871089095960329 ], [ 27.419240041068605, 46.872017537361437 ], [ 27.418811151598064, 46.872638416821154 ], [ 27.418532964145513, 46.872926196525057 ], [ 27.418392595736819, 46.873071395262308 ], [ 27.418346197699346, 46.873202401029864 ], [ 27.418191714041644, 46.873410693424731 ], [ 27.417844778265831, 46.873799635908561 ], [ 27.417415523304097, 46.874280864638372 ], [ 27.417119551127815, 46.874593068974271 ], [ 27.416519286596536, 46.87444325237206 ], [ 27.416381662719665, 46.874238683746967 ], [ 27.416023708507097, 46.874093188853642 ], [ 27.415884437365857, 46.874020900177648 ], [ 27.415880355444688, 46.873835391358476 ], [ 27.415725125949784, 46.873781327763922 ], [ 27.415562941567305, 46.873824738096346 ], [ 27.415441714902286, 46.873818387216041 ], [ 27.415244415200874, 46.873849195882549 ], [ 27.414992371549534, 46.873863359445679 ], [ 27.414784018938985, 46.873911191755866 ], [ 27.414627456220927, 46.873992739367552 ], [ 27.414397106761736, 46.874112720876816 ], [ 27.414283534228847, 46.874160960694823 ], [ 27.414217886154461, 46.874446347296001 ], [ 27.414081595360443, 46.874443298290842 ], [ 27.413908168402802, 46.875850041929247 ], [ 27.409869190983471, 46.875012373457174 ], [ 27.409866169807355, 46.875082856719871 ], [ 27.409768630951881, 46.875105180560929 ], [ 27.408655483739615, 46.875016648188222 ], [ 27.40804268916893, 46.874924348492875 ], [ 27.407657275580892, 46.874876999680467 ], [ 27.40724540924327, 46.875769979032221 ], [ 27.406773627413706, 46.876792889483482 ], [ 27.406721347419264, 46.87686749688735 ], [ 27.406711861967338, 46.876865499097072 ], [ 27.406037827182203, 46.876723242887721 ], [ 27.404385556731729, 46.876374500688172 ], [ 27.403578760983461, 46.876219808570788 ], [ 27.402729203139017, 46.876056903898046 ], [ 27.402074737988883, 46.875900006785031 ], [ 27.402050757928045, 46.87593991470083 ], [ 27.40205615424987, 46.875982909160513 ], [ 27.402053157031226, 46.876059493145483 ], [ 27.402016521183153, 46.876173630494606 ], [ 27.401922648472279, 46.876411171798559 ], [ 27.401773687578356, 46.876737118614457 ], [ 27.401539454886031, 46.877226776178624 ], [ 27.401379209072065, 46.877561749836616 ], [ 27.401147511569121, 46.87809812320257 ], [ 27.400767365796469, 46.878939200991923 ], [ 27.40067200968047, 46.879172812148859 ], [ 27.400398149210169, 46.879781345495701 ], [ 27.400348858822898, 46.879909784615002 ], [ 27.400291393981494, 46.880147033979661 ], [ 27.400278683827921, 46.880325305619323 ], [ 27.400286220988129, 46.880492518415068 ], [ 27.400355489936416, 46.880875878789922 ], [ 27.400476101724518, 46.881338578998822 ], [ 27.400639749048072, 46.881843264638135 ], [ 27.400879429059856, 46.882544846795945 ], [ 27.400983518054719, 46.882825509934264 ], [ 27.401051340438485, 46.883008367658796 ], [ 27.401128105058692, 46.883173823345182 ], [ 27.401236072887283, 46.883376975159926 ], [ 27.401305734131096, 46.883472446876063 ], [ 27.401433272487047, 46.883624632559588 ], [ 27.401545037848894, 46.883775706815698 ], [ 27.401644144097155, 46.883894350126127 ], [ 27.400681846446066, 46.88355498847109 ], [ 27.400511147510176, 46.883479700153252 ], [ 27.400291160065684, 46.883409091639876 ], [ 27.400050656265996, 46.88338585939254 ], [ 27.398687945791508, 46.883083516243403 ], [ 27.398095107541316, 46.882960671994873 ], [ 27.397293005505961, 46.882782736335891 ], [ 27.397283328423978, 46.88281469621834 ], [ 27.397142961806413, 46.883278074894243 ], [ 27.396966722487015, 46.883859892417782 ], [ 27.396734195487547, 46.88462746496338 ], [ 27.39655440532821, 46.885415583783569 ], [ 27.397566427914498, 46.885638583304313 ], [ 27.398169618119862, 46.885777890880874 ], [ 27.399484823068875, 46.88604611412871 ], [ 27.400252363206462, 46.886175060356379 ], [ 27.400213018050959, 46.886314199208371 ], [ 27.400179165273581, 46.886433911131952 ], [ 27.400175889436223, 46.886581910232422 ], [ 27.400199063458214, 46.886767254767484 ], [ 27.40025898126753, 46.88724631907882 ], [ 27.40022451292046, 46.88741555806422 ], [ 27.400182044377576, 46.887624074649558 ], [ 27.400181810749306, 46.887702661587483 ], [ 27.400223801897436, 46.887794210323086 ], [ 27.400303213640136, 46.887873235773718 ], [ 27.400485127006, 46.887973201055253 ], [ 27.400572676698896, 46.888032348351381 ], [ 27.400574585092578, 46.888116605250225 ], [ 27.400502182184237, 46.888277868884089 ], [ 27.400390251747428, 46.888447667939516 ], [ 27.400266488958252, 46.888635441892667 ], [ 27.400071505818929, 46.888931232411146 ], [ 27.400031492807081, 46.888991928914336 ], [ 27.399953570554544, 46.8891101463132 ], [ 27.399562008763329, 46.889644559315244 ], [ 27.399395808650631, 46.88986334072473 ], [ 27.399229607208667, 46.890082121892682 ], [ 27.399192194633514, 46.890136068454403 ], [ 27.399157723756733, 46.890240736902243 ], [ 27.399109735420026, 46.890442132271168 ], [ 27.399058583893527, 46.89062160811379 ], [ 27.398972741116641, 46.890922738567312 ], [ 27.398848598527632, 46.891319491601493 ], [ 27.398576208544785, 46.892104668468221 ], [ 27.398535970502166, 46.89222065356735 ], [ 27.398455218468335, 46.892467870669734 ], [ 27.398399286241457, 46.892576809983147 ], [ 27.398346490859005, 46.892723103112502 ], [ 27.398290986221589, 46.89291955619219 ], [ 27.398235482546795, 46.89311601010894 ], [ 27.398116220654217, 46.893629506474603 ], [ 27.395771496407541, 46.893212064843105 ], [ 27.390714340467522, 46.892311530932318 ], [ 27.388584380684264, 46.89185087526976 ], [ 27.388564223307064, 46.891451130542343 ], [ 27.386735755842846, 46.891123305111158 ], [ 27.383541993839422, 46.890455690390937 ], [ 27.382536643628761, 46.890245512927905 ], [ 27.379756672010938, 46.88976035757004 ], [ 27.378386524708887, 46.889496192844014 ], [ 27.377976370545682, 46.88940219730268 ], [ 27.377716853906115, 46.889342719432221 ], [ 27.377493725411028, 46.889270674494412 ], [ 27.376951368991197, 46.889026351074094 ], [ 27.376161005117233, 46.890429882218143 ], [ 27.375947988124654, 46.890699526058178 ], [ 27.375679180552876, 46.89098898364265 ], [ 27.375284125978904, 46.89134464858023 ], [ 27.374993898593246, 46.891523251870019 ], [ 27.374599600173479, 46.891669926867003 ], [ 27.373969155240928, 46.891869159597334 ], [ 27.372526742221215, 46.892244667546272 ], [ 27.370924772578512, 46.891247263631747 ], [ 27.370397588888807, 46.890516574710638 ], [ 27.369870419957458, 46.889785892073981 ], [ 27.369151474043704, 46.888924411487046 ], [ 27.368260319432828, 46.887780359854354 ], [ 27.368010103500072, 46.887510662480494 ], [ 27.365103580765481, 46.883379940927455 ], [ 27.364842815290057, 46.883332348096523 ], [ 27.3647354815072, 46.88326299681404 ], [ 27.364685005304835, 46.883168640041852 ], [ 27.364708478994373, 46.882909789552841 ], [ 27.364635615111304, 46.882700611387484 ], [ 27.364438500007534, 46.882565534995805 ], [ 27.364006604909306, 46.882494893472327 ], [ 27.363870585680921, 46.882298943022711 ], [ 27.363664837431251, 46.882393163709224 ], [ 27.363168628051788, 46.882707701479795 ], [ 27.362805181200169, 46.882938081496661 ], [ 27.362555210510962, 46.883192187542875 ], [ 27.362457456445558, 46.883380439703451 ], [ 27.362228558287615, 46.883598638015989 ], [ 27.362046903082515, 46.883771807441164 ], [ 27.3619392193939, 46.8838744456203 ], [ 27.361613910478475, 46.883875207068549 ], [ 27.36143407430335, 46.883851632421297 ], [ 27.361242926980221, 46.883796494806575 ], [ 27.361051780040874, 46.883741356870388 ], [ 27.360667449692361, 46.883736161098952 ], [ 27.360518215469646, 46.883502995578979 ], [ 27.360368982547072, 46.883269829837332 ], [ 27.36022731686457, 46.883139559473541 ], [ 27.360054317516205, 46.882947106622645 ], [ 27.359930758916807, 46.882847107661377 ], [ 27.359740738792972, 46.882749917981322 ], [ 27.359573392150367, 46.882632960476414 ], [ 27.359448897223057, 46.882522271055144 ], [ 27.359349889536198, 46.882464587439145 ], [ 27.359252124471656, 46.882435441954172 ], [ 27.358986834064041, 46.882426589390043 ], [ 27.358835741273829, 46.882421554952849 ], [ 27.358762075074001, 46.882403281983436 ], [ 27.358628369617058, 46.882370119781314 ], [ 27.358511700983964, 46.882301979708899 ], [ 27.358412147894917, 46.882275461887531 ], [ 27.358321415992812, 46.882277318157044 ], [ 27.358104094870402, 46.882327192252696 ], [ 27.357725601010934, 46.882385312143448 ], [ 27.357556586566883, 46.882381947478429 ], [ 27.357306591139515, 46.882343908630972 ], [ 27.356713215612064, 46.882328782666114 ], [ 27.356087224842359, 46.882248454744854 ], [ 27.355409431425695, 46.882119209099322 ], [ 27.354926837389911, 46.882036790702877 ], [ 27.354765646830447, 46.882009261120345 ], [ 27.354198760232094, 46.881953903451453 ], [ 27.353838924909894, 46.881905564348031 ], [ 27.353487995101634, 46.881841347616671 ], [ 27.353215665962189, 46.881791507946218 ], [ 27.352970008143362, 46.881720829916333 ], [ 27.352748427366421, 46.881672644034786 ], [ 27.352610348988659, 46.881642623900881 ], [ 27.351667441777369, 46.881464825322176 ], [ 27.351184396564921, 46.88139744731027 ], [ 27.350922227918026, 46.881212001361824 ], [ 27.350576924985969, 46.8809677661527 ], [ 27.350350875479833, 46.880730772650779 ], [ 27.350219704506301, 46.880550033450859 ], [ 27.349782659009183, 46.880302563782173 ], [ 27.349663596039559, 46.880235138635392 ], [ 27.349513636619253, 46.880119846176065 ], [ 27.349471020206607, 46.880053220443934 ], [ 27.349482123223122, 46.87986187712999 ], [ 27.349496963947228, 46.87960598700726 ], [ 27.349350851181342, 46.879430725936885 ], [ 27.349048902931546, 46.878885792622562 ], [ 27.349249002464649, 46.877887990406563 ], [ 27.349721234766605, 46.876760432649732 ], [ 27.347534298911327, 46.876399553633384 ], [ 27.345347391409383, 46.876038632821668 ], [ 27.342046275641056, 46.875535354608118 ], [ 27.340284693753677, 46.875266743591538 ], [ 27.338595385523842, 46.87490776300173 ], [ 27.338498945125483, 46.874821131092794 ], [ 27.338250038374664, 46.874653557197199 ], [ 27.338123517814619, 46.874568381104034 ], [ 27.33803777556361, 46.874452878223586 ], [ 27.337971775010846, 46.874304307606707 ], [ 27.337839801688212, 46.873777757014963 ], [ 27.337701540878438, 46.873028062502826 ], [ 27.33756501044796, 46.872472077361977 ], [ 27.33729633956931, 46.871378024886148 ], [ 27.337100004653607, 46.870578499157794 ], [ 27.337085891114103, 46.870521049748049 ], [ 27.336885148405539, 46.869703502801428 ], [ 27.336843118396061, 46.869461583043105 ], [ 27.336822669801258, 46.869343881547877 ], [ 27.336792519869423, 46.869170340188695 ], [ 27.336760192071829, 46.868984260213558 ], [ 27.336583938729369, 46.868350992276419 ], [ 27.33648741878805, 46.867878238261667 ], [ 27.336424521819414, 46.86771370200384 ], [ 27.336419544426313, 46.867713266546851 ], [ 27.336419008327468, 46.867713218919143 ], [ 27.335992834514947, 46.867675862062264 ], [ 27.33388667499214, 46.867491218552487 ], [ 27.331085768496944, 46.867245598517634 ], [ 27.329259897285631, 46.867219927322431 ], [ 27.323198480567751, 46.86713449857433 ], [ 27.322247717226464, 46.867121069076845 ], [ 27.322216963561313, 46.866920116723811 ], [ 27.322211730559179, 46.866885924286933 ], [ 27.32222816381687, 46.866688770978563 ], [ 27.322236918428317, 46.86658376252656 ], [ 27.322221787912639, 46.866495496932643 ], [ 27.322207089765723, 46.866465511556108 ], [ 27.322157089063264, 46.866363503850124 ], [ 27.322111396167703, 46.86627025647654 ], [ 27.322145586519301, 46.866138142816268 ], [ 27.322179776710353, 46.866006029142149 ], [ 27.322165477610344, 46.865824433714444 ], [ 27.322066959226134, 46.865625168734567 ], [ 27.322095023791491, 46.865381893931485 ], [ 27.322018246846838, 46.865223353362964 ], [ 27.32190514193756, 46.865091849373144 ], [ 27.321768164056063, 46.864972750178246 ], [ 27.321744488250943, 46.864909188553433 ], [ 27.321760056771712, 46.864827854806187 ], [ 27.321833696872847, 46.86476886620305 ], [ 27.321907350308585, 46.864709886280536 ], [ 27.321964203144042, 46.864649849900886 ], [ 27.321983673048397, 46.864523594311891 ], [ 27.321908172433794, 46.864316998998994 ], [ 27.32186911470729, 46.864210127965201 ], [ 27.319287379102963, 46.864199446581281 ], [ 27.317662745747171, 46.864192695348322 ], [ 27.311191315709927, 46.863047675454304 ], [ 27.310244046955507, 46.864677179179189 ], [ 27.309926632780108, 46.865223176427044 ], [ 27.308661837056849, 46.867398672263356 ], [ 27.307855715660228, 46.868662231866061 ], [ 27.294973079916939, 46.867369209518046 ], [ 27.29484999107267, 46.867479002572104 ], [ 27.294697212526831, 46.86763788316636 ], [ 27.294471637545396, 46.867872464957188 ], [ 27.294332770742884, 46.868016894376829 ], [ 27.294162156079889, 46.868087379355558 ], [ 27.293991554080588, 46.868157863823278 ], [ 27.293580600512236, 46.86824531599644 ], [ 27.293265514819911, 46.868312365981851 ], [ 27.293134715566215, 46.868340202048827 ], [ 27.292962950804309, 46.868476006109553 ], [ 27.292696797084371, 46.868723720375286 ], [ 27.292430653672884, 46.868971424777328 ], [ 27.292239221926444, 46.869149581987031 ], [ 27.29160168267169, 46.869781474109253 ], [ 27.291234283098014, 46.870226398594156 ], [ 27.290797297974095, 46.87065130477783 ], [ 27.290447679199794, 46.870991239847939 ], [ 27.289983939544268, 46.871279797119165 ], [ 27.289662109380284, 46.871480032535814 ], [ 27.289367013046078, 46.871864353782357 ], [ 27.28918609754022, 46.87209997227702 ], [ 27.288769346441129, 46.872352467465277 ], [ 27.288164242866998, 46.872664648039489 ], [ 27.288000654310437, 46.872843986326799 ], [ 27.287837064678552, 46.873023324381798 ], [ 27.287610573419943, 46.873271615694989 ], [ 27.287278559186525, 46.873635587793999 ], [ 27.286937535805066, 46.873941648088085 ], [ 27.286619520899187, 46.874227047785531 ], [ 27.286226611764619, 46.874554194213012 ], [ 27.285772171612834, 46.874932567647491 ], [ 27.285460797710549, 46.87519180672016 ], [ 27.285237560437945, 46.875377673419749 ], [ 27.285096958494677, 46.87549473192383 ], [ 27.284927652470905, 46.875698580008397 ], [ 27.284763765639013, 46.875922676457691 ], [ 27.284137695593564, 46.875546960323149 ], [ 27.28370340416485, 46.875207388640064 ], [ 27.283009913997752, 46.874703702548096 ], [ 27.282359720608127, 46.874302654158946 ], [ 27.281448992722819, 46.873680484796331 ], [ 27.279002748880366, 46.872124096762228 ], [ 27.278124469364517, 46.871489111120191 ], [ 27.27704362717391, 46.872670330951109 ], [ 27.275499409053808, 46.871872393156863 ], [ 27.273878500713675, 46.871034775079742 ], [ 27.273369255148513, 46.870771608309795 ], [ 27.272013396384956, 46.870124019411122 ], [ 27.271123018707527, 46.869528239974848 ], [ 27.270652456951215, 46.869213362252054 ], [ 27.269637012696737, 46.87111161506904 ], [ 27.26586738478488, 46.870303317759195 ], [ 27.263901506413379, 46.869907775286343 ], [ 27.262397272880818, 46.869605099152331 ], [ 27.26133913082819, 46.869363485597631 ], [ 27.260405348817933, 46.869167258434352 ], [ 27.259471573437349, 46.868971023635233 ], [ 27.257978568813357, 46.868657253225287 ], [ 27.255494126068051, 46.868135065529138 ], [ 27.25498416043262, 46.868057230444414 ], [ 27.253522471258883, 46.867834122015473 ], [ 27.253031924023489, 46.867783808505941 ], [ 27.251255288354283, 46.867601569345382 ], [ 27.25122050799213, 46.867952583696663 ], [ 27.251185727222211, 46.868303598004005 ], [ 27.251017137423233, 46.869019259314825 ], [ 27.25091282307654, 46.869737669588893 ], [ 27.25082671079528, 46.870330717728883 ], [ 27.250700838765493, 46.870879879558331 ], [ 27.250574964287896, 46.871429041181052 ], [ 27.250339954928418, 46.871949898335167 ], [ 27.25021166173115, 46.872512695163024 ], [ 27.249981144630649, 46.872931414002721 ], [ 27.24971192852237, 46.873420405524826 ], [ 27.249144113040561, 46.874901576243296 ], [ 27.248508452018811, 46.876170626576041 ], [ 27.247691532145211, 46.87574232855107 ], [ 27.247592139828853, 46.875639229402374 ], [ 27.247613039221527, 46.875546041436778 ], [ 27.247798008121617, 46.87514059892019 ], [ 27.247339967629902, 46.874785337397185 ], [ 27.24671339967545, 46.874445372760768 ], [ 27.246509033283743, 46.87433447371204 ], [ 27.246371747623172, 46.874211756121674 ], [ 27.246312872593109, 46.874077980330306 ], [ 27.24630976384293, 46.873922527874882 ], [ 27.246248156284913, 46.87372248209816 ], [ 27.246165116630166, 46.873568596230996 ], [ 27.24595618198828, 46.873433163764325 ], [ 27.245804227944735, 46.87338581061271 ], [ 27.24576210216873, 46.873253993962159 ], [ 27.245745484059476, 46.873023914348977 ], [ 27.245826507117481, 46.872807365762853 ], [ 27.246000381292291, 46.872178379878001 ], [ 27.245176638295082, 46.872146399806347 ], [ 27.244162711702366, 46.872170149450774 ], [ 27.243293622340282, 46.87215504814732 ], [ 27.242246098629188, 46.872136842158554 ], [ 27.241456982540893, 46.872123113978454 ], [ 27.240667880234707, 46.872109389129889 ], [ 27.239696833998302, 46.872122582903913 ], [ 27.23969122803236, 46.871928455906392 ], [ 27.239627146869797, 46.871645969336846 ], [ 27.239595506594007, 46.871506468573912 ], [ 27.239570190347941, 46.871422846145457 ], [ 27.239524675487605, 46.871342945814234 ], [ 27.23944592851797, 46.871107863199249 ], [ 27.239422264954666, 46.87095020025324 ], [ 27.239311515498866, 46.870616029560608 ], [ 27.239275980270815, 46.870320569415732 ], [ 27.239245317820323, 46.870065555404189 ], [ 27.237406416742548, 46.869820593341288 ], [ 27.22631878769938, 46.868055870334388 ], [ 27.226295770415557, 46.868123870839263 ], [ 27.226326106939919, 46.868234108264424 ], [ 27.226356443222318, 46.868344336684935 ], [ 27.226334224661134, 46.868512949206945 ], [ 27.226250783798704, 46.868672359308036 ], [ 27.226125784364509, 46.868793687070678 ], [ 27.225064624452262, 46.872137534483613 ], [ 27.22423615926483, 46.874747838838893 ], [ 27.223762552797979, 46.876384825014235 ], [ 27.223288918608926, 46.87802180867584 ], [ 27.219530227397321, 46.877341785717128 ], [ 27.219154486829009, 46.877273798818329 ], [ 27.218878552048587, 46.877223871014181 ], [ 27.218866041976057, 46.877221609191722 ], [ 27.218609642419654, 46.877165437356261 ], [ 27.218252144292059, 46.877173504397014 ], [ 27.218171521241207, 46.877165966829942 ], [ 27.217361534353604, 46.877008681078813 ], [ 27.217180651777078, 46.876965903610468 ], [ 27.217158388596761, 46.8769639011891 ], [ 27.216838967193784, 46.876867726592586 ], [ 27.21665000810582, 46.87683284457438 ], [ 27.216260869718717, 46.876793624722481 ], [ 27.216042523463262, 46.87679111643731 ], [ 27.215679618458374, 46.876728048660539 ], [ 27.214386784720993, 46.876503363054276 ], [ 27.214318988494053, 46.87649157993971 ], [ 27.213948296199355, 46.876810270258183 ], [ 27.213690283447118, 46.87703208718694 ], [ 27.213500934364124, 46.877100156191823 ], [ 27.212921467436601, 46.877365322936996 ], [ 27.212687413902405, 46.877482845209329 ], [ 27.212502028914866, 46.8775547951061 ], [ 27.212403256167562, 46.877594485789288 ], [ 27.212291853890939, 46.877630369215161 ], [ 27.212202856081493, 46.877649178009442 ], [ 27.212046875939603, 46.877702024896507 ], [ 27.21186859826042, 46.877777796929358 ], [ 27.211472952375864, 46.877974817837703 ], [ 27.211457326255847, 46.877993833745258 ], [ 27.211411585526402, 46.878014691731494 ], [ 27.211277744833826, 46.878102028063658 ], [ 27.210898650383907, 46.878312407015144 ], [ 27.210792862605739, 46.878363572268938 ], [ 27.210765006064761, 46.878369235043799 ], [ 27.210764926925886, 46.878376883013637 ], [ 27.210597879612251, 46.87844497297219 ], [ 27.210553164790742, 46.878471566695296 ], [ 27.210486369313607, 46.878494175206342 ], [ 27.210419508659196, 46.878537841690601 ], [ 27.210308108352159, 46.878573723116823 ], [ 27.210129721084066, 46.878653275865567 ], [ 27.209982156005964, 46.87871000810096 ], [ 27.209884579965671, 46.878763083037093 ], [ 27.209862292590387, 46.878766839025985 ], [ 27.209539110076125, 46.878926020672573 ], [ 27.209215933961609, 46.879066118888417 ], [ 27.208948387179049, 46.879202539591475 ], [ 27.208825689805376, 46.879289843019791 ], [ 27.208771814781894, 46.879314003639912 ], [ 27.208613931897947, 46.879407375007823 ], [ 27.208513691478359, 46.87943377547623 ], [ 27.208366199502244, 46.879460087585571 ], [ 27.208338314611634, 46.879471419673422 ], [ 27.208335476402983, 46.879479034100527 ], [ 27.20830205100647, 46.879486512760614 ], [ 27.208215687692821, 46.879528214487173 ], [ 27.208171119387067, 46.879558583126887 ], [ 27.20810403766794, 46.879619353243854 ], [ 27.208056515005403, 46.879680196826811 ], [ 27.208048127248162, 46.879703033154591 ], [ 27.20799057640069, 46.879765779499564 ], [ 27.207933812463303, 46.879777034699195 ], [ 27.207900398314816, 46.879775065880992 ], [ 27.207767144167885, 46.879728935282678 ], [ 27.207722655590885, 46.879719257595994 ], [ 27.207589234824589, 46.879697963606667 ], [ 27.207466983193576, 46.879689955871484 ], [ 27.20738903735592, 46.879703058059484 ], [ 27.207338976677772, 46.879704827454432 ], [ 27.207294389333068, 46.879721789412436 ], [ 27.207138487896579, 46.879757620808327 ], [ 27.20711068213507, 46.879761301935567 ], [ 27.207105146946848, 46.879757448357147 ], [ 27.207088368844648, 46.879770817231659 ], [ 27.207001263538007, 46.879791204625725 ], [ 27.206932463465019, 46.879806558431063 ], [ 27.206520369947985, 46.879929185136163 ], [ 27.206353324052408, 46.879987818038032 ], [ 27.20614164490571, 46.880046220505413 ], [ 27.205996881234714, 46.880078237587355 ], [ 27.205891086805753, 46.880119857629182 ], [ 27.205860434068441, 46.880140691908842 ], [ 27.205829742767129, 46.88015396866723 ], [ 27.205804599686999, 46.880184416411467 ], [ 27.205793215504897, 46.880252935668643 ], [ 27.20575101322715, 46.880367221331596 ], [ 27.205689592427472, 46.880441378353389 ], [ 27.205589219361102, 46.880500171528446 ], [ 27.205477695023976, 46.880549369962552 ], [ 27.205193728386202, 46.880634263493874 ], [ 27.20517694968645, 46.880647635689776 ], [ 27.205138064495205, 46.880653237182621 ], [ 27.205037706940139, 46.880692951716348 ], [ 27.204970842453704, 46.880726986094885 ], [ 27.204901168945895, 46.880772593762693 ], [ 27.204842403803475, 46.880841030151842 ], [ 27.204792238838891, 46.880878977242588 ], [ 27.204496280562545, 46.88115640755656 ], [ 27.204268959821082, 46.881269281290997 ], [ 27.204200749309752, 46.881334660102056 ], [ 27.204150374704486, 46.881412653679376 ], [ 27.204094609077099, 46.881458263080724 ], [ 27.204049964949181, 46.881477115520632 ], [ 27.203994358916106, 46.881484568835852 ], [ 27.203970384266274, 46.88148556714048 ], [ 27.203949781072897, 46.881492078552085 ], [ 27.203860865938776, 46.881493778440209 ], [ 27.203816227227311, 46.881503180853997 ], [ 27.203754965536962, 46.881529639135195 ], [ 27.203671258308191, 46.881588474638313 ], [ 27.203559902931897, 46.881622460551306 ], [ 27.203426086161141, 46.881707809011658 ], [ 27.203406632794945, 46.881713487538313 ], [ 27.203347932976325, 46.881793350571911 ], [ 27.203291976248089, 46.88185039462509 ], [ 27.203258545428454, 46.881867412616558 ], [ 27.203225202930177, 46.881867329948705 ], [ 27.203133702305053, 46.881802215365042 ], [ 27.203103104976122, 46.881788849898605 ], [ 27.203036405306396, 46.881775277165204 ], [ 27.203000227686552, 46.881782807756281 ], [ 27.202977930032567, 46.881796103306797 ], [ 27.202922080580606, 46.881849273765418 ], [ 27.20286879691372, 46.881955851799489 ], [ 27.202815715172012, 46.882031915808213 ], [ 27.202726263450629, 46.882117407351458 ], [ 27.20268445418327, 46.882147811062147 ], [ 27.202584171021396, 46.882179875541006 ], [ 27.202506380959537, 46.882187302034964 ], [ 27.202447798226064, 46.882202367006201 ], [ 27.202372501753544, 46.882251681002089 ], [ 27.202355841865899, 46.882274497624621 ], [ 27.202350149405628, 46.882299262673079 ], [ 27.202416153626505, 46.882424798165275 ], [ 27.202500038902773, 46.882526682840513 ], [ 27.202501382237095, 46.882548110735449 ], [ 27.202506611808918, 46.882631899279083 ], [ 27.202329330096592, 46.882750950075661 ], [ 27.202056316270511, 46.88297824215654 ], [ 27.201877219873118, 46.883054941719017 ], [ 27.201668954576206, 46.883144121717699 ], [ 27.201495801357492, 46.883277652667722 ], [ 27.201306814124855, 46.883474082547181 ], [ 27.201104371107654, 46.883591956017838 ], [ 27.200985423798308, 46.883631176836005 ], [ 27.200783942920278, 46.883671613212698 ], [ 27.200703306391858, 46.883706934716308 ], [ 27.200674550813623, 46.883756744015542 ], [ 27.200659897496585, 46.884001921703877 ], [ 27.200603366250153, 46.884093683451809 ], [ 27.200488079648082, 46.884174931032291 ], [ 27.200251049184075, 46.884341985563751 ], [ 27.200038784417391, 46.884491576910122 ], [ 27.199920014002629, 46.884526815670363 ], [ 27.199737771207456, 46.884564678297586 ], [ 27.19964783344733, 46.884601778327543 ], [ 27.199570962391185, 46.884650696588743 ], [ 27.199479918295619, 46.884732659437653 ], [ 27.199309657532996, 46.884935774732682 ], [ 27.199226704356569, 46.885034717038387 ], [ 27.199143763994702, 46.885133659033926 ], [ 27.199030589544055, 46.885218869332299 ], [ 27.198839461858086, 46.885305350395598 ], [ 27.198620103955186, 46.8853602072369 ], [ 27.198354875315715, 46.885411906844901 ], [ 27.198123385353757, 46.885478656730086 ], [ 27.197979025768049, 46.885532883215916 ], [ 27.197797305582434, 46.885619993057873 ], [ 27.197639347654178, 46.885714685701572 ], [ 27.197512724585781, 46.885772596012558 ], [ 27.197395928824168, 46.885812617913238 ], [ 27.197210034291267, 46.885854766581652 ], [ 27.196987418189774, 46.885916116619271 ], [ 27.196869294691666, 46.88594865814953 ], [ 27.196702273916671, 46.886026100194137 ], [ 27.19648495537173, 46.886160536814494 ], [ 27.196226873787268, 46.88632751588451 ], [ 27.1960939484722, 46.886403587560991 ], [ 27.195693364606779, 46.886602463484977 ], [ 27.195453653554306, 46.886734102942455 ], [ 27.195302863164638, 46.886816910346418 ], [ 27.195152077340754, 46.886899712059872 ], [ 27.194725504492627, 46.887167795356895 ], [ 27.19449622924073, 46.887311886604266 ], [ 27.194396048697897, 46.887361712930684 ], [ 27.194277257375113, 46.887410615543558 ], [ 27.19410926870135, 46.887460463358629 ], [ 27.193987012121635, 46.887496734100026 ], [ 27.193871067075822, 46.887543008419215 ], [ 27.193697645358718, 46.887661315019479 ], [ 27.19352421013248, 46.887779630602772 ], [ 27.19341194520813, 46.887856205869539 ], [ 27.193493672764042, 46.887884860376133 ], [ 27.194535904778682, 46.888567042570124 ], [ 27.198161913041176, 46.890860043422933 ], [ 27.198297310822266, 46.890945660473761 ], [ 27.197344180898728, 46.891707449100259 ], [ 27.197110811691878, 46.891824041493656 ], [ 27.196997296001729, 46.891936216777211 ], [ 27.19700056153733, 46.892016749069249 ], [ 27.197962627152588, 46.892536998559798 ], [ 27.199916194067335, 46.89359334419192 ], [ 27.20117920546296, 46.894276239655532 ], [ 27.202688540436238, 46.895072490890591 ], [ 27.20299488175413, 46.895227871949821 ], [ 27.202971500262695, 46.895262073743737 ], [ 27.202134744940476, 46.896486454438552 ], [ 27.201732226646175, 46.897009843802643 ], [ 27.198915284814458, 46.895346533621719 ], [ 27.198834600512726, 46.895436441952981 ], [ 27.198657576059666, 46.895740958252965 ], [ 27.19823620979323, 46.896051599938239 ], [ 27.197674305376832, 46.896648394201826 ], [ 27.196952499831593, 46.897296358717668 ], [ 27.196286008392281, 46.897835709615876 ], [ 27.195989131258003, 46.898036101068655 ], [ 27.195485235195523, 46.89840706693024 ], [ 27.195094459629459, 46.898737469531731 ], [ 27.194401563127258, 46.899120118531144 ], [ 27.194203228641253, 46.899290652015722 ], [ 27.194012551860407, 46.899671353081125 ], [ 27.193906036520328, 46.899983509474261 ], [ 27.193771527242482, 46.900764717744707 ], [ 27.193675939457272, 46.901319879433878 ], [ 27.193728154765751, 46.901545190598924 ], [ 27.1938696352886, 46.9018570016284 ], [ 27.194372789868023, 46.902308018218008 ], [ 27.195059631794908, 46.902986024953556 ], [ 27.195406476357871, 46.903375643465338 ], [ 27.195342123000668, 46.903431906053264 ], [ 27.195129632393588, 46.903454318324165 ], [ 27.194967752895039, 46.903511618415486 ], [ 27.19469916402663, 46.903731516886438 ], [ 27.194336745705769, 46.904005843952248 ], [ 27.193670516840445, 46.904456416336899 ], [ 27.192964499241285, 46.904893856121042 ], [ 27.192332164452463, 46.90525296792903 ], [ 27.191839677479848, 46.905575861035587 ], [ 27.191254547186194, 46.906031428428818 ], [ 27.191025733928694, 46.90620956305392 ], [ 27.190773333931887, 46.906372046313777 ], [ 27.190016354473432, 46.906859326466602 ], [ 27.189518529795659, 46.907211979910876 ], [ 27.189279721797213, 46.907416631416986 ], [ 27.188943721595244, 46.907686029648964 ], [ 27.188800833186434, 46.907769560999327 ], [ 27.188401100157378, 46.907963145875698 ], [ 27.188040153691055, 46.908146994469952 ], [ 27.187815025746247, 46.908287464149204 ], [ 27.187541063081817, 46.908498493146887 ], [ 27.187245065486952, 46.908737835946013 ], [ 27.187051450997387, 46.908847821033198 ], [ 27.186885046220493, 46.908926657576004 ], [ 27.18678032223135, 46.908965925962498 ], [ 27.186538389358994, 46.909023373132634 ], [ 27.186238166050465, 46.909048926069332 ], [ 27.185913000004344, 46.909076597844226 ], [ 27.185554309297132, 46.909169983972134 ], [ 27.18537698637104, 46.909238658528956 ], [ 27.185192190804131, 46.909339537402701 ], [ 27.184578803311076, 46.909775366398208 ], [ 27.183955575194016, 46.910235729284935 ], [ 27.183742659964928, 46.91040761744145 ], [ 27.183602267525391, 46.910553421013198 ], [ 27.18345199729908, 46.910771474361106 ], [ 27.183202193772328, 46.911272392526826 ], [ 27.182952386061746, 46.911773319105137 ], [ 27.182901901663712, 46.911959840329629 ], [ 27.182912655467035, 46.912149404773992 ], [ 27.183041720213836, 46.912565813553861 ], [ 27.183061287911833, 46.912765190837639 ], [ 27.183054101615642, 46.913009744929575 ], [ 27.183016078833795, 46.913158477974946 ], [ 27.182929707767318, 46.913305696537932 ], [ 27.182843323115179, 46.913452915281951 ], [ 27.182541428685315, 46.913926048085941 ], [ 27.182239529041148, 46.914399180075215 ], [ 27.181996293907446, 46.914724519844654 ], [ 27.181545006711026, 46.915637172547399 ], [ 27.181519101636912, 46.915875268231403 ], [ 27.181505277678532, 46.916002188543793 ], [ 27.181412366318625, 46.916151896171499 ], [ 27.180934355603966, 46.91661910454674 ], [ 27.180538127791248, 46.916937237383685 ], [ 27.180400936436499, 46.917092712724816 ], [ 27.18010737097401, 46.917524196058643 ], [ 27.179902588602967, 46.917764691719569 ], [ 27.179661019278051, 46.918008806899707 ], [ 27.179378371380469, 46.9182556505897 ], [ 27.179212983586595, 46.918416534606948 ], [ 27.179150905798281, 46.918497554336128 ], [ 27.178913497320348, 46.918950956144222 ], [ 27.178748196161717, 46.91922993850828 ], [ 27.178587751930579, 46.91943415651231 ], [ 27.178463206223579, 46.919546133022109 ], [ 27.178141335452061, 46.919801984253773 ], [ 27.177974878757567, 46.919953806698558 ], [ 27.177755839123321, 46.920193604553162 ], [ 27.177580818698743, 46.920362451908233 ], [ 27.177126921532473, 46.92076637603612 ], [ 27.176748741536763, 46.921075389338554 ], [ 27.176034099264417, 46.921718001551199 ], [ 27.175333228039314, 46.922280448749525 ], [ 27.175163853278534, 46.922484245096143 ], [ 27.17511455133755, 46.922638001911345 ], [ 27.174639250372852, 46.92304036650804 ], [ 27.174140001806322, 46.923448057831514 ], [ 27.173071126252367, 46.924320876294161 ], [ 27.172732738632881, 46.924625346318145 ], [ 27.172400733034305, 46.924840516870397 ], [ 27.171790680209373, 46.925257618539142 ], [ 27.171066838241099, 46.925799746570938 ], [ 27.17066404373622, 46.926122619282602 ], [ 27.170439003526248, 46.926249553167651 ], [ 27.170291244103815, 46.926370757960377 ], [ 27.169944889595197, 46.926483415825864 ], [ 27.16976882512915, 46.926520815709566 ], [ 27.169534809432495, 46.92653008634948 ], [ 27.169173759109043, 46.926524216163337 ], [ 27.168555228815027, 46.926615703024538 ], [ 27.168077213583064, 46.92668639462007 ], [ 27.167565027663876, 46.926791093955508 ], [ 27.167278709412745, 46.926913323954714 ], [ 27.167083205870831, 46.927070921924532 ], [ 27.166905563848363, 46.927279666059107 ], [ 27.166698681344073, 46.927363399061754 ], [ 27.166536410786492, 46.92739078911994 ], [ 27.166350342536848, 46.927391368604788 ], [ 27.166215823746061, 46.927437710325741 ], [ 27.165735480240166, 46.927752501005415 ], [ 27.165362023358536, 46.927933819610338 ], [ 27.165156358937161, 46.928012658565429 ], [ 27.164954107111747, 46.928034956697068 ], [ 27.164763587501113, 46.928086541291592 ], [ 27.164055910826896, 46.928416011987075 ], [ 27.163505870180714, 46.928658085775339 ], [ 27.16335454576582, 46.928781678919478 ], [ 27.163115796848302, 46.92899259791502 ], [ 27.162928666018789, 46.929109060059318 ], [ 27.162388153804518, 46.929305190857598 ], [ 27.16200106652785, 46.929430277476364 ], [ 27.161467422614823, 46.929656457024826 ], [ 27.161191439515612, 46.929789195362467 ], [ 27.160780731042902, 46.929963403785095 ], [ 27.160213250286272, 46.930242881110715 ], [ 27.159804509267989, 46.930444171414948 ], [ 27.15926326208659, 46.9306695739958 ], [ 27.158701167845614, 46.930903661016416 ], [ 27.158204532317313, 46.931123697159897 ], [ 27.157985065779751, 46.931284580067292 ], [ 27.157615924041789, 46.931539797983895 ], [ 27.157530934855416, 46.931617346383092 ], [ 27.1573880689246, 46.931846904564537 ], [ 27.157279523972374, 46.932021324110899 ], [ 27.157196331179687, 46.932097830778986 ], [ 27.157014184515806, 46.932161609984846 ], [ 27.156727847838933, 46.932355875476809 ], [ 27.156464379707408, 46.932534630746041 ], [ 27.156246081690234, 46.932708626504855 ], [ 27.156052588135459, 46.932895899271799 ], [ 27.155721951349502, 46.933139097585517 ], [ 27.155619972867459, 46.933253964899883 ], [ 27.155313876616827, 46.933416461428074 ], [ 27.155157259334739, 46.933514819710091 ], [ 27.154839294275231, 46.933735965616435 ], [ 27.154515206165971, 46.933981566606128 ], [ 27.154385890073321, 46.934159259759866 ], [ 27.154182271459167, 46.934397741223613 ], [ 27.153951802414728, 46.934667679406068 ], [ 27.153778977348676, 46.934937935540404 ], [ 27.153637978163708, 46.935108052990941 ], [ 27.153398567994458, 46.93526832717447 ], [ 27.153226953956345, 46.935418570480785 ], [ 27.15317996638764, 46.93555870323096 ], [ 27.153049064629922, 46.935625415782127 ], [ 27.152763774610765, 46.935739796485997 ], [ 27.152586700304401, 46.935752846838909 ], [ 27.152455332749728, 46.935807878022914 ], [ 27.152131733388213, 46.935943453156142 ], [ 27.15185908467738, 46.936034207976896 ], [ 27.151678632122795, 46.93606970881801 ], [ 27.151462514780544, 46.936137037252969 ], [ 27.151346599440558, 46.936151860507273 ], [ 27.151185764265364, 46.936216204593599 ], [ 27.151148707119699, 46.936249030203236 ], [ 27.150884432690319, 46.936320171224523 ], [ 27.150777571305699, 46.936348944093005 ], [ 27.15066460110517, 46.936473262400909 ], [ 27.150563972058986, 46.936515066020732 ], [ 27.150373914283065, 46.936523477692674 ], [ 27.150257585038261, 46.936563621008439 ], [ 27.150069653935628, 46.936589522074541 ], [ 27.149829365017805, 46.936585236058576 ], [ 27.14955700241579, 46.936643017637664 ], [ 27.149244749195283, 46.936686810919106 ], [ 27.14905065578504, 46.936714039965374 ], [ 27.148879739979176, 46.936807508528396 ], [ 27.148456813357001, 46.937017777305478 ], [ 27.148119289201144, 46.937297454069487 ], [ 27.147870064954343, 46.937583494475575 ], [ 27.147723714930066, 46.937857765261242 ], [ 27.147374562066318, 46.938252183032311 ], [ 27.146855444055262, 46.938960111227573 ], [ 27.146369840018071, 46.939245004067089 ], [ 27.145695347017476, 46.939524787792827 ], [ 27.145105621237406, 46.939880578118938 ], [ 27.144944966254965, 46.940112007126856 ], [ 27.144738273096763, 46.940409757563678 ], [ 27.144364616873172, 46.940704681354205 ], [ 27.144270533960281, 46.940870215948735 ], [ 27.143991960261136, 46.940983153630761 ], [ 27.143533976379015, 46.941013216964173 ], [ 27.143350580600025, 46.941065847745939 ], [ 27.143009749924431, 46.941276262025305 ], [ 27.142600260382924, 46.941568165091205 ], [ 27.142380230939381, 46.941687840229221 ], [ 27.142135221316629, 46.941854592144878 ], [ 27.141924727898473, 46.941933091172075 ], [ 27.141709445094172, 46.942079151051729 ], [ 27.141625855337018, 46.942136935922655 ], [ 27.14153730505274, 46.942207824955034 ], [ 27.141395945886572, 46.942346707636538 ], [ 27.141328602142369, 46.942456788138188 ], [ 27.141199569714228, 46.942672452666258 ], [ 27.141137881063361, 46.942778036699004 ], [ 27.141025929370659, 46.94285659462723 ], [ 27.140743653215782, 46.942929179754444 ], [ 27.140520916577206, 46.943031479944509 ], [ 27.140357049856163, 46.943055559509276 ], [ 27.140021875865102, 46.94306177803216 ], [ 27.13948192057795, 46.943019016444602 ], [ 27.139083557159228, 46.943165416145796 ], [ 27.13868519121209, 46.943311805490538 ], [ 27.137565334536358, 46.943585785587715 ], [ 27.136692558482977, 46.943799305451385 ], [ 27.136449331483615, 46.943858810427862 ], [ 27.135962496275184, 46.944412867724274 ], [ 27.1353675533901, 46.944639400929809 ], [ 27.13457639361221, 46.944940624628984 ], [ 27.134000843867007, 46.945159754802958 ], [ 27.133446484821256, 46.945613490818495 ], [ 27.133290856463926, 46.945655162256465 ], [ 27.132928262847656, 46.945712512543686 ], [ 27.132403857664006, 46.945795456684223 ], [ 27.131840485362599, 46.945884561849525 ], [ 27.131198454176388, 46.946034347672139 ], [ 27.130631247066201, 46.9462474034396 ], [ 27.130367400744817, 46.94641607021245 ], [ 27.130088075461313, 46.946671220499738 ], [ 27.129961463565106, 46.946786869627019 ], [ 27.129619304023556, 46.94690831569703 ], [ 27.128664130967611, 46.947094040108645 ], [ 27.128223070457889, 46.947235799158818 ], [ 27.128004525717756, 46.947377222493742 ], [ 27.127785979480677, 46.94751863642577 ], [ 27.127329238788725, 46.947902052495813 ], [ 27.126695317012278, 46.948434196567852 ], [ 27.126414214577267, 46.948789588409511 ], [ 27.126145393609839, 46.948992810708035 ], [ 27.125737946993805, 46.949189966107717 ], [ 27.125080005617505, 46.949577080031851 ], [ 27.124472054362794, 46.949795165543215 ], [ 27.123698642020958, 46.950005252481482 ], [ 27.123257094493333, 46.950126151121623 ], [ 27.122906697359568, 46.950232142727351 ], [ 27.122556311616265, 46.950338124042993 ], [ 27.122222253027996, 46.950493197532538 ], [ 27.121956728147556, 46.950619079456914 ], [ 27.12197385462084, 46.950741919091001 ], [ 27.122957473853074, 46.951811965658862 ], [ 27.123447121928276, 46.952195619260522 ], [ 27.123808815720007, 46.952607274365505 ], [ 27.125150390764706, 46.95413409665435 ], [ 27.127990583738033, 46.957538520326942 ], [ 27.130262154095348, 46.959731737050674 ], [ 27.130626615587516, 46.959594211882077 ], [ 27.130694866071966, 46.959568457179088 ], [ 27.130890945649199, 46.959882559937263 ], [ 27.130960838024574, 46.960217026345923 ], [ 27.131010404467798, 46.960454250867365 ], [ 27.131089863974584, 46.960650888263665 ], [ 27.131345819943384, 46.960833610931005 ], [ 27.131479636603022, 46.961010067804722 ], [ 27.131769370381026, 46.961292707315629 ], [ 27.132112054133369, 46.961593111792801 ], [ 27.132266506920683, 46.961755796436513 ], [ 27.133067069420395, 46.962609502222328 ], [ 27.133779125637922, 46.963368796868203 ], [ 27.133855307813189, 46.963450031436821 ], [ 27.134087624437864, 46.963458827700961 ], [ 27.13445606799764, 46.963410141630099 ], [ 27.13484024439364, 46.963304516847359 ], [ 27.135480985306479, 46.962957694194444 ], [ 27.135763854501, 46.962841406155505 ], [ 27.136106410393804, 46.962722473620481 ], [ 27.136445180069586, 46.962559975737669 ], [ 27.136597138540939, 46.962468498209034 ], [ 27.136682129901523, 46.962417323765997 ], [ 27.136709927130759, 46.962351397844088 ], [ 27.136812578395663, 46.962245202490195 ], [ 27.136923548912062, 46.96219387966979 ], [ 27.137336184807634, 46.962080682351498 ], [ 27.137888311790228, 46.96196208234344 ], [ 27.138674329820965, 46.961730773687457 ], [ 27.139253670029547, 46.961494851143243 ], [ 27.139892630084045, 46.961285958651899 ], [ 27.140148786791734, 46.961217173010809 ], [ 27.140287837439963, 46.96109636933258 ], [ 27.140597694004967, 46.960930525868278 ], [ 27.140779367649532, 46.960887749987883 ], [ 27.140961054136174, 46.960844973579619 ], [ 27.141154672691496, 46.960740397643107 ], [ 27.141435007791969, 46.960555392662641 ], [ 27.141661349904915, 46.960460062004657 ], [ 27.142034396333226, 46.960302940110658 ], [ 27.142516301455487, 46.959986076007624 ], [ 27.143049077614332, 46.959729878739658 ], [ 27.143451249314491, 46.959536495442947 ], [ 27.14398562904308, 46.959279526040795 ], [ 27.144616879665012, 46.959098393950335 ], [ 27.144981344944824, 46.958927833797212 ], [ 27.145552961321748, 46.958744799615694 ], [ 27.146617530409518, 46.958457763790342 ], [ 27.147131039596733, 46.958319302363464 ], [ 27.147884473751553, 46.958197114146074 ], [ 27.149143720616983, 46.959009847901939 ], [ 27.150388494132596, 46.959615949321893 ], [ 27.150490983046431, 46.959679009483878 ], [ 27.149753216829588, 46.960088277206012 ], [ 27.149064847614472, 46.9603804921083 ], [ 27.148496949463393, 46.960031967872872 ], [ 27.147929058978686, 46.959683449734243 ], [ 27.147781630985666, 46.959769854947197 ], [ 27.147966679336903, 46.959917848609329 ], [ 27.148309385359084, 46.960191929390938 ], [ 27.148096364266692, 46.960274868016327 ], [ 27.147861441205919, 46.960436133445441 ], [ 27.147923288139662, 46.960596139217571 ], [ 27.148184765523826, 46.960897225762572 ], [ 27.148485795846955, 46.961180459720602 ], [ 27.148856725957174, 46.961440155350374 ], [ 27.149127362120545, 46.961359264736863 ], [ 27.149184356532182, 46.961448639694808 ], [ 27.14927167896159, 46.961662162200817 ], [ 27.149397505753562, 46.961638041419533 ], [ 27.149667361030311, 46.961491869755704 ], [ 27.149960173631516, 46.961410743964791 ], [ 27.150283283985441, 46.961485701603245 ], [ 27.15052154836734, 46.961594284094161 ], [ 27.150678991422019, 46.9618882604831 ], [ 27.151051941891847, 46.962225453022619 ], [ 27.151377108365427, 46.962519441901051 ], [ 27.151222089813253, 46.962913360435067 ], [ 27.152800260615727, 46.963948584155844 ], [ 27.152807216516969, 46.964123307460817 ], [ 27.153180400769767, 46.964235882101228 ], [ 27.153520760472141, 46.964266163488588 ], [ 27.153521492828556, 46.964390502399105 ], [ 27.153521673677549, 46.964421778389493 ], [ 27.154064408771408, 46.964777766949126 ], [ 27.155190082770005, 46.96551608953741 ], [ 27.155685665264581, 46.965908730013474 ], [ 27.155941796745168, 46.966217727896399 ], [ 27.1561595972281, 46.966306443281617 ], [ 27.156308296297265, 46.966249492457912 ], [ 27.156876323484884, 46.966622038763461 ], [ 27.159237625181053, 46.968206714050368 ], [ 27.15933331522168, 46.968270019670385 ], [ 27.160237628496908, 46.968549607650104 ], [ 27.161511204820332, 46.969048354313124 ], [ 27.161919099112485, 46.969176178457978 ], [ 27.161809505016031, 46.969493491118342 ], [ 27.161809558265276, 46.969764421964101 ], [ 27.16180958546833, 46.969966972417993 ], [ 27.161878174862935, 46.970041456109875 ], [ 27.162049919215381, 46.97010966059068 ], [ 27.162245553276453, 46.970145399896957 ], [ 27.162392692997816, 46.970172284135543 ], [ 27.162786070574839, 46.970207736058335 ], [ 27.163108324628396, 46.970146803467721 ], [ 27.163382248110207, 46.970110703586087 ], [ 27.163547109394898, 46.970088976241257 ], [ 27.163671198606465, 46.970090410890045 ], [ 27.16387510379456, 46.970109101846255 ], [ 27.16404978104692, 46.970160519849948 ], [ 27.164227195481914, 46.970221523826581 ], [ 27.164367880922974, 46.970245431073657 ], [ 27.164540770094931, 46.970251834543454 ], [ 27.164857532106804, 46.97022975734582 ], [ 27.165232389362167, 46.970161154843353 ], [ 27.165591888673116, 46.970068200990667 ], [ 27.16576787871184, 46.970062432207548 ], [ 27.165999873288662, 46.970018672317927 ], [ 27.166231880618259, 46.969974911717813 ], [ 27.166613094775681, 46.969975142179706 ], [ 27.167080725108033, 46.969990989882398 ], [ 27.16743368131554, 46.970029398801195 ], [ 27.167691675212421, 46.97000624900835 ], [ 27.168049815750521, 46.96991789328974 ], [ 27.168162283438722, 46.969890142791421 ], [ 27.168367085755715, 46.969886600225223 ], [ 27.168528130450877, 46.969854013061102 ], [ 27.168732813604883, 46.96978261305587 ], [ 27.170054286566153, 46.970515573518007 ], [ 27.170663417655227, 46.970812455826547 ], [ 27.171025213710767, 46.970955891082191 ], [ 27.171184083914227, 46.971061272894325 ], [ 27.171223711104417, 46.971331450440609 ], [ 27.171256047759073, 46.971552002457351 ], [ 27.171363901263131, 46.97177199728138 ], [ 27.171610945854649, 46.972125099539348 ], [ 27.171677066402683, 46.972360916248419 ], [ 27.171646713304135, 46.97270199736397 ], [ 27.171578819433989, 46.973464787841664 ], [ 27.168162222573894, 46.971659796147591 ], [ 27.16763050959382, 46.971378867861432 ], [ 27.165668282981688, 46.972846725595176 ], [ 27.169200745691441, 46.974926861187953 ], [ 27.17156192370761, 46.975576400562659 ], [ 27.172269060803043, 46.975630976818877 ], [ 27.172211382897025, 46.97598104888025 ], [ 27.172153717783541, 46.976331129624441 ], [ 27.172179190684293, 46.976710825704131 ], [ 27.172265570033147, 46.976980743345784 ], [ 27.172444774783564, 46.977032171593287 ], [ 27.172472663950252, 46.977189276128691 ], [ 27.172562190755006, 46.977268875546876 ], [ 27.172668192844636, 46.977311207189523 ], [ 27.172699682575516, 46.977468243872629 ], [ 27.172686458333519, 46.977586717291878 ], [ 27.172574572231891, 46.977717603706829 ], [ 27.172546985774517, 46.977798346149186 ], [ 27.172466628744761, 46.977895568762598 ], [ 27.17245878519045, 46.977956232422805 ], [ 27.172568522603274, 46.978027352544956 ], [ 27.172664468926978, 46.978069378590568 ], [ 27.17270940437232, 46.978135680548412 ], [ 27.172711665331843, 46.978345342765323 ], [ 27.172767841404966, 46.978413250784726 ], [ 27.172842701411433, 46.978537102588355 ], [ 27.172857711013986, 46.978655044358952 ], [ 27.172772604402201, 46.978787532342871 ], [ 27.172687497739442, 46.978920029253821 ], [ 27.172705078355882, 46.97905058373297 ], [ 27.172652886187137, 46.979183864670937 ], [ 27.172583466316112, 46.979297762864348 ], [ 27.172602050532138, 46.979350900997311 ], [ 27.172717104910994, 46.979400810024757 ], [ 27.172743604573043, 46.979446753152871 ], [ 27.172706951058757, 46.979519135573483 ], [ 27.172720164801763, 46.979592072860775 ], [ 27.172852208042304, 46.979655735786011 ], [ 27.172922363217431, 46.979713526972041 ], [ 27.172930405369119, 46.979862555268596 ], [ 27.172937308323892, 46.979990440170049 ], [ 27.172875922454885, 46.980044175191367 ], [ 27.172717242158949, 46.980123516525552 ], [ 27.172634412040207, 46.980299946881395 ], [ 27.172666931156865, 46.980392920639233 ], [ 27.172819201266961, 46.980601872998903 ], [ 27.17289821916501, 46.98077772163542 ], [ 27.172892478288897, 46.980903441937876 ], [ 27.172843839262146, 46.980946228502845 ], [ 27.172845186059284, 46.981069349710538 ], [ 27.172797931995632, 46.981146593011296 ], [ 27.172765508312605, 46.981199602648751 ], [ 27.172763517015078, 46.981363982524435 ], [ 27.172713157036618, 46.981453594413324 ], [ 27.172762266104385, 46.981511781934159 ], [ 27.172981376111718, 46.981593863381981 ], [ 27.173076489708713, 46.981722606793937 ], [ 27.173043293021344, 46.981842077094896 ], [ 27.172890285292361, 46.981973026997018 ], [ 27.17288197194398, 46.982034761293477 ], [ 27.17294266047616, 46.982112437747098 ], [ 27.173003335683873, 46.982190105421026 ], [ 27.172968240146599, 46.982301602635488 ], [ 27.173069119049181, 46.982484427344119 ], [ 27.17315461113429, 46.982639375944736 ], [ 27.173109655884968, 46.982776758997183 ], [ 27.17312149379952, 46.982892294690096 ], [ 27.173221668472404, 46.983057891100188 ], [ 27.17324803008216, 46.983355411867741 ], [ 27.17322943374684, 46.983675798936552 ], [ 27.173256673538038, 46.983995475772154 ], [ 27.173175917375211, 46.984223582412042 ], [ 27.173071468979355, 46.98443771927699 ], [ 27.173068925634183, 46.984527843590548 ], [ 27.173135428509351, 46.984750369569994 ], [ 27.173169605777236, 46.984935502961179 ], [ 27.173237240623045, 46.985186155298464 ], [ 27.173239267754496, 46.985364425207464 ], [ 27.173208537692481, 46.985482166203418 ], [ 27.173162473924702, 46.985563256512336 ], [ 27.173153428998553, 46.985645062501639 ], [ 27.173709436925705, 46.98582318466967 ], [ 27.179314459144027, 46.98827028337849 ], [ 27.179942041563784, 46.98769995672707 ], [ 27.17996836648976, 46.987735769006228 ], [ 27.180099359786375, 46.987787034467502 ], [ 27.18024932781713, 46.987798500249404 ], [ 27.180276785133618, 46.987890730576844 ], [ 27.180291799135087, 46.988078707604977 ], [ 27.180329204090935, 46.988886502169869 ], [ 27.181317861450125, 46.988873462102184 ], [ 27.182416667346658, 46.988738963603041 ], [ 27.183426194490576, 46.988638439845474 ], [ 27.184567419643528, 46.988535630332642 ], [ 27.185223412202859, 46.9883868815309 ], [ 27.186232612814095, 46.988294492048873 ], [ 27.187057214185327, 46.988144167306714 ], [ 27.18753719620851, 46.988174862353539 ], [ 27.188141695719651, 46.988187266980525 ], [ 27.189007459449737, 46.98818843210546 ], [ 27.189083819179782, 46.987937054904002 ], [ 27.189063360846788, 46.987698537494296 ], [ 27.188933368412197, 46.987508890711673 ], [ 27.188894936596867, 46.987359377978244 ], [ 27.188910729153882, 46.98712755184058 ], [ 27.188926521957853, 46.986895734676374 ], [ 27.188901818874911, 46.986652060459285 ], [ 27.188888180291734, 46.986517600130121 ], [ 27.188953549151204, 46.986419561620728 ], [ 27.189103029082791, 46.986291113880249 ], [ 27.189138990797989, 46.986201758864503 ], [ 27.189123814937883, 46.986005011932086 ], [ 27.189103015810211, 46.985735014516322 ], [ 27.189243168302422, 46.985576651928021 ], [ 27.189462373016042, 46.985328953378612 ], [ 27.189520418333796, 46.985139141013903 ], [ 27.189652535053874, 46.984981461251714 ], [ 27.189861852622194, 46.984731627792357 ], [ 27.189963656693578, 46.984337029862765 ], [ 27.19001247943671, 46.984147815113495 ], [ 27.189525865352753, 46.983591967932028 ], [ 27.190118122577385, 46.983294103652085 ], [ 27.190571032745208, 46.982975169923009 ], [ 27.1909870707347, 46.982523321987777 ], [ 27.191752550962605, 46.981840696907256 ], [ 27.192388260182906, 46.981273780375098 ], [ 27.193194439206703, 46.980996518686965 ], [ 27.193879388779035, 46.980760934326121 ], [ 27.194470618240828, 46.980490584402602 ], [ 27.195025171619974, 46.980350735153571 ], [ 27.19584264450436, 46.979865360899225 ], [ 27.196402228306273, 46.979384898450505 ], [ 27.196537550713025, 46.979074945147708 ], [ 27.196848526437261, 46.978827653240373 ], [ 27.197122476962736, 46.978753480531978 ], [ 27.197503319162998, 46.97852208902777 ], [ 27.198140366589186, 46.978051597805141 ], [ 27.198292921246178, 46.978088106040722 ], [ 27.198445475740268, 46.978124605080708 ], [ 27.198740783116147, 46.97813375453056 ], [ 27.199146093810576, 46.9781463140908 ], [ 27.199815156579323, 46.978549229724855 ], [ 27.200279182033832, 46.978864570358681 ], [ 27.20044193926968, 46.979063433881031 ], [ 27.200604697712237, 46.979262297150839 ], [ 27.200925300025798, 46.979450761847374 ], [ 27.201510000258825, 46.979897111764892 ], [ 27.202124485046269, 46.979993137674846 ], [ 27.202206851443833, 46.980160741527158 ], [ 27.202226870624997, 46.980922198866317 ], [ 27.20239049198716, 46.981152907570227 ], [ 27.202868462394328, 46.981528470065911 ], [ 27.20301098974597, 46.981782212296281 ], [ 27.203110448237524, 46.982175770543023 ], [ 27.203371671494534, 46.982252680388406 ], [ 27.20382849073517, 46.982428682628793 ], [ 27.20429168361531, 46.98258485417756 ], [ 27.204373224523788, 46.982612344425 ], [ 27.204515923112456, 46.982526389499533 ], [ 27.204605336824983, 46.982337490331226 ], [ 27.204743637733209, 46.981935845554851 ], [ 27.20483962547107, 46.98165704945594 ], [ 27.204876385947465, 46.981550270339746 ], [ 27.205104939777044, 46.981446197552245 ], [ 27.205209338749839, 46.981271787341683 ], [ 27.205245077150192, 46.981032665607017 ], [ 27.205379326412039, 46.980884779881691 ], [ 27.205402620251359, 46.980573996190117 ], [ 27.205636870855539, 46.980105707510113 ], [ 27.205666775970169, 46.979868694737974 ], [ 27.205736014715185, 46.979714663136669 ], [ 27.205874461790401, 46.979581472375422 ], [ 27.206065939328848, 46.979513777149222 ], [ 27.206197765367921, 46.979454205061941 ], [ 27.206291705552296, 46.979396113068525 ], [ 27.206401564391548, 46.979296700480589 ], [ 27.20657296039959, 46.979174190224391 ], [ 27.206784071411946, 46.979058965066223 ], [ 27.206875337599179, 46.979009157539615 ], [ 27.207059407974036, 46.978827111582397 ], [ 27.207170468175232, 46.978717254723634 ], [ 27.207281541432177, 46.978607406498412 ], [ 27.207304407993448, 46.978497661655958 ], [ 27.207373638393797, 46.978380928793555 ], [ 27.207428069531055, 46.97828912647951 ], [ 27.207523311748595, 46.978235309908285 ], [ 27.207787234391208, 46.9781049985096 ], [ 27.208179481661979, 46.977911327590952 ], [ 27.208512441834188, 46.977746929011325 ], [ 27.208918328364941, 46.977580530562136 ], [ 27.209511254031629, 46.977303176641719 ], [ 27.21085554991242, 46.976577939416451 ], [ 27.212060858634878, 46.975927655292686 ], [ 27.212666928232014, 46.97572042080062 ], [ 27.21360790101776, 46.975566600546706 ], [ 27.214123402833252, 46.975482326680805 ], [ 27.214326236765153, 46.97545977114018 ], [ 27.214472896773039, 46.97539561226067 ], [ 27.214597713588635, 46.975284152082324 ], [ 27.214793897757104, 46.975094499702514 ], [ 27.215191221443799, 46.974806705950819 ], [ 27.215699354772354, 46.974438637954634 ], [ 27.216584238704154, 46.974050444780907 ], [ 27.217022404076214, 46.973914874629386 ], [ 27.217724901709076, 46.974009126136913 ], [ 27.21904469104685, 46.974268230444316 ], [ 27.220163810316926, 46.974449422766952 ], [ 27.221282936898039, 46.974630604161007 ], [ 27.221742490507982, 46.974704995218723 ], [ 27.221693428004482, 46.974833344249845 ], [ 27.221672201635009, 46.974888843315306 ], [ 27.222305454570172, 46.975073766949762 ], [ 27.222466841410526, 46.975065547390614 ], [ 27.222542156744506, 46.974980993245772 ], [ 27.222716232567954, 46.974928381028569 ], [ 27.22300874882988, 46.974957229268206 ], [ 27.223596054202851, 46.975157735016779 ], [ 27.224032570150438, 46.97527754575097 ], [ 27.224332242951036, 46.975359795337724 ], [ 27.224855361855862, 46.975431634933152 ], [ 27.225507507188002, 46.975547138388031 ], [ 27.226005238897613, 46.975668073737971 ], [ 27.226295387846267, 46.975738578635308 ], [ 27.226552754022673, 46.975906272087101 ], [ 27.226755229140938, 46.97610679886526 ], [ 27.226955690820986, 46.976258095934696 ], [ 27.227206278842189, 46.976360407783019 ], [ 27.227456867434839, 46.976462710083851 ], [ 27.227703687864317, 46.976669758181075 ], [ 27.228165924387859, 46.976889285093982 ], [ 27.228841910708525, 46.977326015268901 ], [ 27.22911205324294, 46.977347541399872 ], [ 27.229344917290405, 46.977366088621054 ], [ 27.229556004681296, 46.977447336563522 ], [ 27.229934394466973, 46.977636179934464 ], [ 27.230054329087721, 46.977840761710233 ], [ 27.230198024061227, 46.978085837509468 ], [ 27.230363416913583, 46.978270741972629 ], [ 27.230402549268746, 46.97831448447883 ], [ 27.230348814557892, 46.978420313650396 ], [ 27.230296133745867, 46.978502298204276 ], [ 27.230243452775916, 46.978584282733344 ], [ 27.230267225124162, 46.978729603186494 ], [ 27.230408565053505, 46.978866541123658 ], [ 27.230522044035634, 46.978977021152836 ], [ 27.230655011144375, 46.979173251478535 ], [ 27.230754474824682, 46.979320042232487 ], [ 27.230817201924612, 46.979520977722082 ], [ 27.230879929504148, 46.979721913160496 ], [ 27.230879094160933, 46.980084084296173 ], [ 27.230878418107, 46.980377384832593 ], [ 27.230877957487621, 46.98057632022973 ], [ 27.230826884348851, 46.980752081397299 ], [ 27.230688449444781, 46.980934183667806 ], [ 27.230455351303711, 46.981329343211279 ], [ 27.230377648893679, 46.981908159955495 ], [ 27.230462064710462, 46.982476887141971 ], [ 27.230763859070443, 46.983389195896187 ], [ 27.230701006808687, 46.983835569845269 ], [ 27.23074617008162, 46.984296746401526 ], [ 27.23093426436143, 46.985056239792819 ], [ 27.231152474576767, 46.985937335410163 ], [ 27.231455916602727, 46.986565204686769 ], [ 27.231959450462892, 46.987195385588336 ], [ 27.232331462782, 46.98753994185855 ], [ 27.232993911685455, 46.987976261960689 ], [ 27.233357591110579, 46.988215789949855 ], [ 27.233721273757943, 46.988455316746361 ], [ 27.234183261651957, 46.988921813235905 ], [ 27.234583890344865, 46.98951919477453 ], [ 27.235148982394669, 46.990162072961191 ], [ 27.235869042349769, 46.990621107644387 ], [ 27.236273766708553, 46.990879115667305 ], [ 27.23690614870225, 46.991129641398331 ], [ 27.237477558075206, 46.991188115943281 ], [ 27.23804898214626, 46.991246596384137 ], [ 27.238698737388429, 46.991233994322236 ], [ 27.239007214838196, 46.991182296494735 ], [ 27.239310037683072, 46.99120424525853 ], [ 27.239804274197404, 46.991361590062176 ], [ 27.240096153369102, 46.991399640940656 ], [ 27.240321916489471, 46.991383335326788 ], [ 27.240699630553909, 46.991531014868315 ], [ 27.241072332234481, 46.991837780289266 ], [ 27.241455420149737, 46.99200993760202 ], [ 27.241838510865339, 46.992182102603806 ], [ 27.24222725049318, 46.992245352809725 ], [ 27.242775226380136, 46.992334501330404 ], [ 27.243284218308752, 46.992496080012771 ], [ 27.24350753061055, 46.992735182193456 ], [ 27.243611725686243, 46.99289816662111 ], [ 27.243635836806273, 46.993067711141428 ], [ 27.243651375501692, 46.994300848466963 ], [ 27.243349802455903, 46.994329423537415 ], [ 27.24309456547585, 46.994353605755435 ], [ 27.242803917434713, 46.99438113917639 ], [ 27.242608958161679, 46.994389534981948 ], [ 27.24234769205345, 46.994385711642238 ], [ 27.242247261746527, 46.994393602015592 ], [ 27.242131537309859, 46.994444002492315 ], [ 27.241991382756094, 46.994664764550798 ], [ 27.241933620152476, 46.994755765982305 ], [ 27.241883470516449, 46.99498840355551 ], [ 27.241857519422304, 46.995108806774567 ], [ 27.241817472846879, 46.995294598607799 ], [ 27.241762532003612, 46.995352195811854 ], [ 27.24167377723283, 46.995372088159066 ], [ 27.241245529421143, 46.995366781082659 ], [ 27.240901170317191, 46.995362507275516 ], [ 27.24067424280927, 46.995359696132439 ], [ 27.240503438453086, 46.995357576802604 ], [ 27.240358997448485, 46.995379395021565 ], [ 27.240269333571234, 46.995411632189374 ], [ 27.24018054374838, 46.995465269297164 ], [ 27.240147506095493, 46.995537297470271 ], [ 27.240188428168576, 46.995563751334558 ], [ 27.24028383976858, 46.995578771978771 ], [ 27.240527020238712, 46.995636349608418 ], [ 27.240693393645596, 46.995716177980327 ], [ 27.240767576308752, 46.995751776524507 ], [ 27.24078203269227, 46.995796219540857 ], [ 27.240703471278824, 46.995867835891225 ], [ 27.240454561404807, 46.995992144167147 ], [ 27.240186473196577, 46.996088199185451 ], [ 27.239782349947163, 46.996184616906866 ], [ 27.239442833414401, 46.996238907413328 ], [ 27.239282671537765, 46.996264511792369 ], [ 27.23902747576869, 46.996224253209583 ], [ 27.238476349603761, 46.995996378409231 ], [ 27.238203860613556, 46.996426951706404 ], [ 27.238175426890599, 46.996721626362081 ], [ 27.238053536377407, 46.996863101273341 ], [ 27.237947197799173, 46.99709966093188 ], [ 27.237896437782464, 46.997212607250489 ], [ 27.23792576072892, 46.997282912605151 ], [ 27.2380881737373, 46.997418874526055 ], [ 27.238193716368006, 46.997583763122002 ], [ 27.238262873176662, 46.997791372270463 ], [ 27.238283749656965, 46.997974937232847 ], [ 27.238307602491208, 46.998184621733778 ], [ 27.23828628495075, 46.998356451728341 ], [ 27.238195472825577, 46.998567163022187 ], [ 27.238128503043566, 46.998722546713353 ], [ 27.237936965557594, 46.998774880806394 ], [ 27.237831167890125, 46.998884250835232 ], [ 27.23786807020257, 46.999074317102846 ], [ 27.237793087020783, 46.999226805365538 ], [ 27.237740617075321, 46.999502067475191 ], [ 27.237881594783278, 46.999926611032905 ], [ 27.237795817695719, 47.00055426951878 ], [ 27.23786061405103, 47.001137281466768 ], [ 27.238103012091866, 47.001591650588793 ], [ 27.238465839144055, 47.002008903673484 ], [ 27.238505521728172, 47.002230717107288 ], [ 27.238304285071575, 47.002770195709964 ], [ 27.238069849622804, 47.003734615393078 ], [ 27.237964597886684, 47.004167576982141 ], [ 27.238256442830529, 47.004558706767163 ], [ 27.238828202516029, 47.00435905935614 ], [ 27.23909671831948, 47.004479814644952 ], [ 27.23921648232481, 47.004672241226167 ], [ 27.239163838878092, 47.00511841921152 ], [ 27.239393525903338, 47.005510436982505 ], [ 27.239514536207075, 47.005716976003811 ], [ 27.239345781606659, 47.006074762781701 ], [ 27.239155704209164, 47.006148001153917 ], [ 27.238868184280481, 47.006077071428095 ], [ 27.238754036247297, 47.006510529941842 ], [ 27.238667891080063, 47.006837602524925 ], [ 27.240171896959417, 47.006879486027749 ], [ 27.240172015807651, 47.007580288663831 ], [ 27.240172134829031, 47.008281091140269 ], [ 27.240017627928204, 47.011434962240564 ], [ 27.239966593517806, 47.01151901131179 ], [ 27.239759141558253, 47.011527742995447 ], [ 27.239657660707977, 47.011532014744269 ], [ 27.239497317790224, 47.011654277173108 ], [ 27.239291522515064, 47.011811202149609 ], [ 27.239014775224401, 47.011873909994193 ], [ 27.238921733243654, 47.012055409285097 ], [ 27.23872984765676, 47.012186786128865 ], [ 27.238562815021616, 47.012246627115033 ], [ 27.238395782012958, 47.012306467861613 ], [ 27.238122671108329, 47.012404305832156 ], [ 27.237979395830262, 47.0123699731069 ], [ 27.237643638505613, 47.012289500861662 ], [ 27.237511024258211, 47.012392433683793 ], [ 27.237584876145068, 47.012758976026205 ], [ 27.237407400545163, 47.013084280652173 ], [ 27.236803285950884, 47.013352585338104 ], [ 27.236545080342665, 47.013503321782984 ], [ 27.23628791838112, 47.013776194361036 ], [ 27.235996722595079, 47.014104167496541 ], [ 27.235864773612565, 47.014182357059845 ], [ 27.235672020436109, 47.014221949964629 ], [ 27.235307058756771, 47.014217409318483 ], [ 27.234861314204828, 47.014206512674768 ], [ 27.234369127552188, 47.014130463033624 ], [ 27.233821809101762, 47.014008145195795 ], [ 27.233570122595697, 47.013977362597224 ], [ 27.231558062278374, 47.014890886405524 ], [ 27.23110134254269, 47.015098239225374 ], [ 27.230613886799912, 47.015371041012116 ], [ 27.230126426119874, 47.015643840759296 ], [ 27.229742930285106, 47.015957292922089 ], [ 27.229470578021459, 47.016254685374633 ], [ 27.228642165018616, 47.016625408142318 ], [ 27.228114148211159, 47.016886005955953 ], [ 27.227506425146519, 47.016939460701742 ], [ 27.226893841750027, 47.016874772800229 ], [ 27.225977345028692, 47.016866802581433 ], [ 27.224709974407062, 47.016946872187681 ], [ 27.22395532466215, 47.017135302591569 ], [ 27.223228569087283, 47.017260587279118 ], [ 27.222881789413243, 47.017232485488684 ], [ 27.222126137267981, 47.01714965924964 ], [ 27.22170510069942, 47.01704647688733 ], [ 27.221441014986642, 47.017051559007406 ], [ 27.220865473037524, 47.017146095085621 ], [ 27.220511962371461, 47.017201587001956 ], [ 27.220139094653518, 47.017073356084573 ], [ 27.219765807607516, 47.016931040181291 ], [ 27.219547458665343, 47.016847798806452 ], [ 27.219304175504842, 47.016864399266062 ], [ 27.219151156230168, 47.016988984388426 ], [ 27.219152978854236, 47.017065347726088 ], [ 27.219081874180802, 47.017179287429954 ], [ 27.218870553615879, 47.017355133200724 ], [ 27.218634712066102, 47.017485016900267 ], [ 27.218136225976458, 47.01767213896764 ], [ 27.217500957193202, 47.01798408766917 ], [ 27.217093904432566, 47.01830087366212 ], [ 27.217013948691655, 47.018452551219646 ], [ 27.216774932835257, 47.01887710680662 ], [ 27.216582146450186, 47.019025596382583 ], [ 27.216251641852978, 47.019229731434159 ], [ 27.215965972898694, 47.019546927386159 ], [ 27.215691845729193, 47.019978723389912 ], [ 27.215501345150631, 47.020155827754245 ], [ 27.214830893979062, 47.020482069116845 ], [ 27.213218940933032, 47.022005375433409 ], [ 27.212484253930267, 47.022769968151131 ], [ 27.211523602474646, 47.023339178631744 ], [ 27.210860040347505, 47.023732348500005 ], [ 27.210499144434316, 47.024219064199428 ], [ 27.20974751819308, 47.024689141701664 ], [ 27.209010338194858, 47.025290677037773 ], [ 27.208533652770519, 47.02558541196116 ], [ 27.20811973959654, 47.025893162045335 ], [ 27.207471131948708, 47.026341231810008 ], [ 27.207019884616887, 47.026952808781743 ], [ 27.206512847216938, 47.027371665625168 ], [ 27.2060698008546, 47.027591868622778 ], [ 27.205563403018115, 47.027678841380343 ], [ 27.204799097291357, 47.027679581802126 ], [ 27.204111691519227, 47.027596017242708 ], [ 27.203209917029497, 47.027361044256708 ], [ 27.20262858318338, 47.02727738140053 ], [ 27.201959480099546, 47.026971892094892 ], [ 27.201637264643676, 47.026906489362297 ], [ 27.201439888676564, 47.026910253039148 ], [ 27.200439410355877, 47.02727312485041 ], [ 27.199740083145642, 47.027570688908362 ], [ 27.19927171445477, 47.027875844471836 ], [ 27.199017970747327, 47.02797556754355 ], [ 27.198117675305603, 47.028207957111796 ], [ 27.197162858231273, 47.02853982137345 ], [ 27.196818046376769, 47.028610632441648 ], [ 27.196472738393542, 47.02864986697098 ], [ 27.195871791864697, 47.028760282117048 ], [ 27.195004949606613, 47.028997184986125 ], [ 27.193785394592357, 47.029531841766236 ], [ 27.193299565079517, 47.029606725328463 ], [ 27.192795987203375, 47.029782844629622 ], [ 27.192219242684811, 47.029739490615555 ], [ 27.191582442803547, 47.02958969608089 ], [ 27.190862274312153, 47.029561475655868 ], [ 27.190181041293446, 47.029519779221658 ], [ 27.189716667708105, 47.029438511853265 ], [ 27.189601396189399, 47.029377213266372 ], [ 27.189430189584428, 47.029302847571429 ], [ 27.189263190115451, 47.029330580307374 ], [ 27.188452880874856, 47.029762727708203 ], [ 27.188011465075093, 47.029909833192498 ], [ 27.187036095558973, 47.029928313027597 ], [ 27.186741736281601, 47.029920912594179 ], [ 27.186598289922106, 47.029939196806744 ], [ 27.186432095232757, 47.030010598056698 ], [ 27.186126724342458, 47.030302578872913 ], [ 27.185795489911435, 47.0306192725062 ], [ 27.185693509256897, 47.030848775985355 ], [ 27.185485526322498, 47.031086629836395 ], [ 27.185251743248259, 47.031278899110646 ], [ 27.18517277948661, 47.031386216306501 ], [ 27.184995474164698, 47.03194797551874 ], [ 27.184784155499923, 47.032311690474067 ], [ 27.184559967998524, 47.03290056657741 ], [ 27.184378546304028, 47.033396335179397 ], [ 27.184228869000702, 47.033932482137203 ], [ 27.184083669167013, 47.034253776422418 ], [ 27.184050536409703, 47.034767543685909 ], [ 27.183984652002657, 47.034918867177687 ], [ 27.18382841539594, 47.035022146727592 ], [ 27.183630336805699, 47.035153077938787 ], [ 27.18341258162123, 47.035228734056574 ], [ 27.183171847668678, 47.035240025926548 ], [ 27.182787835537184, 47.035622029194592 ], [ 27.18204882241324, 47.036120837158229 ], [ 27.181393619523938, 47.036708716820485 ], [ 27.181043428510375, 47.037027625280508 ], [ 27.180192723161994, 47.037515662588085 ], [ 27.179072578874639, 47.038217858601769 ], [ 27.178082244159992, 47.038881600791846 ], [ 27.177783201655224, 47.039491571092462 ], [ 27.177727958771381, 47.039541843726759 ], [ 27.177651833457318, 47.039594903755848 ], [ 27.177529174296971, 47.039665182536943 ], [ 27.17738238679409, 47.039723381265681 ], [ 27.177327262291225, 47.039759964759703 ], [ 27.177242116998045, 47.039838732308503 ], [ 27.177095569820096, 47.039915957938383 ], [ 27.177040444926071, 47.039952541296479 ], [ 27.176981660960468, 47.040054063730366 ], [ 27.176937994266304, 47.040166837192224 ], [ 27.176936244619764, 47.040227879939678 ], [ 27.176945251222591, 47.040345095438852 ], [ 27.176968844695043, 47.040419293104812 ], [ 27.177011331427792, 47.040460964967082 ], [ 27.177257716613379, 47.04059566114146 ], [ 27.177643620151102, 47.04076136209725 ], [ 27.178639169943786, 47.041252185526488 ], [ 27.178881314889686, 47.041443045868874 ], [ 27.179067540312349, 47.04160188252628 ], [ 27.179222222750141, 47.041815692046917 ], [ 27.179315428690913, 47.041882726459519 ], [ 27.179437919548562, 47.041926846831444 ], [ 27.1798281705059, 47.042013694749038 ], [ 27.180060566302906, 47.042150727753224 ], [ 27.180516003540774, 47.042479553855586 ], [ 27.180774888138181, 47.042696054818038 ], [ 27.181057601783717, 47.042873816556984 ], [ 27.181296255779184, 47.043076264898986 ], [ 27.181591453525154, 47.043326659287203 ], [ 27.181950094961799, 47.04363087090718 ], [ 27.182304812591511, 47.044182973937822 ], [ 27.182491004713601, 47.044366533607203 ], [ 27.182784553131206, 47.044559896735208 ], [ 27.182887421191186, 47.044650771621939 ], [ 27.183397319673496, 47.045138388102501 ], [ 27.18361621379421, 47.045500397527178 ], [ 27.183726690861434, 47.045790579223507 ], [ 27.183794711754192, 47.046202683295327 ], [ 27.183902251006707, 47.046508037791583 ], [ 27.183977603381528, 47.047166246495863 ], [ 27.184030149317959, 47.047290286620942 ], [ 27.184156724322904, 47.047554886608665 ], [ 27.184403929617346, 47.048006424725479 ], [ 27.184492321273439, 47.048212617573725 ], [ 27.184580713618256, 47.048418810334596 ], [ 27.184666839216774, 47.048487729114797 ], [ 27.184806163679511, 47.048547182791438 ], [ 27.184934078137772, 47.048646715446424 ], [ 27.184992340882637, 47.048746036108099 ], [ 27.185050102124631, 47.048932111562294 ], [ 27.185097100448537, 47.049024716475486 ], [ 27.185155529924558, 47.049085880347612 ], [ 27.185300112879542, 47.049187346814357 ], [ 27.185414461870643, 47.049293839511421 ], [ 27.185505764966571, 47.049405357468871 ], [ 27.185526508734295, 47.04944293846517 ], [ 27.185644052974766, 47.049708868478696 ], [ 27.185628726299193, 47.050029234372673 ], [ 27.185507171927121, 47.050440398585536 ], [ 27.185357940182449, 47.050848603944736 ], [ 27.184892282113385, 47.051354697464994 ], [ 27.184526291940173, 47.051752460750656 ], [ 27.184353943315141, 47.051971108145949 ], [ 27.184297785826871, 47.052070163649098 ], [ 27.184229845927135, 47.052291191231241 ], [ 27.184098919059114, 47.0526988773833 ], [ 27.184060101416147, 47.052847393306486 ], [ 27.184026161912918, 47.052977217127165 ], [ 27.184020252848786, 47.053045897178301 ], [ 27.183957552240216, 47.053237040506779 ], [ 27.183935420921024, 47.053305037492592 ], [ 27.183945764375189, 47.053505237671395 ], [ 27.183995282389432, 47.053694168804839 ], [ 27.184092111353863, 47.053900427060626 ], [ 27.184152181928614, 47.054213382304688 ], [ 27.184114922625437, 47.054445932312461 ], [ 27.183821109369877, 47.0553109763623 ], [ 27.183817007685679, 47.055638957702371 ], [ 27.183961301525134, 47.056516638025599 ], [ 27.183966206647426, 47.056676807736416 ], [ 27.183962710863508, 47.056852253704619 ], [ 27.183868828484542, 47.057035977727274 ], [ 27.183767656923422, 47.057454339133351 ], [ 27.183771606464372, 47.05785109613003 ], [ 27.183715562333688, 47.058224691631317 ], [ 27.183517930285799, 47.059124313671873 ], [ 27.183277845867796, 47.060912478810778 ], [ 27.183057606272662, 47.061445930096049 ], [ 27.182808971796995, 47.061822894750925 ], [ 27.182574907943497, 47.062081658948358 ], [ 27.181983018077045, 47.062564090481366 ], [ 27.181745994872827, 47.062826373165365 ], [ 27.181374751111736, 47.063058616047698 ], [ 27.180985660140649, 47.063201300389402 ], [ 27.180617696584029, 47.063348713612449 ], [ 27.179941373616423, 47.063621265196154 ], [ 27.179254906339519, 47.063983493458039 ], [ 27.178811285915081, 47.064365792331863 ], [ 27.178342140502007, 47.064882152341049 ], [ 27.178092563519193, 47.065230778666809 ], [ 27.17792309387583, 47.065544239805554 ], [ 27.177705736608115, 47.065819820366016 ], [ 27.176815169776106, 47.066532815187358 ], [ 27.17529057774011, 47.067442932342928 ], [ 27.174796334700069, 47.067921686205096 ], [ 27.173939847270741, 47.069210633436121 ], [ 27.173565173418485, 47.069910201266801 ], [ 27.173489505656192, 47.0714211958013 ], [ 27.173396125132534, 47.071680936764743 ], [ 27.17330195246539, 47.071872034805125 ], [ 27.173238624364874, 47.071954301799728 ], [ 27.17309188822863, 47.072056899590471 ], [ 27.172897503495697, 47.07214064206665 ], [ 27.17243615961263, 47.072317904459538 ], [ 27.172225542871168, 47.072441768920157 ], [ 27.172031265269375, 47.072544584464147 ], [ 27.171836291077057, 47.072577810252113 ], [ 27.171595078363051, 47.072586304594545 ], [ 27.170828064384871, 47.072569173577151 ], [ 27.170564164757774, 47.072592228587233 ], [ 27.170106897598782, 47.072632179586748 ], [ 27.169939455360609, 47.072621377726996 ], [ 27.169816305922737, 47.072595166231856 ], [ 27.169727075824088, 47.072593602930894 ], [ 27.169554537193619, 47.072636166666214 ], [ 27.169265524940688, 47.072875732500663 ], [ 27.169068287819094, 47.073090133469108 ], [ 27.168830734805891, 47.073307540638901 ], [ 27.168492045203511, 47.073468131546335 ], [ 27.168159051266326, 47.073641032283049 ], [ 27.167980974501894, 47.073688466695415 ], [ 27.167588879343125, 47.073814873563599 ], [ 27.167434899032322, 47.073922773942385 ], [ 27.16713933227215, 47.074173345203775 ], [ 27.166235314919696, 47.07482720669293 ], [ 27.165745470392931, 47.075212523567949 ], [ 27.165395095200594, 47.075576237325507 ], [ 27.165120869407016, 47.075769938300823 ], [ 27.164680240824111, 47.076057730462139 ], [ 27.164057752531242, 47.076290933523254 ], [ 27.163369291101041, 47.076633034090364 ], [ 27.161959243523022, 47.077332734757412 ], [ 27.161220723973184, 47.077819957575905 ], [ 27.160884566653962, 47.078281904784689 ], [ 27.160548403627711, 47.07874385099214 ], [ 27.160290261691017, 47.079126630041195 ], [ 27.159676323765719, 47.080036969443356 ], [ 27.159173113200897, 47.080487528701049 ], [ 27.157277432174855, 47.081729705496301 ], [ 27.156919462815985, 47.081964260805918 ], [ 27.156591267292914, 47.082140771497926 ], [ 27.15620363131978, 47.0823492450562 ], [ 27.155891693916796, 47.082517001704097 ], [ 27.155937804035247, 47.08256945628748 ], [ 27.156029113669739, 47.082673329589177 ], [ 27.15593666721831, 47.082708015774507 ], [ 27.155884232580405, 47.082714816235672 ], [ 27.155831797928869, 47.082721616673119 ], [ 27.155767227595359, 47.082704627011559 ], [ 27.155715701097261, 47.082670234098792 ], [ 27.155698308762858, 47.082658617864688 ], [ 27.155627383880635, 47.082562444434828 ], [ 27.155571175687911, 47.082514740306053 ], [ 27.155507078492001, 47.08248256149254 ], [ 27.155378400861093, 47.082473318539989 ], [ 27.155080961116603, 47.082496720344231 ], [ 27.154783508296166, 47.082520130621887 ], [ 27.154566854209044, 47.082530533357648 ], [ 27.154535325142383, 47.082532048215036 ], [ 27.154350200390422, 47.082540944679465 ], [ 27.154308621022821, 47.082526332933199 ], [ 27.15399253620372, 47.082551609338978 ], [ 27.153457538301634, 47.082594400323735 ], [ 27.152542351781516, 47.082521275413242 ], [ 27.151953482026432, 47.082430295328145 ], [ 27.151327150812403, 47.082406678456785 ], [ 27.150549554803657, 47.082330975450219 ], [ 27.149771960887005, 47.082255267189829 ], [ 27.149205417467819, 47.082148173618556 ], [ 27.149143865234041, 47.082105047002081 ], [ 27.14921031098466, 47.08196265421703 ], [ 27.149354281465541, 47.081739021917883 ], [ 27.147039885897566, 47.081864393882377 ], [ 27.146495579555118, 47.082567540932502 ], [ 27.145901385472463, 47.082869342333225 ], [ 27.144606440471616, 47.083634444828434 ], [ 27.143900596353877, 47.084141723879412 ], [ 27.143822316195838, 47.084197976231742 ], [ 27.143447592753688, 47.084210625345115 ], [ 27.142512809390116, 47.084341434006149 ], [ 27.141357323057687, 47.084430497817969 ], [ 27.140365332471696, 47.084506946848336 ], [ 27.13977502646938, 47.084463739273616 ], [ 27.138898718116035, 47.084503488500133 ], [ 27.138131689757927, 47.084694125569619 ], [ 27.137273390139683, 47.085043295252781 ], [ 27.13681982136702, 47.085181071893707 ], [ 27.135448882453101, 47.085335816396757 ], [ 27.134895228964876, 47.085425161936477 ], [ 27.133519431047855, 47.085495713284786 ], [ 27.13200457888162, 47.085784422232791 ], [ 27.13109203795349, 47.086004647135795 ], [ 27.13061263560574, 47.086153034703024 ], [ 27.129346310770021, 47.086616874180386 ], [ 27.128771377708347, 47.086827456063325 ], [ 27.128254160137313, 47.08710750924552 ], [ 27.128098300982405, 47.087229130477915 ], [ 27.127749127998079, 47.087354302971754 ], [ 27.127283405351864, 47.087434577571905 ], [ 27.126136251818096, 47.08761253443847 ], [ 27.125409238313008, 47.087725306388315 ], [ 27.125098192850356, 47.087814973040551 ], [ 27.124578414939407, 47.088080587276181 ], [ 27.124002700008806, 47.088162871188572 ], [ 27.121436504751017, 47.088529594351925 ], [ 27.11984312687467, 47.088840675772246 ], [ 27.117393531092326, 47.08911202811305 ], [ 27.116684948536182, 47.08919051053396 ], [ 27.115580529781706, 47.089176483137727 ], [ 27.115213084366015, 47.089171810280952 ], [ 27.114463815830753, 47.089087138993811 ], [ 27.113621273722117, 47.088965890805113 ], [ 27.113033046161149, 47.088881224405327 ], [ 27.112525046365828, 47.088808108524383 ], [ 27.111882566014895, 47.088715637028493 ], [ 27.111442616679657, 47.088621332366912 ], [ 27.111205743316361, 47.088601015014355 ], [ 27.111003554705341, 47.088629355752573 ], [ 27.110408291524791, 47.088835159611804 ], [ 27.109718661599569, 47.089143499778729 ], [ 27.109435198870575, 47.089270232780486 ], [ 27.109151735153425, 47.089396974084138 ], [ 27.107455063778396, 47.089870414523403 ], [ 27.106807347447361, 47.090077156252711 ], [ 27.105722723042728, 47.090347863111234 ], [ 27.104587622524701, 47.090528039244973 ], [ 27.103298156832334, 47.09070524658447 ], [ 27.102393676026345, 47.090887510100281 ], [ 27.101511569176512, 47.091065256311346 ], [ 27.100675717760115, 47.091294443302935 ], [ 27.09988711644456, 47.091490416831299 ], [ 27.099191836833477, 47.091663201652928 ], [ 27.098684988292717, 47.091811629767641 ], [ 27.098178123411994, 47.091960046921557 ], [ 27.09781777203716, 47.091990120749301 ], [ 27.097576454623326, 47.092010250793429 ], [ 27.097549767245866, 47.091942338166724 ], [ 27.09752307869034, 47.09187442735395 ], [ 27.097255308924311, 47.091810317988767 ], [ 27.097227593140609, 47.091803684617574 ], [ 27.096903162370708, 47.091673358481124 ], [ 27.096510786035275, 47.091453580520138 ], [ 27.096219739613804, 47.091169668254352 ], [ 27.096132382031225, 47.091070959228169 ], [ 27.096045025120393, 47.09097225912187 ], [ 27.095585473664507, 47.090691402170201 ], [ 27.095310848697835, 47.09066594209736 ], [ 27.094892772093012, 47.090598433464997 ], [ 27.094640992749028, 47.090575661944555 ], [ 27.094362123334754, 47.090511134401382 ], [ 27.094036152315415, 47.090465222351853 ], [ 27.093897443082714, 47.09043059176129 ], [ 27.093630688114008, 47.090338380399935 ], [ 27.09329412515002, 47.090264970746787 ], [ 27.09298214299471, 47.090151747700574 ], [ 27.09279395942692, 47.090067829083985 ], [ 27.092718639319212, 47.090029187413187 ], [ 27.092561387514824, 47.089947542571963 ], [ 27.092444918354669, 47.089804286085673 ], [ 27.092380526680955, 47.089691139132313 ], [ 27.092158892292435, 47.089461568548586 ], [ 27.091930646283657, 47.089295473589381 ], [ 27.091549845402103, 47.089131951090039 ], [ 27.091254502086215, 47.089019457008142 ], [ 27.090948873391863, 47.088920618633182 ], [ 27.090494961745197, 47.088795893352767 ], [ 27.09012375899934, 47.088647291509922 ], [ 27.089605348534437, 47.088452904779032 ], [ 27.089207331589947, 47.088315969762505 ], [ 27.088896789523076, 47.088230883126094 ], [ 27.088242738990658, 47.088055094486066 ], [ 27.087803965194354, 47.087944986127653 ], [ 27.087420694058601, 47.087859968085446 ], [ 27.087074241009141, 47.087786710181334 ], [ 27.086705519667827, 47.087701426941962 ], [ 27.086423521485081, 47.087649363434082 ], [ 27.086164478844612, 47.087626704757142 ], [ 27.085808266987289, 47.087608256342634 ], [ 27.085420740548617, 47.087575525062306 ], [ 27.085043550475415, 47.087506541177625 ], [ 27.084869030403262, 47.087475227593174 ], [ 27.084641312024161, 47.0874159714648 ], [ 27.084200592126365, 47.087396586429357 ], [ 27.0838235889935, 47.087390969487259 ], [ 27.083427206502012, 47.087483844077333 ], [ 27.083172779339133, 47.087533161994919 ], [ 27.082867708314566, 47.087589610142423 ], [ 27.082394153622566, 47.087661511922683 ], [ 27.081839359587875, 47.087782746040602 ], [ 27.081683218035181, 47.087801891253932 ], [ 27.081434696716251, 47.087849677180408 ], [ 27.081247063616814, 47.087887133575663 ], [ 27.08111431988484, 47.087932221201456 ], [ 27.080894570799959, 47.087986497254349 ], [ 27.080672051268326, 47.08803522590636 ], [ 27.080429290586945, 47.088097824891882 ], [ 27.080219443938944, 47.088152011309042 ], [ 27.079942151730922, 47.088208122443774 ], [ 27.079641332400122, 47.088246902991251 ], [ 27.079356813404381, 47.088277587953513 ], [ 27.079060016837918, 47.088312749292442 ], [ 27.078819511552954, 47.088326309170107 ], [ 27.078598275332897, 47.088354422858409 ], [ 27.078282400093045, 47.088379991447972 ], [ 27.078054595231187, 47.088372724427778 ], [ 27.077763355516193, 47.088363763373245 ], [ 27.077682305185469, 47.088359992126023 ], [ 27.077682186246008, 47.088359982567333 ], [ 27.077601243986049, 47.088356212019306 ], [ 27.077391228790582, 47.088341524219935 ], [ 27.077263104300243, 47.088323595543599 ], [ 27.077184412523575, 47.088312582997872 ], [ 27.077015161838855, 47.088287935764605 ], [ 27.076709719977959, 47.088260767616937 ], [ 27.076522874790875, 47.088237855839388 ], [ 27.076368923310916, 47.088232813258522 ], [ 27.076106054838228, 47.088204873878787 ], [ 27.076030837214077, 47.088194158947672 ], [ 27.07595561961892, 47.088183443967239 ], [ 27.075827547488029, 47.088148825644744 ], [ 27.075666684970738, 47.088099175464222 ], [ 27.075540952180862, 47.08805187775755 ], [ 27.075526831177257, 47.088068898644259 ], [ 27.075405386478032, 47.088003013605714 ], [ 27.075256940812057, 47.087922478515964 ], [ 27.074952523083184, 47.087737525909567 ], [ 27.074404459440199, 47.087325185031311 ], [ 27.074104904419933, 47.087163005475148 ], [ 27.073681627153249, 47.086988950273316 ], [ 27.073566885624803, 47.086971775218004 ], [ 27.073548285883202, 47.086968991178033 ], [ 27.073375222398521, 47.086943087057506 ], [ 27.073104823078243, 47.086926640762186 ], [ 27.072951705305449, 47.086857979591507 ], [ 27.072506079163468, 47.086524376731994 ], [ 27.07235705864634, 47.086419315641145 ], [ 27.072074802512024, 47.086285318703986 ], [ 27.071788829620623, 47.086197748144116 ], [ 27.071531378570921, 47.086135967142056 ], [ 27.071197868502882, 47.086005391281631 ], [ 27.071184009327531, 47.086050330987298 ], [ 27.071132607592723, 47.086217027682402 ], [ 27.070955661509622, 47.086222737172342 ], [ 27.070612351915891, 47.0862338127017 ], [ 27.070174305959782, 47.086247926442546 ], [ 27.069738333242459, 47.086220662869479 ], [ 27.06932929484778, 47.086177879276043 ], [ 27.069198073953558, 47.086148369740421 ], [ 27.06908680221871, 47.086123346496336 ], [ 27.068768086962709, 47.08598534606304 ], [ 27.068364054297071, 47.085785875145909 ], [ 27.06825416394091, 47.085791601925493 ], [ 27.067962593089476, 47.085749212020914 ], [ 27.067607717506153, 47.085635303111829 ], [ 27.067010303118124, 47.085513197429115 ], [ 27.066854524821046, 47.085495701667945 ], [ 27.066778446327799, 47.085487156619251 ], [ 27.066383596449008, 47.085479183701175 ], [ 27.06593840111595, 47.085509828264499 ], [ 27.065794244736278, 47.085519750328018 ], [ 27.064958510776826, 47.085534691104641 ], [ 27.064938658393778, 47.085533812291906 ], [ 27.064394176025104, 47.085509701683861 ], [ 27.064251577985992, 47.085489425820434 ], [ 27.064135853417646, 47.085472970768336 ], [ 27.063742660149714, 47.085398111854289 ], [ 27.063144229841246, 47.085297304882047 ], [ 27.062649114555722, 47.085228932408739 ], [ 27.062373087308117, 47.085190813014265 ], [ 27.062057827850953, 47.085152592379892 ], [ 27.061743062808137, 47.085123944209904 ], [ 27.061697549607423, 47.085118107688317 ], [ 27.061642640883015, 47.085111064794397 ], [ 27.061228554275175, 47.085057954350567 ], [ 27.060760678200012, 47.084963578937291 ], [ 27.060402032366785, 47.084942413477208 ], [ 27.060463827263263, 47.08397153521851 ], [ 27.060447806513555, 47.083094471855802 ], [ 27.060505435412033, 47.082662917662503 ], [ 27.060624458317179, 47.080979648347288 ], [ 27.060651839867383, 47.080745036434763 ], [ 27.060725312494661, 47.0801155460967 ], [ 27.06076541501529, 47.079186369009186 ], [ 27.060872252657934, 47.077902845796345 ], [ 27.060896490069627, 47.077105216516102 ], [ 27.060836840684519, 47.076418973944222 ], [ 27.060880099188719, 47.076079654365927 ], [ 27.060860833658833, 47.075983220742394 ], [ 27.060816869519943, 47.075763164292631 ], [ 27.060658516861313, 47.075364617686844 ], [ 27.060631193540068, 47.075298055070796 ], [ 27.060628611218231, 47.075291763709032 ], [ 27.060506337261913, 47.074993881213295 ], [ 27.06029911749247, 47.074584092338682 ], [ 27.060079742004227, 47.074150258020666 ], [ 27.059841361338204, 47.073529764373227 ], [ 27.05952582543545, 47.072896682396092 ], [ 27.058619027998716, 47.071792668870827 ], [ 27.058152141871137, 47.071154937691851 ], [ 27.058141260854139, 47.071140073977958 ], [ 27.05783712520974, 47.070724638622721 ], [ 27.057326130527347, 47.070107761235057 ], [ 27.056917342752463, 47.069614258087121 ], [ 27.055882105753689, 47.068334330310968 ], [ 27.055607911146119, 47.068323773799186 ], [ 27.055595314372752, 47.068323288912907 ], [ 27.055595121815607, 47.068323281541801 ], [ 27.055580199844972, 47.068322707558949 ], [ 27.055569464019801, 47.068322293931878 ], [ 27.055551405688213, 47.068321598494443 ], [ 27.055545868976314, 47.068321385685451 ], [ 27.055532077276077, 47.068320854570054 ], [ 27.055531201521827, 47.068320820664269 ], [ 27.055324196934762, 47.068312852432328 ], [ 27.054902271965283, 47.06837271076364 ], [ 27.054304685556037, 47.068383340236203 ], [ 27.053986752186546, 47.068357018158068 ], [ 27.053982644805298, 47.068356678178063 ], [ 27.053853505972732, 47.068345986445472 ], [ 27.053777133317759, 47.068322798199965 ], [ 27.05376736839408, 47.068319833249504 ], [ 27.053636331524512, 47.068280047848141 ], [ 27.053572244710388, 47.068226697726686 ], [ 27.053525497549668, 47.068187781058057 ], [ 27.053369455922898, 47.067602339064472 ], [ 27.053237660639343, 47.067107849738882 ], [ 27.052704605393966, 47.064932666744461 ], [ 27.052233227281732, 47.063518011968455 ], [ 27.051960971086331, 47.063517379005198 ], [ 27.051658466548083, 47.063571702078789 ], [ 27.05135961402312, 47.063649385433692 ], [ 27.050976290270246, 47.063749024502755 ], [ 27.050538114660458, 47.063895496347328 ], [ 27.050363514706778, 47.063953860174841 ], [ 27.050024833354499, 47.064047948009595 ], [ 27.049392159597456, 47.064223705667622 ], [ 27.048886596492, 47.064344018533774 ], [ 27.048772743232018, 47.064370223444513 ], [ 27.048260994879055, 47.064488008576305 ], [ 27.0476789213415, 47.064623803613443 ], [ 27.047656032792741, 47.064629143094493 ], [ 27.047411282444568, 47.064686241785317 ], [ 27.046751456449744, 47.064899063547365 ], [ 27.046280913500865, 47.06497205174967 ], [ 27.046243314260387, 47.064954842926618 ], [ 27.046240623232507, 47.064953611055891 ], [ 27.046152473627881, 47.064913265331811 ], [ 27.045942331337482, 47.064780510296146 ], [ 27.04532949676679, 47.064372435603453 ], [ 27.044720247550586, 47.06397736950656 ], [ 27.044267581320465, 47.063550796872612 ], [ 27.044017948692542, 47.063346904670496 ], [ 27.043856753284306, 47.063250996530506 ], [ 27.043625185751175, 47.063113214827275 ], [ 27.043345508832441, 47.062949357558004 ], [ 27.04326961104228, 47.062832714037334 ], [ 27.043211501988793, 47.062743411756387 ], [ 27.04307712738488, 47.062666774634337 ], [ 27.042978125119209, 47.062453891736176 ], [ 27.042921449698746, 47.062207075641794 ], [ 27.042902187909242, 47.062162416326281 ], [ 27.04285227132905, 47.062046673512732 ], [ 27.042691938915777, 47.061701124889588 ], [ 27.042703081683676, 47.061578813222752 ], [ 27.042906215830904, 47.061388455609638 ], [ 27.043622769528689, 47.06097541873806 ], [ 27.04396412616083, 47.060685641555473 ], [ 27.044156697075557, 47.060355398836769 ], [ 27.044226542626639, 47.06011711475216 ], [ 27.044179602095038, 47.059988649373601 ], [ 27.044151153616752, 47.059930523234733 ], [ 27.044149076909274, 47.059926279540754 ], [ 27.044128333053699, 47.059883898876457 ], [ 27.04387453463859, 47.059708806801055 ], [ 27.043369824860893, 47.059434002811308 ], [ 27.042483057000556, 47.059028249514881 ], [ 27.04202917685523, 47.058845917065106 ], [ 27.041541510650198, 47.058743194230317 ], [ 27.041248284912118, 47.058734094054557 ], [ 27.04109927148518, 47.058729468684184 ], [ 27.040641140502252, 47.058712422044302 ], [ 27.040487261722252, 47.058675630472472 ], [ 27.040044854988825, 47.058518229486744 ], [ 27.039755003506983, 47.058501798081352 ], [ 27.039274142893355, 47.058578532634655 ], [ 27.03901269249349, 47.058619073037804 ], [ 27.038803631141882, 47.058651490406461 ], [ 27.038687479806782, 47.058639171451155 ], [ 27.038637068447766, 47.058557456847019 ], [ 27.038652221942073, 47.058262678118851 ], [ 27.038629755058736, 47.058198544948439 ], [ 27.038610955970814, 47.058144882133227 ], [ 27.038542232516278, 47.058055434606409 ], [ 27.038433987925085, 47.057914547155455 ], [ 27.038375905026413, 47.057790423404626 ], [ 27.038375840547257, 47.057790285070361 ], [ 27.038324770665479, 47.057681144609568 ], [ 27.038328417583401, 47.057583573877587 ], [ 27.038328517607734, 47.057580889746781 ], [ 27.038331330371552, 47.05750563578971 ], [ 27.038412428213093, 47.057217215672068 ], [ 27.038389138170221, 47.057075810454933 ], [ 27.038380425206935, 47.05702290629165 ], [ 27.038313644987813, 47.056899606348544 ], [ 27.038701385418069, 47.056774226595742 ], [ 27.03891513663649, 47.056705107411531 ], [ 27.038809810305949, 47.056548545155884 ], [ 27.038702449041903, 47.056338786204215 ], [ 27.038571310180444, 47.056046885547552 ], [ 27.038475153520213, 47.056023125903543 ], [ 27.038232986375984, 47.056081147097423 ], [ 27.038051027643647, 47.055869353965569 ], [ 27.037839765971452, 47.055562140447286 ], [ 27.037831908592274, 47.055550718183518 ], [ 27.036466015546473, 47.055867187536364 ], [ 27.034800847687865, 47.056301084300742 ], [ 27.033809242967916, 47.056484341164875 ], [ 27.033409334459861, 47.056577071606107 ], [ 27.033205109150817, 47.056352403311024 ], [ 27.033102644844142, 47.056273690253384 ], [ 27.032998584855672, 47.056267393032897 ], [ 27.032753331881423, 47.056331544263642 ], [ 27.032595637605016, 47.056334926100341 ], [ 27.032397195677646, 47.056303094056169 ], [ 27.031933025983566, 47.056031211108873 ], [ 27.031344529782832, 47.055698171124483 ], [ 27.031164166016179, 47.055574658483152 ], [ 27.030866350838792, 47.05531317908968 ], [ 27.03069397861811, 47.055012825703038 ], [ 27.03051199364177, 47.054489988611188 ], [ 27.030386783303712, 47.054275483454688 ], [ 27.030160272515314, 47.054092766997165 ], [ 27.02995941349624, 47.054072960729201 ], [ 27.029481419625501, 47.054081361201348 ], [ 27.029243909713145, 47.053995521045238 ], [ 27.029052800204486, 47.053845516971727 ], [ 27.02870809616967, 47.053504845598162 ], [ 27.028332645079583, 47.053254726733236 ], [ 27.027751669935778, 47.052949959178221 ], [ 27.027201637514192, 47.05272957514741 ], [ 27.026962636237357, 47.052603748719278 ], [ 27.026893222685391, 47.052444938412236 ], [ 27.02686532420293, 47.052222057516751 ], [ 27.026617086443061, 47.052239748271091 ], [ 27.026089826911203, 47.052365686252521 ], [ 27.025396869257779, 47.052627882947483 ], [ 27.025355723143118, 47.052571931161303 ], [ 27.02532971011199, 47.052268999491702 ], [ 27.025281685089183, 47.052029802046718 ], [ 27.025187757162783, 47.051608043225983 ], [ 27.025224217922563, 47.051144134013491 ], [ 27.025217730480048, 47.050781333955754 ], [ 27.025951654058158, 47.050766023899307 ], [ 27.026276089503828, 47.050739707276612 ], [ 27.028201686822417, 47.050587023632296 ], [ 27.02969654043336, 47.050450527926309 ], [ 27.030420179699384, 47.050393141529014 ], [ 27.033844910435857, 47.050102442643414 ], [ 27.035432642964782, 47.049956258835508 ], [ 27.03489884398148, 47.047578318918994 ], [ 27.034682929621511, 47.046599719657237 ], [ 27.032702968872165, 47.046785411959277 ], [ 27.032588857612016, 47.045492345484924 ], [ 27.032466285170933, 47.043824136032384 ], [ 27.032427071164495, 47.043258213397849 ], [ 27.032290421675423, 47.042323050232866 ], [ 27.033071499172145, 47.042309303302829 ], [ 27.034009410712468, 47.042182724915826 ], [ 27.03450589414371, 47.042058401814245 ], [ 27.034675849174381, 47.042055411000028 ], [ 27.035741893207049, 47.042009786434541 ], [ 27.036556387694525, 47.041941264499187 ], [ 27.036453249269282, 47.041470235217645 ], [ 27.036328917175972, 47.041074884097817 ], [ 27.036144739096116, 47.040476133348939 ], [ 27.036256112987935, 47.040357522414304 ], [ 27.036214824644418, 47.040152028471397 ], [ 27.036142237740343, 47.040086652021657 ], [ 27.035547532979919, 47.039816209418461 ], [ 27.035076271793955, 47.03960787907058 ], [ 27.034667588009022, 47.039360950295034 ], [ 27.034266976202044, 47.039247191528808 ], [ 27.034092754045922, 47.039154440884829 ], [ 27.03280375806337, 47.038490459352573 ], [ 27.031974562512932, 47.038086364825659 ], [ 27.031696064665582, 47.037976696728265 ], [ 27.031462616085275, 47.037896736825296 ], [ 27.031234101835601, 47.037738278874272 ], [ 27.031103954954116, 47.037682245077207 ], [ 27.030896400374811, 47.037675477484065 ], [ 27.030684377516721, 47.037550059742912 ], [ 27.030515799130551, 47.037525945768927 ], [ 27.030110764901867, 47.03753723442653 ], [ 27.029390426724671, 47.037617213169924 ], [ 27.028825979579352, 47.037755460275356 ], [ 27.028352636596544, 47.037900085772762 ], [ 27.02822223708052, 47.037904853458961 ], [ 27.028125387553089, 47.037933817418924 ], [ 27.028062192471342, 47.03803778000897 ], [ 27.02805230278523, 47.03820896179807 ], [ 27.028000449851703, 47.038421772192855 ], [ 27.027892100602859, 47.038382461248595 ], [ 27.027298794271132, 47.038115907655893 ], [ 27.026862502149164, 47.037912584675702 ], [ 27.026649284056134, 47.037829135817717 ], [ 27.026533171653419, 47.037752536155097 ], [ 27.026284685758789, 47.037660500363828 ], [ 27.026043624463455, 47.037568333774104 ], [ 27.025584117217555, 47.037349893162705 ], [ 27.025229962002587, 47.037205608541193 ], [ 27.025063836585424, 47.037110878473086 ], [ 27.024753058637369, 47.036934473693492 ], [ 27.024513235493576, 47.036820278822191 ], [ 27.024247237616841, 47.036703639476002 ], [ 27.024027614081866, 47.036577671627953 ], [ 27.023850363117482, 47.036502033860565 ], [ 27.025033872676168, 47.035742151394956 ], [ 27.025623872675165, 47.035363634083083 ], [ 27.025730888662231, 47.035310680838684 ], [ 27.025969298143252, 47.035180944576446 ], [ 27.025809849195166, 47.035098977624685 ], [ 27.025599960903364, 47.034983482367807 ], [ 27.025449448858385, 47.034873330392088 ], [ 27.025021937923686, 47.034685038280934 ], [ 27.024771350862792, 47.034563872813422 ], [ 27.02441567497689, 47.034380704881215 ], [ 27.024001732944832, 47.034221964355766 ], [ 27.023655872436304, 47.034029145999398 ], [ 27.023536654669297, 47.03392270467662 ], [ 27.022850359122263, 47.033560173830971 ], [ 27.02264822508311, 47.033484974670763 ], [ 27.022463326875098, 47.033454162190061 ], [ 27.022249827498026, 47.033639354854337 ], [ 27.022104078368841, 47.033699543833343 ], [ 27.022008765976015, 47.03383171365271 ], [ 27.021901671198101, 47.03392540982086 ], [ 27.021815755687818, 47.033983708457313 ], [ 27.02175024027526, 47.033987699037425 ], [ 27.021619416434607, 47.034048714842548 ], [ 27.021517263285769, 47.034069512988928 ], [ 27.021357793147082, 47.034119830779581 ], [ 27.021252643315837, 47.034134979857718 ], [ 27.021139794920551, 47.034167371962624 ], [ 27.020805160816924, 47.034369032490844 ], [ 27.020635988470616, 47.034457542051072 ], [ 27.020452256046372, 47.034508769042034 ], [ 27.020023806142003, 47.034656942813541 ], [ 27.019949026753636, 47.034665853596692 ], [ 27.019769172386955, 47.034617672825064 ], [ 27.019571775587661, 47.034621125481095 ], [ 27.019296043714153, 47.034612642922625 ], [ 27.019072974066216, 47.034673572748602 ], [ 27.019019218583797, 47.034723935541521 ], [ 27.01901193813492, 47.034826718396175 ], [ 27.018998879564581, 47.034923900091272 ], [ 27.018919745511369, 47.03496520712951 ], [ 27.018714783337003, 47.035063839909569 ], [ 27.018485198100315, 47.035117145788014 ], [ 27.018298883928086, 47.035216929343669 ], [ 27.018224068377869, 47.035281428058312 ], [ 27.017697520541667, 47.03546840192034 ], [ 27.017614332891391, 47.035511344563844 ], [ 27.017539858715161, 47.035639723443026 ], [ 27.017489883499373, 47.035689205994487 ], [ 27.017406984493366, 47.035755236514234 ], [ 27.017308623008631, 47.035761121141441 ], [ 27.017215626582747, 47.035801633457467 ], [ 27.017145710039959, 47.035829746070853 ], [ 27.016884021977791, 47.035834317161481 ], [ 27.016729359298235, 47.035803084336578 ], [ 27.016389732922889, 47.035654772231958 ], [ 27.01611580599705, 47.035573174943153 ], [ 27.015750356915351, 47.035520001171193 ], [ 27.015233119434416, 47.035572215453946 ], [ 27.015156095128425, 47.0354439941012 ], [ 27.015047377250806, 47.035313238481827 ], [ 27.014887168648883, 47.035254338634431 ], [ 27.014619594671778, 47.035221986786851 ], [ 27.014406279750869, 47.035191771468291 ], [ 27.014138366715663, 47.035150176040396 ], [ 27.014048131601367, 47.035151749967795 ], [ 27.013839585350954, 47.035007307835905 ], [ 27.013836019491634, 47.034911737693911 ], [ 27.013939813603884, 47.034789617448226 ], [ 27.014015845913846, 47.034649467453818 ], [ 27.013998631936719, 47.034551050756853 ], [ 27.013847446711047, 47.03449198850101 ], [ 27.013621862323419, 47.034495923486304 ], [ 27.01337682863711, 47.034583489316532 ], [ 27.013106304767529, 47.034835001418358 ], [ 27.013069338724588, 47.034982544732216 ], [ 27.013134080954959, 47.035170732534333 ], [ 27.013323778161588, 47.035348854718912 ], [ 27.013457926397756, 47.035452441946831 ], [ 27.013478134776381, 47.035516023810231 ], [ 27.013381430205591, 47.035576308302744 ], [ 27.013196496267909, 47.035658411206619 ], [ 27.013138620988222, 47.035742814030733 ], [ 27.013177946163513, 47.035824388448219 ], [ 27.013100312738473, 47.035865182962041 ], [ 27.013025000077409, 47.035880018462159 ], [ 27.012866265540559, 47.035913212206275 ], [ 27.012753031793714, 47.036016604156117 ], [ 27.012765115583992, 47.036088745587264 ], [ 27.012827096320798, 47.036237993206527 ], [ 27.012831741297507, 47.036362543102541 ], [ 27.012732720318773, 47.036379689394337 ], [ 27.012607018017018, 47.036336908136185 ], [ 27.012387100799334, 47.036187844866646 ], [ 27.012222557025478, 47.036162444409726 ], [ 27.012100794927235, 47.0361748439622 ], [ 27.012020309805187, 47.036235350350218 ], [ 27.012023995572857, 47.036334219837521 ], [ 27.012075873970801, 47.036414263028966 ], [ 27.012215048967875, 47.036515909542814 ], [ 27.012463209126242, 47.036665772160305 ], [ 27.01254143886219, 47.036746639033559 ], [ 27.012528512711867, 47.03680339747855 ], [ 27.012461724732695, 47.036827690525115 ], [ 27.012339721978336, 47.036808152603818 ], [ 27.012195911123996, 47.03673356730576 ], [ 27.012014295203901, 47.036603103805177 ], [ 27.011817056233497, 47.036507605777835 ], [ 27.011621110144155, 47.036446776655509 ], [ 27.011419126926224, 47.036425882112844 ], [ 27.011263439736094, 47.036436303619894 ], [ 27.011110488889237, 47.03651991381453 ], [ 27.010827944562383, 47.036785074723689 ], [ 27.010709418451121, 47.036934899395597 ], [ 27.010602851745162, 47.03705239294117 ], [ 27.010501839284789, 47.037117110481532 ], [ 27.010291149858713, 47.037215857422702 ], [ 27.010105244075142, 47.037273058775789 ], [ 27.00995138734023, 47.037282163474714 ], [ 27.009808379046429, 47.03727951013888 ], [ 27.009722966175588, 47.037207760198761 ], [ 27.009574156941635, 47.03702703736171 ], [ 27.009420974112757, 47.036902497949789 ], [ 27.009308811596949, 47.036869758872463 ], [ 27.009215370194916, 47.036885516490685 ], [ 27.009123419854095, 47.036941082313263 ], [ 27.00905878756085, 47.037023153032699 ], [ 27.008986688212996, 47.037056531080481 ], [ 27.008918804138986, 47.037051285573213 ], [ 27.008872852783195, 47.036978848481269 ], [ 27.008869124959336, 47.036878695654408 ], [ 27.008905529886789, 47.036795828475363 ], [ 27.00911875341334, 47.036613522973262 ], [ 27.009119542577142, 47.036533849784263 ], [ 27.009042374935834, 47.03648122647494 ], [ 27.008952076084618, 47.036480230312002 ], [ 27.008855121546691, 47.036502471697176 ], [ 27.008759657861482, 47.036564523990485 ], [ 27.008699781606644, 47.036673492947145 ], [ 27.008651518566484, 47.036750937948746 ], [ 27.00851459512953, 47.036861247012418 ], [ 27.008418164117042, 47.03689761511675 ], [ 27.008303538255799, 47.036899607849953 ], [ 27.00818537720518, 47.038246089212841 ], [ 27.008183498749489, 47.038289768624111 ], [ 27.008152998731532, 47.038998981293936 ], [ 27.008125414050863, 47.03966823512075 ], [ 27.00812453167185, 47.039689658109523 ], [ 27.007834781584876, 47.039637086345373 ], [ 27.007715969989189, 47.039615529114222 ], [ 27.006926952535629, 47.039500735790106 ], [ 27.006356501404653, 47.039375838337833 ], [ 27.00602789580779, 47.039343495669478 ], [ 27.004996458590099, 47.039839910265172 ], [ 27.003450863389769, 47.040583744963762 ], [ 27.003431861541323, 47.040570657413468 ], [ 27.003250601905641, 47.040445807060863 ], [ 27.002866441002244, 47.039858871040956 ], [ 27.002689343217348, 47.039620769137237 ], [ 27.002685436468713, 47.039615516254216 ], [ 27.00266337728959, 47.039585858321431 ], [ 27.002378192840236, 47.039977218102344 ], [ 27.00220158840084, 47.040259840900283 ], [ 27.002002419853817, 47.040570810179432 ], [ 27.001832677106925, 47.040793673306908 ], [ 27.001644848200115, 47.041079906318515 ], [ 27.001452930999466, 47.041341670857392 ], [ 27.001320120916887, 47.041548759850471 ], [ 27.00121568334891, 47.041703619165887 ], [ 27.001106936714688, 47.041857088138265 ], [ 27.000833127673552, 47.042261913823886 ], [ 27.000602794234421, 47.042572621267873 ], [ 27.000363955084797, 47.042932199828755 ], [ 27.000257471471652, 47.043083852450195 ], [ 27.000131662183641, 47.043274180062973 ], [ 27.000054483342765, 47.043376336072654 ], [ 26.999919527136242, 47.043582231235689 ], [ 26.999797751623948, 47.043759208151116 ], [ 26.99966928482938, 47.043933961258105 ], [ 26.99958490890976, 47.044066060622896 ], [ 26.999475625235021, 47.044226281289077 ], [ 26.999339913168239, 47.044426599991787 ], [ 26.99923037875319, 47.044608124332271 ], [ 26.999138254455204, 47.044755268348318 ], [ 26.999055343400812, 47.044886327812598 ], [ 26.998962658551811, 47.045030944782226 ], [ 26.998880933403797, 47.045178617610119 ], [ 26.998726947946018, 47.045421260676562 ], [ 26.998644091492459, 47.04553842386499 ], [ 26.998562101930794, 47.045679001440504 ], [ 26.99843188108445, 47.045865410780401 ], [ 26.998360814892798, 47.045989911079076 ], [ 26.998281252021368, 47.046111986669651 ], [ 26.998186706372202, 47.046249941373944 ], [ 26.997994026922992, 47.04653407664054 ], [ 26.997896660251161, 47.046701011710581 ], [ 26.9976957706658, 47.047020299434749 ], [ 26.997576911381788, 47.047189720544374 ], [ 26.997511818623138, 47.047287742365796 ], [ 26.997463293430332, 47.047360813602118 ], [ 26.99735707586764, 47.047534113565696 ], [ 26.997271127213228, 47.0476660618137 ], [ 26.997129794049073, 47.047872273167812 ], [ 26.996979496914356, 47.048106285302595 ], [ 26.996970176986391, 47.048117966816584 ], [ 26.996845813355289, 47.048273847323927 ], [ 26.996541644024919, 47.048731371180232 ], [ 26.996046297031818, 47.049484493059197 ], [ 26.995817365748309, 47.049827647899498 ], [ 26.99562031028783, 47.050099429596223 ], [ 26.995406336602084, 47.05040505016337 ], [ 26.99528330805995, 47.05056621462456 ], [ 26.995142626214744, 47.050741350312272 ], [ 26.995015796124743, 47.05090506362081 ], [ 26.994894918674071, 47.051048199546642 ], [ 26.995015767933292, 47.051093064404071 ], [ 26.995355436070426, 47.051219162445229 ], [ 26.997268153983899, 47.051891967013908 ], [ 26.997255705305019, 47.05192178353699 ], [ 26.997216420323788, 47.052015867384448 ], [ 26.997112399241402, 47.052251786545938 ], [ 26.996980568880609, 47.052515696504301 ], [ 26.996862847738413, 47.052771199203505 ], [ 26.99673576149992, 47.053014095282471 ], [ 26.996661717795721, 47.05317848401981 ], [ 26.996617909920023, 47.053271184498776 ], [ 26.996551819646974, 47.053406099871076 ], [ 26.996433968647349, 47.053652079722291 ], [ 26.996325046793185, 47.053899973756707 ], [ 26.99628126076562, 47.053993295469596 ], [ 26.996237475938102, 47.05408661804065 ], [ 26.996193793391452, 47.054158193894558 ], [ 26.996150112079224, 47.054229770607634 ], [ 26.996125746541637, 47.054356925260734 ], [ 26.996090809295815, 47.054489793775623 ], [ 26.996071593046675, 47.054562870519547 ], [ 26.995981201863309, 47.054747000620722 ], [ 26.995875192843229, 47.055024663619704 ], [ 26.995788883141753, 47.055196374840826 ], [ 26.995706276636124, 47.055405170836018 ], [ 26.995654841965329, 47.0555203252339 ], [ 26.995557763774293, 47.055751770226287 ], [ 26.995463711946261, 47.055983825987489 ], [ 26.995369191491537, 47.056228363867525 ], [ 26.995323080672264, 47.056357136563825 ], [ 26.995243225046185, 47.056556070317654 ], [ 26.995094476523981, 47.056906534995733 ], [ 26.994977944908936, 47.057170090511654 ], [ 26.994871709031926, 47.057417315492472 ], [ 26.994824814066572, 47.057524978334349 ], [ 26.994726047486989, 47.057755142339346 ], [ 26.994689619937279, 47.057830732235239 ], [ 26.994653192287057, 47.057906322118583 ], [ 26.994579869314336, 47.058057396542061 ], [ 26.994506297263115, 47.058173685719019 ], [ 26.994420353061148, 47.058404673547805 ], [ 26.994357234509934, 47.058522911957603 ], [ 26.994283084184325, 47.058623590189477 ], [ 26.994242700336372, 47.058693845743939 ], [ 26.99420231638452, 47.05876410128343 ], [ 26.994153233748175, 47.058902728134598 ], [ 26.994092605386054, 47.059039204880051 ], [ 26.994027066325678, 47.059204344429602 ], [ 26.993975315810786, 47.05930712099228 ], [ 26.993868010600938, 47.059540932644374 ], [ 26.993705064332456, 47.059931339862068 ], [ 26.993573564603977, 47.060208198326215 ], [ 26.993554069169036, 47.060270658791282 ], [ 26.993534572374283, 47.060333119274944 ], [ 26.993450777527681, 47.060474966000307 ], [ 26.993342744759694, 47.06073709859146 ], [ 26.993248103085399, 47.060975232310078 ], [ 26.993109186151052, 47.061262380584665 ], [ 26.992916960073014, 47.061715474936697 ], [ 26.99287715573978, 47.061827751931084 ], [ 26.992811280017872, 47.062061231711553 ], [ 26.992790268125219, 47.0621431693963 ], [ 26.992768395232957, 47.06222846383104 ], [ 26.992746076551455, 47.062323826747814 ], [ 26.992743285688206, 47.062335750616334 ], [ 26.992718174697742, 47.062443036516491 ], [ 26.992690360505751, 47.062569362272669 ], [ 26.992637740170576, 47.062771069393278 ], [ 26.992612932802444, 47.062846451683939 ], [ 26.992584089843973, 47.062963121264474 ], [ 26.992537584287067, 47.063137781556158 ], [ 26.992491079787182, 47.063312442697949 ], [ 26.992423604409957, 47.063650317950284 ], [ 26.992394366691872, 47.06377464535138 ], [ 26.992388370055195, 47.063800137870885 ], [ 26.992370207852787, 47.063877370640277 ], [ 26.992307336267743, 47.064143102242156 ], [ 26.992215521955764, 47.064535445129678 ], [ 26.992182217539273, 47.064668703013609 ], [ 26.99211239688913, 47.064916801000955 ], [ 26.992083651325128, 47.065024150232624 ], [ 26.99202455587055, 47.065195388460317 ], [ 26.991939318846935, 47.065396897196422 ], [ 26.991883442069668, 47.065556897866159 ], [ 26.991776226839672, 47.065753815793563 ], [ 26.991706635112106, 47.065911568466937 ], [ 26.991582486214693, 47.066209728824504 ], [ 26.991457639268788, 47.066510098378579 ], [ 26.991387348894538, 47.066670058384972 ], [ 26.991258313952933, 47.066866731022024 ], [ 26.991129276730444, 47.067063402632655 ], [ 26.991016827698694, 47.067241773050931 ], [ 26.990904377897788, 47.06742014245561 ], [ 26.990855972660988, 47.067536527669553 ], [ 26.990821058595799, 47.067673801580902 ], [ 26.990767464606261, 47.067746818044199 ], [ 26.990631889785671, 47.067931526226417 ], [ 26.990568022170333, 47.068018536216044 ], [ 26.990512370920978, 47.06807372677072 ], [ 26.990370328497416, 47.068214591247688 ], [ 26.990290266167701, 47.068323309088981 ], [ 26.99021370745562, 47.06842726859513 ], [ 26.990066352954322, 47.068627358785591 ], [ 26.990057083839581, 47.068639944848016 ], [ 26.98997406754405, 47.068788557805952 ], [ 26.989842865222329, 47.068958888047604 ], [ 26.989711663427471, 47.069129219013455 ], [ 26.989563156393171, 47.06930434782268 ], [ 26.989429205012193, 47.069462309320549 ], [ 26.989238029063259, 47.069419534166073 ], [ 26.989207472019256, 47.06941269724291 ], [ 26.989129856370983, 47.069384994263189 ], [ 26.989000671473978, 47.069338883696936 ], [ 26.988947151451605, 47.06930868533405 ], [ 26.988774772205012, 47.06921141904558 ], [ 26.988727506697582, 47.069100017579856 ], [ 26.98867691798365, 47.06893563853923 ], [ 26.988621094597256, 47.068801790142757 ], [ 26.988488531404229, 47.068696122096924 ], [ 26.988347097979464, 47.068595960453237 ], [ 26.988069064775836, 47.068493839646777 ], [ 26.987913069755528, 47.06840303416751 ], [ 26.987745390943978, 47.068322507403252 ], [ 26.987612672828529, 47.068268652056602 ], [ 26.987479954976621, 47.068214796554408 ], [ 26.986994080366099, 47.067975275960741 ], [ 26.986985279556549, 47.068085258086484 ], [ 26.986964889167435, 47.068194512761856 ], [ 26.986887722118816, 47.068404118984411 ], [ 26.986804106554455, 47.068650323313065 ], [ 26.98671745276323, 47.068912740380689 ], [ 26.986592376605518, 47.069316206347438 ], [ 26.986486669545961, 47.069603794563491 ], [ 26.986427412968983, 47.069771305215447 ], [ 26.986392149865544, 47.069924114267572 ], [ 26.986331808098548, 47.07011152028182 ], [ 26.986300970981933, 47.070261148836813 ], [ 26.986271325825086, 47.070369131733017 ], [ 26.98624168055299, 47.070477114618726 ], [ 26.986186596939898, 47.070693601890824 ], [ 26.986162495770991, 47.070843771413628 ], [ 26.98607896470449, 47.071092456970241 ], [ 26.985985242537279, 47.071339446047524 ], [ 26.985890087445281, 47.071586171716085 ], [ 26.985784193156572, 47.071872826414534 ], [ 26.985662482494661, 47.072170631532558 ], [ 26.985608101086573, 47.072371602608747 ], [ 26.985550040339788, 47.072572096999487 ], [ 26.985486471461261, 47.072819736964313 ], [ 26.985421223296509, 47.073022145404643 ], [ 26.98533174576659, 47.073306960676213 ], [ 26.98528133528475, 47.073468109758494 ], [ 26.98518268285018, 47.073750599068461 ], [ 26.985061238917901, 47.074055849117556 ], [ 26.985003098177117, 47.074179860842875 ], [ 26.984946197183621, 47.0743622397192 ], [ 26.984893979785934, 47.074573106954418 ], [ 26.984830281619722, 47.074817734211287 ], [ 26.984774281544798, 47.074975244804058 ], [ 26.984677636504319, 47.075262674933363 ], [ 26.984603265802477, 47.075513685018521 ], [ 26.984460931128538, 47.075844145743957 ], [ 26.984397811854148, 47.076055208893784 ], [ 26.984299116022569, 47.076386152444869 ], [ 26.984228238434248, 47.076633385962644 ], [ 26.984185588332192, 47.076770790115575 ], [ 26.984017800508781, 47.077360741483865 ], [ 26.983903873541198, 47.077668776085517 ], [ 26.983826857245045, 47.077897470660155 ], [ 26.983581211177913, 47.078648023707991 ], [ 26.983380548908102, 47.079315363514034 ], [ 26.982223717822055, 47.07910858469176 ], [ 26.981663614827671, 47.078966315680411 ], [ 26.979620173992753, 47.078597976346956 ], [ 26.979386103829839, 47.078552641817375 ], [ 26.978985398960411, 47.078502000237989 ], [ 26.978504564301527, 47.078412076442625 ], [ 26.97824474208571, 47.078365587994391 ], [ 26.977867380188243, 47.078313148128835 ], [ 26.977490030849541, 47.078260670829223 ], [ 26.976889468958905, 47.078164637494702 ], [ 26.976368422892744, 47.078082852345723 ], [ 26.975943851526424, 47.078004381695564 ], [ 26.975348147334998, 47.077918901992653 ], [ 26.974839789517159, 47.077835651296631 ], [ 26.974307759344068, 47.077751561210803 ], [ 26.973999046174853, 47.077709623997528 ], [ 26.973615204769921, 47.077651567269527 ], [ 26.973336906416893, 47.077596682381682 ], [ 26.972989501897516, 47.077540493633549 ], [ 26.972775511280339, 47.077504394766024 ], [ 26.972360791216197, 47.077446861198602 ], [ 26.972083235270365, 47.07741184630747 ], [ 26.971877283553539, 47.077396717960852 ], [ 26.971618016638779, 47.077365114966838 ], [ 26.971339994310714, 47.077317679960935 ], [ 26.971013029274786, 47.077273553805071 ], [ 26.970932601849096, 47.077261257977256 ], [ 26.971034021356118, 47.076159489840457 ], [ 26.971259429298737, 47.075355636392786 ], [ 26.971168798496866, 47.075002938742095 ], [ 26.970912945437661, 47.074690401912243 ], [ 26.970871667939477, 47.074435309603572 ], [ 26.970989648901757, 47.074191645038439 ], [ 26.970886520084857, 47.073649346403634 ], [ 26.970150958801895, 47.072339377810152 ], [ 26.969941914206697, 47.071453898984053 ], [ 26.970138645312886, 47.070476207063834 ], [ 26.970403434545229, 47.069160196061056 ], [ 26.970700203239016, 47.068538702935598 ], [ 26.970881962524391, 47.068158042958409 ], [ 26.970744805783223, 47.067658650743269 ], [ 26.970744589676269, 47.067298506670127 ], [ 26.97097696827684, 47.066922579509551 ], [ 26.971211543035121, 47.066458028289333 ], [ 26.971489576772431, 47.066057394914097 ], [ 26.971491364742299, 47.065903857223866 ], [ 26.97131439318898, 47.065652151073238 ], [ 26.971237075816585, 47.06545390223009 ], [ 26.971278183255016, 47.065151495156201 ], [ 26.971215136350008, 47.064785575480542 ], [ 26.971344344829507, 47.064607934827492 ], [ 26.971619941626354, 47.064318144757181 ], [ 26.971674932145326, 47.064202498558451 ], [ 26.971706695900068, 47.064032891398391 ], [ 26.97175935582278, 47.063959764874014 ], [ 26.971929939623223, 47.063932063077573 ], [ 26.972274019838238, 47.063788517753672 ], [ 26.972334934821827, 47.063604114660173 ], [ 26.972209433373148, 47.063373792091177 ], [ 26.971857774970498, 47.063202668662022 ], [ 26.971728025825158, 47.063095241941241 ], [ 26.971830678244743, 47.062672226207752 ], [ 26.971770907010985, 47.062400604548877 ], [ 26.971711136401211, 47.062128982829812 ], [ 26.971773090138193, 47.061895909537043 ], [ 26.971738345210369, 47.061844538702182 ], [ 26.971666476224009, 47.06176748216491 ], [ 26.971588478932738, 47.061671904146181 ], [ 26.967519178964622, 47.06172761599931 ], [ 26.965802167915776, 47.061737651903712 ], [ 26.962917963023671, 47.0617544512302 ], [ 26.962182360657319, 47.061733531101233 ], [ 26.962184215877215, 47.061430903343918 ], [ 26.962188308136309, 47.060760495176794 ], [ 26.962154567526643, 47.059908662442751 ], [ 26.962143979138503, 47.059641122456036 ], [ 26.962150790189213, 47.059515258579211 ], [ 26.96218875517927, 47.059351037512336 ], [ 26.962188162009074, 47.059245329134811 ], [ 26.962163495293137, 47.059193442334973 ], [ 26.962096495325479, 47.059141167916529 ], [ 26.962001626902357, 47.059101010377688 ], [ 26.961787340993151, 47.059221094386849 ], [ 26.96158173700745, 47.059343145087233 ], [ 26.961119265525859, 47.059536889708383 ], [ 26.961026056095054, 47.059565178583242 ], [ 26.960262414920674, 47.059867879475725 ], [ 26.959366299114887, 47.060223076805535 ], [ 26.959384512869558, 47.060006409132775 ], [ 26.959397345762778, 47.059853665067642 ], [ 26.959422870080161, 47.059446060141561 ], [ 26.959440653671923, 47.058644146717327 ], [ 26.959461897878732, 47.057685958674263 ], [ 26.959502032509576, 47.055876266913842 ], [ 26.959540745509049, 47.054130421628763 ], [ 26.959549734412086, 47.053019751369121 ], [ 26.95957712201195, 47.052726245697187 ], [ 26.959600249145645, 47.052478558602459 ], [ 26.959598317697434, 47.052324984853236 ], [ 26.959549879658102, 47.05201066631674 ], [ 26.959557164928778, 47.051834278951951 ], [ 26.959608231265875, 47.05096469089974 ], [ 26.959628355449624, 47.050622025640173 ], [ 26.959678453303546, 47.050323140404217 ], [ 26.959704400028038, 47.050168337656956 ], [ 26.959680894637213, 47.049890902034136 ], [ 26.959698852786207, 47.04912146619867 ], [ 26.959719346714085, 47.048242444145323 ], [ 26.959730776320399, 47.047752860958148 ], [ 26.959773288105691, 47.047565230784151 ], [ 26.959751481308949, 47.047003623706765 ], [ 26.959768040483485, 47.046184469271573 ], [ 26.959761935964519, 47.045477437844745 ], [ 26.959775553689859, 47.045261233915923 ], [ 26.959836827794064, 47.045085729545626 ], [ 26.959909857085947, 47.045016788320176 ], [ 26.959852854837955, 47.044960878591489 ], [ 26.95983161550302, 47.044931347283701 ], [ 26.959343412868005, 47.044716325009887 ], [ 26.958435591592242, 47.04431647870851 ], [ 26.958369054695336, 47.044260388021065 ], [ 26.958332776193249, 47.0441925635308 ], [ 26.958343488032863, 47.044093816478252 ], [ 26.958306846176747, 47.044082353364267 ], [ 26.958062190009002, 47.044005806732159 ], [ 26.957480597022183, 47.043823844518514 ], [ 26.957450156809706, 47.043865760835175 ], [ 26.957401917396471, 47.043998337944956 ], [ 26.95734434097675, 47.044156573948513 ], [ 26.957249347430079, 47.044265648492875 ], [ 26.957230351222975, 47.044255451645853 ], [ 26.957073683180592, 47.044171355924675 ], [ 26.956469294782959, 47.043930270399294 ], [ 26.955845149452095, 47.043651661272619 ], [ 26.955697524462465, 47.043583796119485 ], [ 26.956079522847237, 47.043469366920974 ], [ 26.956386122768738, 47.043365895766492 ], [ 26.955907549967652, 47.04321276499784 ], [ 26.955291042664872, 47.043030933284811 ], [ 26.954378217441299, 47.042761693821198 ], [ 26.953465401230275, 47.04249244704922 ], [ 26.951702466851359, 47.041959818960173 ], [ 26.951312622037719, 47.041829176687045 ], [ 26.950594176274279, 47.041588413248625 ], [ 26.950049256570608, 47.041405785474822 ], [ 26.949997059322467, 47.041463516978496 ], [ 26.949802876928949, 47.041405824554602 ], [ 26.948724782069508, 47.041085504399078 ], [ 26.947759715654914, 47.040784908358489 ], [ 26.947502475931898, 47.040724658410625 ], [ 26.947353830118118, 47.040855235289719 ], [ 26.947176032954303, 47.041030448243987 ], [ 26.946653335929014, 47.041483470283723 ], [ 26.946306576541215, 47.04174044330297 ], [ 26.946187686313614, 47.04182648934114 ], [ 26.945864327816565, 47.041995164084476 ], [ 26.945592712939895, 47.042067874160807 ], [ 26.945091278384904, 47.042243010999563 ], [ 26.944850094163286, 47.042342749940737 ], [ 26.944594400916461, 47.042428173753862 ], [ 26.944077018677213, 47.042579540716716 ], [ 26.943296847236397, 47.042789073422718 ], [ 26.94306817323243, 47.042871933570972 ], [ 26.942913093158968, 47.04292812648189 ], [ 26.942839495987045, 47.042954796011514 ], [ 26.94159122026532, 47.041456353723262 ], [ 26.939546870067527, 47.040034075291977 ], [ 26.935661410055886, 47.038572717148774 ], [ 26.9331141699158, 47.037846284084694 ], [ 26.932175722528129, 47.037584811893289 ], [ 26.931733979711304, 47.037299946873496 ], [ 26.931565942021653, 47.03694555843299 ], [ 26.931559258385594, 47.036517620709766 ], [ 26.931687857896346, 47.036024014821329 ], [ 26.932027837679833, 47.035503127107688 ], [ 26.932472287492686, 47.03502040735524 ], [ 26.933037078241515, 47.034548564656319 ], [ 26.932298105561095, 47.034317672638913 ], [ 26.932209757968778, 47.034437187286109 ], [ 26.932118357524665, 47.034572904541434 ], [ 26.9319625015345, 47.034734548404614 ], [ 26.931864935617092, 47.0348224716708 ], [ 26.931743618178068, 47.034979550315001 ], [ 26.931676732336687, 47.035055690930676 ], [ 26.931609844863662, 47.035131827932148 ], [ 26.931482807560577, 47.035286776722479 ], [ 26.931326507270057, 47.035486945266257 ], [ 26.93106172048536, 47.035829211852558 ], [ 26.930883687747393, 47.035775903116949 ], [ 26.930877893929264, 47.035774168883805 ], [ 26.930875746664899, 47.035773525432226 ], [ 26.930621560431312, 47.035697414336703 ], [ 26.92979277345923, 47.035452523072806 ], [ 26.929263054780687, 47.035304821060379 ], [ 26.928658974361486, 47.035147177627735 ], [ 26.928201415680235, 47.03499826732822 ], [ 26.92789382809238, 47.034897368596809 ], [ 26.927541606052557, 47.034781074235696 ], [ 26.927358321144556, 47.034734435290112 ], [ 26.927175037896699, 47.03468779692794 ], [ 26.926997370693048, 47.034639865110329 ], [ 26.926628542317268, 47.034540362921547 ], [ 26.926174408962932, 47.034445862895659 ], [ 26.925945566291272, 47.034385264365831 ], [ 26.925804674209402, 47.034344188475394 ], [ 26.92571982441207, 47.034319451465457 ], [ 26.925429364186453, 47.034240252842245 ], [ 26.925339042861221, 47.034212281991728 ], [ 26.925283730984471, 47.034195154943227 ], [ 26.925287018487587, 47.034185152732874 ], [ 26.92593447613261, 47.033644963338041 ], [ 26.92630490925383, 47.033335893837425 ], [ 26.926259003567196, 47.033325320225458 ], [ 26.926253685017734, 47.033324095225183 ], [ 26.926197436851126, 47.033311139557519 ], [ 26.924988912611315, 47.033133428257422 ], [ 26.924911709704254, 47.033122074732468 ], [ 26.92405026609077, 47.032995392967628 ], [ 26.923532229806884, 47.032945006040826 ], [ 26.923127679661047, 47.032881233505371 ], [ 26.922677847657742, 47.032827222443835 ], [ 26.922040697035435, 47.032753792927707 ], [ 26.921302029402408, 47.032636494423798 ], [ 26.920961330704731, 47.032586196421029 ], [ 26.920560785178129, 47.032527062416946 ], [ 26.920268440488385, 47.032499130015943 ], [ 26.920267319339629, 47.032499022687226 ], [ 26.920058905984472, 47.032479109557812 ], [ 26.919823372112894, 47.031979172066826 ], [ 26.919215219566848, 47.031832731978866 ], [ 26.918943627781069, 47.03180493991848 ], [ 26.918575705947273, 47.031720966561977 ], [ 26.918343742712029, 47.031603608968318 ], [ 26.918107701290189, 47.031490116753737 ], [ 26.918038065446368, 47.031408649377475 ], [ 26.917424738633976, 47.031242148146475 ], [ 26.916835014255934, 47.031102841829423 ], [ 26.916757860426351, 47.031080247051428 ], [ 26.916735721147742, 47.03107376430826 ], [ 26.916067885930985, 47.030878182680937 ], [ 26.915601418911468, 47.03073324078813 ], [ 26.915588601780794, 47.030729258510632 ], [ 26.915574952960284, 47.030725017386949 ], [ 26.915562473828633, 47.030721140175864 ], [ 26.915560047975365, 47.030720385887932 ], [ 26.915542875536023, 47.030715050559714 ], [ 26.915177730362242, 47.030601590334193 ], [ 26.913764836738988, 47.030196326453478 ], [ 26.912999934915, 47.029988862224556 ], [ 26.91254861643268, 47.029845288479606 ], [ 26.912243420408963, 47.029754495542647 ], [ 26.912048162041916, 47.029698534196456 ], [ 26.911890749590757, 47.02965165212094 ], [ 26.911889785328665, 47.029651364851468 ], [ 26.911884646178962, 47.029649834787392 ], [ 26.911883220378702, 47.029649409390835 ], [ 26.911768133132984, 47.029615132705267 ], [ 26.911609998535837, 47.029564678266958 ], [ 26.911512426863261, 47.029533546819778 ], [ 26.911039154841099, 47.029399738157615 ], [ 26.910539389353914, 47.029243469401486 ], [ 26.910156321678787, 47.029122010832069 ], [ 26.909966872812394, 47.029055455416163 ], [ 26.90988089191324, 47.029147755625317 ], [ 26.908825161984673, 47.029613481655709 ], [ 26.907966322487994, 47.030108742598323 ], [ 26.907455029703357, 47.029917153582574 ], [ 26.906898999864012, 47.02956105044791 ], [ 26.905090945808851, 47.030219586997774 ], [ 26.904123823222179, 47.029522359775548 ], [ 26.903937897269003, 47.029381078468553 ], [ 26.903797848725311, 47.029274659353185 ], [ 26.903249390028922, 47.02886188087502 ], [ 26.903091112229706, 47.028744280732674 ], [ 26.902932831111688, 47.028626678630211 ], [ 26.902812096724663, 47.028559868102477 ], [ 26.903014456821179, 47.028066997034458 ], [ 26.902663891577554, 47.028013135870033 ], [ 26.902552493282336, 47.027978486940619 ], [ 26.902538939236795, 47.027974271519739 ], [ 26.902522935696286, 47.027981392649259 ], [ 26.902487436902149, 47.027997188814268 ], [ 26.902399032508868, 47.028036526414844 ], [ 26.902183048141595, 47.028126045219047 ], [ 26.902158608715705, 47.028136174757506 ], [ 26.902080165928723, 47.028168687622717 ], [ 26.901940847994684, 47.028226430510614 ], [ 26.901929200843394, 47.028231257271926 ], [ 26.90159693362363, 47.028425713794718 ], [ 26.901543092046158, 47.028457224555083 ], [ 26.90154129070439, 47.028458649822298 ], [ 26.901360674746002, 47.028601559552285 ], [ 26.901160307365902, 47.028867952675164 ], [ 26.900965290166447, 47.029038042701011 ], [ 26.900864201371977, 47.029217876011664 ], [ 26.900799753832235, 47.029332525957521 ], [ 26.900798675158757, 47.029334444107917 ], [ 26.900786419929116, 47.029356245729687 ], [ 26.9006692095628, 47.029564756546399 ], [ 26.900596111114947, 47.029711622390892 ], [ 26.900441937692708, 47.030021377587758 ], [ 26.900397511042172, 47.030240469494444 ], [ 26.900390875138861, 47.030273197618939 ], [ 26.900334691360122, 47.030585983732259 ], [ 26.900270529758952, 47.030723712250158 ], [ 26.90022738305175, 47.030787787616696 ], [ 26.900144521655136, 47.030961853853704 ], [ 26.900089125304174, 47.031098017210475 ], [ 26.900066229784056, 47.031214122621577 ], [ 26.900051575275462, 47.031300322308937 ], [ 26.899973409583239, 47.031387199021751 ], [ 26.89970512796917, 47.031637267529504 ], [ 26.899500380014445, 47.031894719638778 ], [ 26.899434389504286, 47.031977695665745 ], [ 26.899378214733741, 47.032134004585259 ], [ 26.899338192791244, 47.032210908900211 ], [ 26.899337264593104, 47.032212693187212 ], [ 26.899321924837668, 47.032242167618435 ], [ 26.899229758442335, 47.032389506207416 ], [ 26.899160424204677, 47.03254258157537 ], [ 26.899148719664705, 47.032567468364668 ], [ 26.899148464973138, 47.032568009737957 ], [ 26.899143632186792, 47.032578289426787 ], [ 26.899129619668891, 47.032582875851126 ], [ 26.899098358225256, 47.032595857713773 ], [ 26.899073189219759, 47.032568714186461 ], [ 26.898959088401298, 47.032445661562505 ], [ 26.898602932835459, 47.032119354618182 ], [ 26.898218595820122, 47.031770284056499 ], [ 26.898096581933256, 47.031660119919181 ], [ 26.898017425405051, 47.03170110432989 ], [ 26.897841201143589, 47.031931462891961 ], [ 26.897832717550049, 47.03194264294914 ], [ 26.897600815648744, 47.032248222190312 ], [ 26.897405520875079, 47.032522084100364 ], [ 26.897275134838026, 47.032708109070768 ], [ 26.896933985284431, 47.033194823894668 ], [ 26.896754056521537, 47.03345410722239 ], [ 26.896695453179476, 47.033552275836016 ], [ 26.89663518778676, 47.033643975117577 ], [ 26.896597410592197, 47.033694750766323 ], [ 26.896401572279252, 47.03398190081252 ], [ 26.896068003827015, 47.034471770718255 ], [ 26.895942833363385, 47.034657341221937 ], [ 26.895872572771452, 47.03477067351011 ], [ 26.895589431497459, 47.035180809989548 ], [ 26.895404841491082, 47.035457263739296 ], [ 26.895310787606636, 47.035604827837723 ], [ 26.895264078655487, 47.035675302351116 ], [ 26.895197300941067, 47.035772830418793 ], [ 26.895169978048369, 47.035799067248433 ], [ 26.895138974558193, 47.035835105762175 ], [ 26.895131966543012, 47.035843250632695 ], [ 26.895107951809251, 47.035870746869222 ], [ 26.894978340299588, 47.036044718600778 ], [ 26.894779700288939, 47.036342520193529 ], [ 26.89460547876303, 47.036581253517333 ], [ 26.894318678197934, 47.036996791340798 ], [ 26.894126074801061, 47.037278161179955 ], [ 26.893946863596145, 47.037530148359011 ], [ 26.893614488263143, 47.037962232231692 ], [ 26.893596632418131, 47.037986038707288 ], [ 26.89344987300132, 47.038181694234808 ], [ 26.893391369690018, 47.038278149652413 ], [ 26.893404247918902, 47.038293249559807 ], [ 26.893288292111649, 47.038426122569227 ], [ 26.893386145238122, 47.038472965439382 ], [ 26.893389469204706, 47.038474557580273 ], [ 26.893509730692919, 47.038532128415298 ], [ 26.893069633885524, 47.039226685811393 ], [ 26.892881715660927, 47.0395255954842 ], [ 26.892772483391244, 47.039699343716748 ], [ 26.892462763960754, 47.040108481760441 ], [ 26.892307656672976, 47.040335526171468 ], [ 26.892261263265986, 47.04040343777821 ], [ 26.892149866364694, 47.040566496956309 ], [ 26.891853784812852, 47.040999886141741 ], [ 26.8916222746101, 47.041314761956151 ], [ 26.891493295218648, 47.0414996406966 ], [ 26.891264934644621, 47.041826967771279 ], [ 26.890866923336652, 47.042397460706816 ], [ 26.890105134684809, 47.043489338219032 ], [ 26.889492699195586, 47.044403918031485 ], [ 26.888869277809089, 47.045376254784358 ], [ 26.888642429109122, 47.045744452587378 ], [ 26.888604135705673, 47.04573222426383 ], [ 26.88828720058758, 47.045620451566087 ], [ 26.888032523247784, 47.045542358325669 ], [ 26.887684898625782, 47.045416149916278 ], [ 26.88753570374157, 47.045366147184765 ], [ 26.887149077975135, 47.045228878999673 ], [ 26.886647482719489, 47.045062890963187 ], [ 26.886133502344027, 47.044903528518844 ], [ 26.885701485197227, 47.044756761622317 ], [ 26.88542422006412, 47.044658831870912 ], [ 26.885400825563021, 47.044650568521554 ], [ 26.885237146952356, 47.044592755984418 ], [ 26.884686609315512, 47.044391422450616 ], [ 26.884193341136147, 47.044231017880222 ], [ 26.88365798718802, 47.044048314072661 ], [ 26.883510933233556, 47.044004105572441 ], [ 26.883293569118482, 47.043952575477341 ], [ 26.883180503505987, 47.043936928032132 ], [ 26.883130245785779, 47.043933219760582 ], [ 26.8830327625103, 47.043915825311991 ], [ 26.882828603638419, 47.04387939633456 ], [ 26.882461430230101, 47.043815948903251 ], [ 26.881183347133966, 47.043552429253985 ], [ 26.881135444337346, 47.043542552317419 ], [ 26.880972784434881, 47.043509013601252 ], [ 26.881097744521036, 47.043146194245672 ], [ 26.880617908977143, 47.042965612552813 ], [ 26.880151426551848, 47.042782045501035 ], [ 26.879700849876649, 47.042609713539647 ], [ 26.878842465141098, 47.042309559051368 ], [ 26.878486644477846, 47.042169650001142 ], [ 26.878006701438377, 47.041980932306132 ], [ 26.877085476210066, 47.04162006497225 ], [ 26.876589751353077, 47.041415660698412 ], [ 26.876373271764532, 47.041305635185076 ], [ 26.87621338297836, 47.041432616862934 ], [ 26.876153641392786, 47.041595107894864 ], [ 26.876096936744002, 47.041740465941132 ], [ 26.875955971205329, 47.04202231032982 ], [ 26.875876621101021, 47.042136905716866 ], [ 26.87580870513985, 47.042234988446403 ], [ 26.87576802238862, 47.042423261140328 ], [ 26.87573011238354, 47.042482273008886 ], [ 26.87562078516865, 47.042628792294103 ], [ 26.875568699699745, 47.042698597981079 ], [ 26.875361753349541, 47.043029037796785 ], [ 26.875169125431764, 47.04334029491207 ], [ 26.875108610399188, 47.043405555580478 ], [ 26.875107142408297, 47.043407137868769 ], [ 26.875037072072637, 47.043482701582739 ], [ 26.87491252731246, 47.043718753384823 ], [ 26.874786292528185, 47.043954385260221 ], [ 26.874691801646382, 47.044119514387383 ], [ 26.874635588568918, 47.044217749170912 ], [ 26.874272437327594, 47.044745087852689 ], [ 26.874203999336206, 47.044841467453757 ], [ 26.874101752202957, 47.044985456946414 ], [ 26.874088528571267, 47.045004078722791 ], [ 26.874040374067256, 47.045071892918124 ], [ 26.873777833645025, 47.04535819262162 ], [ 26.873724421805132, 47.045407267731534 ], [ 26.873508754166998, 47.045605425473191 ], [ 26.873448639457983, 47.045660658530956 ], [ 26.873181057301476, 47.045846753762355 ], [ 26.873123031840095, 47.045885095928675 ], [ 26.873052184067717, 47.045931910674099 ], [ 26.872923309142628, 47.046017068363177 ], [ 26.872836557623287, 47.046069488390039 ], [ 26.872825202455005, 47.046076349936612 ], [ 26.872691496965846, 47.046157143387283 ], [ 26.872658373833435, 47.046172113253419 ], [ 26.872655241313989, 47.04617352994142 ], [ 26.872579075082864, 47.046207954920469 ], [ 26.872564914172944, 47.046211123272073 ], [ 26.872429777352281, 47.046241357456758 ], [ 26.872387485274555, 47.04625081976863 ], [ 26.87235983973963, 47.046251267975862 ], [ 26.872322987357855, 47.046251865440119 ], [ 26.872292039565991, 47.046252367167938 ], [ 26.872284995202321, 47.04625846322935 ], [ 26.872283379787994, 47.046259860710855 ], [ 26.872275531537092, 47.046266651851347 ], [ 26.872065351046313, 47.046201750878502 ], [ 26.872021039620986, 47.046188067886369 ], [ 26.871515782435864, 47.046032049024802 ], [ 26.871742251483401, 47.046468047205941 ], [ 26.871951355117414, 47.046870598358836 ], [ 26.872000629079, 47.046965457201594 ], [ 26.872183173174037, 47.047268577034593 ], [ 26.87241266324315, 47.047410415102291 ], [ 26.872446308524506, 47.047387024643264 ], [ 26.872530851656997, 47.047328252195236 ], [ 26.872582588788273, 47.047393980382168 ], [ 26.872591797901745, 47.047441077654909 ], [ 26.872603294227755, 47.04749987480502 ], [ 26.872623999751699, 47.047605769219793 ], [ 26.87262624073108, 47.047670340173056 ], [ 26.872653765780566, 47.047782958866378 ], [ 26.872737621621944, 47.047903535237829 ], [ 26.872832176990222, 47.047995721280266 ], [ 26.872857037365016, 47.048004436685183 ], [ 26.872910562889935, 47.048023203163041 ], [ 26.873455605682107, 47.048247012863925 ], [ 26.8740006530325, 47.048470821741539 ], [ 26.874209086593606, 47.048558742826913 ], [ 26.874233802804312, 47.048569168093998 ], [ 26.874291026880304, 47.048593305096304 ], [ 26.874581408711538, 47.048715790297614 ], [ 26.874965705148085, 47.048875310981195 ], [ 26.875350006475571, 47.049034830318313 ], [ 26.876043387017635, 47.049324030591599 ], [ 26.876383389665637, 47.049467583843381 ], [ 26.876723388787696, 47.049611134361236 ], [ 26.877260846769932, 47.049833013275901 ], [ 26.877798305075249, 47.050054886107866 ], [ 26.878110106676516, 47.050171559676954 ], [ 26.8784219135329, 47.050288231426372 ], [ 26.878514898788499, 47.050067670408829 ], [ 26.878515246563023, 47.050066845036213 ], [ 26.878655196874405, 47.049734885290597 ], [ 26.879045875869849, 47.049858054717994 ], [ 26.879436554032498, 47.04998122374792 ], [ 26.879631894434446, 47.050042807749804 ], [ 26.879827239225403, 47.050104391352548 ], [ 26.879965613241851, 47.050151144730208 ], [ 26.880076580923557, 47.0501886379624 ], [ 26.88021791963833, 47.050227558623888 ], [ 26.880354752499677, 47.050273399039249 ], [ 26.885264895331986, 47.051769171513492 ], [ 26.883529425934299, 47.05290570738395 ], [ 26.882394553299125, 47.053879962864748 ], [ 26.882311707908322, 47.053951080660966 ], [ 26.881555532254328, 47.054600208231292 ], [ 26.881021550851941, 47.055058584029581 ], [ 26.880325919533949, 47.055655707521936 ], [ 26.880256583625137, 47.055715224091024 ], [ 26.880339107563319, 47.055850524648669 ], [ 26.879281072723582, 47.056602658697059 ], [ 26.878833854928331, 47.056661458512636 ], [ 26.878702353229549, 47.056876679173278 ], [ 26.878570853093176, 47.057091898734321 ], [ 26.878382410247394, 47.057341588575113 ], [ 26.878193964511009, 47.05759128261829 ], [ 26.878151587333225, 47.057647347843478 ], [ 26.878148459563747, 47.057651487375402 ], [ 26.878141175762302, 47.057661129253461 ], [ 26.878140042423286, 47.057660797661818 ], [ 26.877583315066524, 47.057497791030407 ], [ 26.876977135618286, 47.057320647866206 ], [ 26.876698266448482, 47.057237278290863 ], [ 26.876419399448007, 47.057153908012104 ], [ 26.875861270941719, 47.056987787318079 ], [ 26.875602042462237, 47.056840747818335 ], [ 26.875216167244066, 47.056716555560577 ], [ 26.874655218633404, 47.056495186032734 ], [ 26.874124308416693, 47.056314637817586 ], [ 26.873476348369351, 47.056072620448376 ], [ 26.873009707339985, 47.055872076761943 ], [ 26.872455486376026, 47.055660838017211 ], [ 26.871689545826321, 47.055395119640828 ], [ 26.871262707828539, 47.055241758865918 ], [ 26.870538563465004, 47.054989467245896 ], [ 26.869986854124218, 47.0547870867562 ], [ 26.869863841636565, 47.054723849457751 ], [ 26.869249944113225, 47.054480635368357 ], [ 26.868700823172126, 47.054258424897277 ], [ 26.86828263797906, 47.05409581627589 ], [ 26.868001884490067, 47.053993151250289 ], [ 26.867809398069404, 47.053921007177763 ], [ 26.867359047300706, 47.053768189602735 ], [ 26.867106284430388, 47.053656727862943 ], [ 26.867018094229092, 47.053628334273597 ], [ 26.866789796566231, 47.053541325112377 ], [ 26.866201478591069, 47.053340858194538 ], [ 26.866101964903297, 47.053300222502322 ], [ 26.865539687013193, 47.053064541822735 ], [ 26.865325570991182, 47.052967183428045 ], [ 26.865109944929785, 47.052886178509446 ], [ 26.864953675088884, 47.052840424327606 ], [ 26.864828827753744, 47.052802680948624 ], [ 26.864471232955111, 47.052699118266588 ], [ 26.864503122209175, 47.052668075218875 ], [ 26.863760867912507, 47.052481261777032 ], [ 26.86331914831591, 47.052369113006684 ], [ 26.863023893273503, 47.052289389765562 ], [ 26.862779908629093, 47.052221262341739 ], [ 26.862546491515921, 47.052169737969571 ], [ 26.862145013556844, 47.052052201954794 ], [ 26.861937991437081, 47.05197531207105 ], [ 26.861845175029337, 47.051948055401233 ], [ 26.861752357336488, 47.05192079687847 ], [ 26.861582555994655, 47.051873835516268 ], [ 26.861304100467979, 47.051800505512773 ], [ 26.861187324454679, 47.051756923451237 ], [ 26.861099042514148, 47.05172568710416 ], [ 26.860877839090943, 47.051663224417737 ], [ 26.860683260576991, 47.051620210644899 ], [ 26.860538604572668, 47.051587396837277 ], [ 26.860349141329568, 47.051542171187208 ], [ 26.859561910064084, 47.051359783262804 ], [ 26.859290697461692, 47.051292086910379 ], [ 26.859226590810014, 47.051276967592578 ], [ 26.858793700377582, 47.051166256641672 ], [ 26.858650087409554, 47.051125969797148 ], [ 26.858469818635253, 47.051076332590291 ], [ 26.8580299370233, 47.050964134158626 ], [ 26.857716684562522, 47.050900172448998 ], [ 26.857377535176823, 47.05081901018994 ], [ 26.85694309014858, 47.050713820495801 ], [ 26.85681004553923, 47.050693949660833 ], [ 26.856469372780492, 47.05061369734107 ], [ 26.856344824388323, 47.050562543012184 ], [ 26.855960096742812, 47.050437998559779 ], [ 26.855572625469762, 47.050317494703819 ], [ 26.855258242232921, 47.050235572940615 ], [ 26.854959720575188, 47.05016582083708 ], [ 26.854685444400065, 47.050114315161622 ], [ 26.85459822846212, 47.050061047791715 ], [ 26.854292127580131, 47.049929292968081 ], [ 26.853886795480843, 47.049697143921392 ], [ 26.853709574343249, 47.049645320606423 ], [ 26.853472410918943, 47.049571029261742 ], [ 26.853258559600114, 47.049510563915419 ], [ 26.852936744004356, 47.049427335269961 ], [ 26.852564537019539, 47.049327697381557 ], [ 26.852306343748001, 47.049274190616337 ], [ 26.85213642839178, 47.049240137445501 ], [ 26.851961399310461, 47.049221822448892 ], [ 26.851693738541591, 47.04918114423824 ], [ 26.851524767930304, 47.04915054823141 ], [ 26.85135610384723, 47.049119173241863 ], [ 26.85107205465555, 47.049064306507063 ], [ 26.850845849673849, 47.049019968280504 ], [ 26.850621028939585, 47.048972452753794 ], [ 26.85046804387461, 47.048938518164718 ], [ 26.850253331862106, 47.048883029746058 ], [ 26.850088059851466, 47.048846451749519 ], [ 26.849893449881989, 47.048802000549273 ], [ 26.849709387565046, 47.048762350556942 ], [ 26.849569518571943, 47.048732464344866 ], [ 26.849392750124569, 47.048697970735574 ], [ 26.849275593472981, 47.048673756290803 ], [ 26.849099102778002, 47.048628226311024 ], [ 26.848919842357382, 47.048588067185392 ], [ 26.848654198380885, 47.048530551425202 ], [ 26.848518081320822, 47.048496521525415 ], [ 26.848288969180864, 47.048444810548474 ], [ 26.848070621973559, 47.048404285863079 ], [ 26.847951300283494, 47.048375666943279 ], [ 26.847712056521697, 47.048331216316555 ], [ 26.847420883785507, 47.048278410773975 ], [ 26.847073118723007, 47.048156888044268 ], [ 26.846858097500338, 47.04809216911454 ], [ 26.846630019220786, 47.048009909225961 ], [ 26.846550601890804, 47.047977543830022 ], [ 26.846277105764276, 47.047881898842249 ], [ 26.845683440076765, 47.047627211035234 ], [ 26.845542934754647, 47.047586148410069 ], [ 26.845133451203598, 47.047420167439036 ], [ 26.845145286028874, 47.047398197048224 ], [ 26.844967571146675, 47.047331458720436 ], [ 26.844797798538949, 47.047284472402183 ], [ 26.844763941153186, 47.047311282703689 ], [ 26.844640426701918, 47.047258587690315 ], [ 26.844291205477298, 47.047086493499727 ], [ 26.844142961020353, 47.047026867653237 ], [ 26.844030622784082, 47.046973597622568 ], [ 26.843910748632009, 47.046928653922187 ], [ 26.843727767007941, 47.046867144612378 ], [ 26.843500992526131, 47.046790462599205 ], [ 26.84330213099279, 47.046714194840185 ], [ 26.843103331935986, 47.046637851061675 ], [ 26.842795955954081, 47.046543359441678 ], [ 26.842463339155561, 47.046408801464587 ], [ 26.842168823857026, 47.046295643745282 ], [ 26.842030564132106, 47.046228982419365 ], [ 26.841922755733535, 47.046172483429686 ], [ 26.841732136290815, 47.046090459626747 ], [ 26.841567122080299, 47.046030613843328 ], [ 26.841356504366438, 47.045942385707129 ], [ 26.841153391815013, 47.045861136914553 ], [ 26.840974648821952, 47.045794408885648 ], [ 26.840673358931312, 47.045665025920023 ], [ 26.840447762217831, 47.045594074271975 ], [ 26.840380018620134, 47.045561385465327 ], [ 26.840054651955054, 47.045425995139304 ], [ 26.839507192815493, 47.045230954508348 ], [ 26.839333929665557, 47.045142126823592 ], [ 26.839235318498861, 47.045096484244652 ], [ 26.838648797290269, 47.044889636413814 ], [ 26.838277111684185, 47.044746121875001 ], [ 26.837994891615526, 47.044624220651116 ], [ 26.837691903579852, 47.044528404010293 ], [ 26.837078139317935, 47.044267979753705 ], [ 26.836787525481672, 47.044162023000155 ], [ 26.8364854522926, 47.044006964251615 ], [ 26.836454562205795, 47.043985920703264 ], [ 26.836453547961259, 47.04395611766936 ], [ 26.836257892628822, 47.04386480263755 ], [ 26.836048578136388, 47.043760397387771 ], [ 26.835872285013728, 47.043742960067405 ], [ 26.835703822921008, 47.043703394448215 ], [ 26.835354484600117, 47.043579731927288 ], [ 26.835098266567861, 47.043484734482874 ], [ 26.834959782245217, 47.043441497163258 ], [ 26.834752586184049, 47.043361721968225 ], [ 26.834460805328106, 47.043266960584901 ], [ 26.83418953374488, 47.043164773365156 ], [ 26.833858101207454, 47.043031110495932 ], [ 26.834045838537204, 47.042783847791668 ], [ 26.834126214011221, 47.04268804347975 ], [ 26.834224674213289, 47.042558835862913 ], [ 26.834326485726638, 47.042439363778371 ], [ 26.834499809196569, 47.042245754459067 ], [ 26.834743867154135, 47.041984916828959 ], [ 26.834991688604436, 47.041725743745253 ], [ 26.835140933714204, 47.041577594759303 ], [ 26.835319815038719, 47.041389626575089 ], [ 26.835461439254406, 47.041258293940885 ], [ 26.83524656728024, 47.040928809239404 ], [ 26.835098955541152, 47.040733237998843 ], [ 26.834957817590688, 47.040535444685638 ], [ 26.834843109754303, 47.040367051354004 ], [ 26.834807562797057, 47.04028312903138 ], [ 26.83470091966737, 47.040138213529154 ], [ 26.834604450359656, 47.040025440725245 ], [ 26.834581590617873, 47.039954051565488 ], [ 26.8342751758004, 47.039596122676755 ], [ 26.8341042803963, 47.039377680074161 ], [ 26.833816110119272, 47.039021944522226 ], [ 26.83361127753885, 47.038766766094554 ], [ 26.83348838683613, 47.038624592667652 ], [ 26.833236319052222, 47.038315495579802 ], [ 26.833104058427221, 47.038164773069646 ], [ 26.832888131653259, 47.037850131943308 ], [ 26.832758346308637, 47.037611776502281 ], [ 26.832560061699056, 47.03749564736065 ], [ 26.832475253755437, 47.037405052108895 ], [ 26.832446431151986, 47.037384153740845 ], [ 26.831364304825033, 47.03775521748539 ], [ 26.830850685972106, 47.037965536573857 ], [ 26.83042358493352, 47.038109777781131 ], [ 26.829728115753745, 47.03836745090716 ], [ 26.829032913875047, 47.038633204680295 ], [ 26.828582971705167, 47.03880205917168 ], [ 26.828068223695553, 47.038980035917511 ], [ 26.827577561629735, 47.039169758373276 ], [ 26.827082070850267, 47.03939190268148 ], [ 26.826490468929386, 47.039594671764306 ], [ 26.822966219734539, 47.040877477794105 ], [ 26.822391720756787, 47.041079370656718 ], [ 26.821557438955391, 47.041374347975477 ], [ 26.821292141951631, 47.041486471333101 ], [ 26.82104726407109, 47.041592504417281 ], [ 26.820401711582981, 47.041833406842692 ], [ 26.82005957518108, 47.041922838241284 ], [ 26.819610614283235, 47.042110003690091 ], [ 26.819857287995887, 47.042386508989878 ], [ 26.819834910764207, 47.042444065873788 ], [ 26.819818466805142, 47.042484083194601 ], [ 26.819786066806003, 47.04254341942903 ], [ 26.819744970290923, 47.042621889087989 ], [ 26.819689100539069, 47.042710805943742 ], [ 26.819616860744674, 47.042841945177706 ], [ 26.819501797629577, 47.043038822976541 ], [ 26.819431663179284, 47.043180781287376 ], [ 26.819392750436609, 47.043258070957201 ], [ 26.819302923989628, 47.043399806726882 ], [ 26.819145470151668, 47.043672919970369 ], [ 26.819059829403571, 47.043811292752231 ], [ 26.818992359770125, 47.043934470617046 ], [ 26.818944180729314, 47.044014036760871 ], [ 26.818848189227459, 47.044153283221256 ], [ 26.818810144266912, 47.044225589444054 ], [ 26.818766328094906, 47.044311476206751 ], [ 26.818685075351759, 47.044456879810333 ], [ 26.818572808153874, 47.044636850409411 ], [ 26.818531649705527, 47.044709205550291 ], [ 26.818462738716672, 47.044830772625147 ], [ 26.818402781692683, 47.044931769819193 ], [ 26.818336969364545, 47.045031047888443 ], [ 26.818282291173926, 47.045133434852936 ], [ 26.818172263383797, 47.045318339284854 ], [ 26.818070692521115, 47.045473085351666 ], [ 26.817943904131265, 47.045682037544282 ], [ 26.817821594127565, 47.045892233678437 ], [ 26.817735554658828, 47.046022020395363 ], [ 26.817659052758486, 47.046154569552122 ], [ 26.817589894967629, 47.046258603887466 ], [ 26.817457517350039, 47.046492758366789 ], [ 26.81738706220823, 47.04665077069258 ], [ 26.817339307299559, 47.046743109098855 ], [ 26.817262162966887, 47.046863129479114 ], [ 26.81719514524146, 47.046962628215873 ], [ 26.817115300653601, 47.047057600328138 ], [ 26.81705287902507, 47.047132503782962 ], [ 26.816983190393866, 47.047234331669536 ], [ 26.816925490086373, 47.047339605158605 ], [ 26.816754796011359, 47.047503663210819 ], [ 26.816641922781166, 47.047667375677094 ], [ 26.816604062191821, 47.047744808743388 ], [ 26.816579162547448, 47.047866378666164 ], [ 26.816588583725409, 47.048129791452055 ], [ 26.816598726035419, 47.048352215559035 ], [ 26.816603952059701, 47.048507439721689 ], [ 26.816608467344302, 47.048641552499305 ], [ 26.816587582016702, 47.04872264070373 ], [ 26.816542900589255, 47.048906363341537 ], [ 26.816510319692576, 47.049018923849715 ], [ 26.816462319123971, 47.049154591406534 ], [ 26.816399573967725, 47.049384025712733 ], [ 26.816355661479854, 47.049615495140507 ], [ 26.816305914887408, 47.049877725588388 ], [ 26.816222064369967, 47.050253511180998 ], [ 26.816172006305912, 47.050556231500693 ], [ 26.816165870937869, 47.05080217096161 ], [ 26.816117079819666, 47.051027529941507 ], [ 26.816098540447221, 47.051113162814268 ], [ 26.81611173407692, 47.051167793869197 ], [ 26.816219453508751, 47.051209613770226 ], [ 26.816341928706599, 47.051222350695383 ], [ 26.816402470154138, 47.051238346098707 ], [ 26.81641075185679, 47.051236224620439 ], [ 26.816750665857871, 47.051311105248388 ], [ 26.817041527964321, 47.051378236499623 ], [ 26.817285172569026, 47.051430490546529 ], [ 26.81748601495466, 47.051475608371817 ], [ 26.817674286709661, 47.051517373119772 ], [ 26.817944136561387, 47.05157702353263 ], [ 26.818106158469138, 47.051609971623279 ], [ 26.818436404014275, 47.051675059550575 ], [ 26.818728570756662, 47.051731679000063 ], [ 26.81904367003176, 47.051796841746047 ], [ 26.819358378384521, 47.051862881690887 ], [ 26.819609273172738, 47.051923282116526 ], [ 26.819774891004251, 47.051961648242496 ], [ 26.819996121989149, 47.052009838087244 ], [ 26.820280974003115, 47.05208324288602 ], [ 26.820534007077949, 47.052145383799051 ], [ 26.820701983733603, 47.052177378708308 ], [ 26.820608319701471, 47.052324398750343 ], [ 26.82055264967795, 47.052428222019664 ], [ 26.82050376125737, 47.052517738796034 ], [ 26.820439110251407, 47.052632352560771 ], [ 26.820374794185312, 47.052756900969911 ], [ 26.82030268421595, 47.05289324063105 ], [ 26.820218353800882, 47.053043354238618 ], [ 26.820134570174961, 47.053193611220635 ], [ 26.820069444747119, 47.053306969812141 ], [ 26.820008943412656, 47.053421518797997 ], [ 26.819929515099012, 47.053559794673035 ], [ 26.819876643318462, 47.053654343430239 ], [ 26.819825001179321, 47.053749209305103 ], [ 26.819766093771349, 47.053854876407577 ], [ 26.819708414648307, 47.0539608606434 ], [ 26.819596874857972, 47.05416282979462 ], [ 26.819540259153865, 47.054261874206503 ], [ 26.819464187336486, 47.054322710546359 ], [ 26.819383490101931, 47.054461893161537 ], [ 26.819236578477881, 47.054738787468636 ], [ 26.819199397828758, 47.054842389816443 ], [ 26.819162217009335, 47.054945991250413 ], [ 26.819150012953024, 47.0549848977412 ], [ 26.819098182452397, 47.055079054461906 ], [ 26.819048427123747, 47.0551737309424 ], [ 26.818983548021436, 47.055306596826128 ], [ 26.818940591322356, 47.055393390214611 ], [ 26.818896791798434, 47.055479986305699 ], [ 26.818833722414713, 47.055610903439472 ], [ 26.818690045695515, 47.055845325468695 ], [ 26.818630982241825, 47.055971919796448 ], [ 26.818561268489582, 47.056121401408021 ], [ 26.818497727540642, 47.056207598207607 ], [ 26.81845442895133, 47.056309094786805 ], [ 26.818444279108643, 47.056373460713949 ], [ 26.818411184182423, 47.056450704818317 ], [ 26.818383928482536, 47.056529006910544 ], [ 26.81832767006313, 47.056591173500856 ], [ 26.818266355394321, 47.056651065814357 ], [ 26.818231807077822, 47.056704147354132 ], [ 26.818165669062971, 47.056836533113845 ], [ 26.818085519183775, 47.056980092491685 ], [ 26.818037552132303, 47.057072458438093 ], [ 26.817966856947137, 47.057179077504152 ], [ 26.817914286971629, 47.057290482448835 ], [ 26.81784760727194, 47.057414534588155 ], [ 26.817724221069476, 47.057635146250703 ], [ 26.817647100981066, 47.057787298238537 ], [ 26.817596944542956, 47.057883425335262 ], [ 26.817543638180517, 47.057991774287601 ], [ 26.81750901921508, 47.058056013141986 ], [ 26.817486100393822, 47.058097754968948 ], [ 26.817438852303304, 47.058192213903446 ], [ 26.81739942074568, 47.058254500324175 ], [ 26.81736377838865, 47.058323623974559 ], [ 26.817333778795494, 47.058384138749858 ], [ 26.817291273541052, 47.058460875472861 ], [ 26.817247301585098, 47.058542503098316 ], [ 26.81721025901415, 47.058614082643693 ], [ 26.817163460116589, 47.058704275684647 ], [ 26.817096451678264, 47.05881628613286 ], [ 26.817057856034751, 47.058884924355795 ], [ 26.817013406566097, 47.058951888368988 ], [ 26.81695856103811, 47.05903489532826 ], [ 26.816931454833757, 47.059124067648249 ], [ 26.816893744981304, 47.059237545320784 ], [ 26.816857714576319, 47.059308398875821 ], [ 26.816820681604352, 47.059349450169414 ], [ 26.816746436189742, 47.059457113069016 ], [ 26.816667182004164, 47.059601062987738 ], [ 26.816633954028845, 47.059662642377219 ], [ 26.816544609353599, 47.059815270969487 ], [ 26.816441653811612, 47.05999035443466 ], [ 26.816357026508939, 47.060135886741485 ], [ 26.816274355956544, 47.06028194427455 ], [ 26.816167467260417, 47.060468963773033 ], [ 26.816066068456657, 47.060648823624042 ], [ 26.815967014827216, 47.060829292545932 ], [ 26.815891580642415, 47.060973093596466 ], [ 26.815792619216143, 47.061148591373879 ], [ 26.815706716582767, 47.061311104123334 ], [ 26.815630452611426, 47.061451456537498 ], [ 26.815533014215788, 47.061610600804215 ], [ 26.81546747817691, 47.061741953977098 ], [ 26.81541787040981, 47.061841419414378 ], [ 26.815354140521478, 47.061953175591064 ], [ 26.815284564907579, 47.062076383383207 ], [ 26.815180977302898, 47.062221897715787 ], [ 26.814478705916063, 47.063550591735414 ], [ 26.814047050997285, 47.064367245005798 ], [ 26.813983344375721, 47.064487771914564 ], [ 26.813944973379385, 47.06458963440636 ], [ 26.813818195861419, 47.064872416350681 ], [ 26.813719838953155, 47.065108781907831 ], [ 26.813655918380793, 47.065234231971345 ], [ 26.813502063064753, 47.065536183820868 ], [ 26.813367984680976, 47.06571005654898 ], [ 26.81303727520589, 47.066278383600498 ], [ 26.812780982730882, 47.066695517236589 ], [ 26.812277439615919, 47.06743420516878 ], [ 26.811864748682073, 47.06730742735121 ], [ 26.811212342935459, 47.067144959495856 ], [ 26.81086682117482, 47.067056572344015 ], [ 26.810649870160429, 47.066981699211389 ], [ 26.810273401426681, 47.066864598309145 ], [ 26.810111285602744, 47.066815831323126 ], [ 26.809853422171415, 47.066716214910194 ], [ 26.809654788821565, 47.066642633846349 ], [ 26.809456151940878, 47.066569048899964 ], [ 26.809146495671698, 47.06693761648345 ], [ 26.809028238906595, 47.067069118215265 ], [ 26.808806024642209, 47.067236153294971 ], [ 26.808649085010195, 47.067346314620004 ], [ 26.808503991607452, 47.067491587834496 ], [ 26.808159592794659, 47.06776026184928 ], [ 26.807710968164457, 47.068056499375182 ], [ 26.807435545611806, 47.068292177320473 ], [ 26.80687909856994, 47.068713129275721 ], [ 26.806676840489185, 47.068865886887991 ], [ 26.806358028142427, 47.069114210521207 ], [ 26.806021021893844, 47.069382030713584 ], [ 26.805786912251758, 47.069543265716952 ], [ 26.805590681706715, 47.069701907058018 ], [ 26.805285455717875, 47.06992009928365 ], [ 26.805112244503221, 47.070068411351805 ], [ 26.804961392305533, 47.070186450665439 ], [ 26.804799586326162, 47.070326602972834 ], [ 26.804609191847319, 47.070485157675634 ], [ 26.804318933885874, 47.070672959928622 ], [ 26.804139010050978, 47.070795440911844 ], [ 26.804043016372123, 47.070894676065748 ], [ 26.803744223103134, 47.071130713291979 ], [ 26.803361751614297, 47.071397975516632 ], [ 26.803061307836458, 47.071623263578985 ], [ 26.8026171257805, 47.071953358901183 ], [ 26.80215323705395, 47.072305709999775 ], [ 26.80183602609025, 47.072552805123159 ], [ 26.801608396693254, 47.072718894274459 ], [ 26.801275614856102, 47.072936375912249 ], [ 26.801105362487789, 47.073075034857816 ], [ 26.800755477822172, 47.073362445232789 ], [ 26.800457340886965, 47.073599287489287 ], [ 26.800144848162823, 47.073842990307554 ], [ 26.799863684769491, 47.074006588045769 ], [ 26.799463746663761, 47.074374673630395 ], [ 26.799224077000137, 47.074587946264245 ], [ 26.798999515983958, 47.07473943820149 ], [ 26.798318673251355, 47.07524942032051 ], [ 26.797931755424571, 47.075486514760712 ], [ 26.797475517549859, 47.075900130656024 ], [ 26.797102689094828, 47.076184074889404 ], [ 26.796434604235461, 47.076635214644668 ], [ 26.796182062766455, 47.076767509986915 ], [ 26.796075431866313, 47.0765766089702 ], [ 26.795901171339157, 47.076236992000844 ], [ 26.795655300585459, 47.07581717935269 ], [ 26.795411580694754, 47.075461525620355 ], [ 26.79535103786808, 47.075190674933339 ], [ 26.795095498259801, 47.074103473587215 ], [ 26.794982884800039, 47.07354465847412 ], [ 26.794916123131166, 47.073233322218087 ], [ 26.794797114033404, 47.073235171225626 ], [ 26.794662596114797, 47.073335681562433 ], [ 26.794300728435157, 47.073572375713987 ], [ 26.794001363124735, 47.073803814245309 ], [ 26.79378170507713, 47.073982672986197 ], [ 26.7935177703005, 47.074149369851163 ], [ 26.793249288369474, 47.074367496026731 ], [ 26.79294904779923, 47.074573274604049 ], [ 26.792746332232003, 47.07469623503718 ], [ 26.792544753360804, 47.07485341402429 ], [ 26.791856568919865, 47.075368415693902 ], [ 26.791557041226884, 47.075595576151123 ], [ 26.791055768235001, 47.075975631688564 ], [ 26.790706685944556, 47.076220671854138 ], [ 26.790560470016068, 47.076347026458187 ], [ 26.79018020743727, 47.07659683115974 ], [ 26.789674372582901, 47.076840023013816 ], [ 26.789385927320271, 47.077024212503318 ], [ 26.788999529988036, 47.077278382134047 ], [ 26.788503496510746, 47.077628391391272 ], [ 26.787741058096753, 47.078178762420386 ], [ 26.787324460278946, 47.078467630029074 ], [ 26.787203141281928, 47.078589321059106 ], [ 26.786921653485781, 47.078794793185388 ], [ 26.786443103465214, 47.079106012351744 ], [ 26.785726491856035, 47.079609187417645 ], [ 26.785070652317302, 47.080055785754659 ], [ 26.784284018094681, 47.080614631741327 ], [ 26.78394670071512, 47.08083807223116 ], [ 26.783296532407991, 47.081267458771372 ], [ 26.783152994655012, 47.081380931393873 ], [ 26.783009456298686, 47.081494403837816 ], [ 26.78281493897774, 47.081677126626047 ], [ 26.782411939356148, 47.08199999331832 ], [ 26.781995424979797, 47.082293122485062 ], [ 26.78174309881171, 47.082433941714761 ], [ 26.781464104758161, 47.082629203021881 ], [ 26.780911879462238, 47.082988601486669 ], [ 26.780556015098472, 47.083220883389103 ], [ 26.779582369491997, 47.083916257254486 ], [ 26.778331861696898, 47.084769925435069 ], [ 26.777196177126626, 47.085561420626661 ], [ 26.774644262146211, 47.087357517059758 ], [ 26.774093792906349, 47.08772329876134 ], [ 26.773398144862288, 47.088205794815941 ], [ 26.773075570958515, 47.088457987248084 ], [ 26.772789723382346, 47.088666131099359 ], [ 26.772430149898995, 47.088899010680237 ], [ 26.772140295801492, 47.089096031958363 ], [ 26.771688636575949, 47.089403624898353 ], [ 26.771421867709702, 47.089584138532281 ], [ 26.771235112910052, 47.089710001095021 ], [ 26.77108808924886, 47.089827800644599 ], [ 26.770632375625162, 47.090123026492613 ], [ 26.770309124705154, 47.090355342579763 ], [ 26.770102946972557, 47.090498895178257 ], [ 26.769934479838049, 47.090628203135864 ], [ 26.769656430422437, 47.09079770386969 ], [ 26.769545887823721, 47.090864002139519 ], [ 26.769316286745422, 47.091014124005795 ], [ 26.769003317803087, 47.09122764279779 ], [ 26.768772263261983, 47.091388967231104 ], [ 26.768564341805291, 47.091535028822797 ], [ 26.768379798216639, 47.091673276749674 ], [ 26.768253875372043, 47.091769628386615 ], [ 26.768054874070458, 47.091910582183289 ], [ 26.767736505451698, 47.092134108972893 ], [ 26.767430915737915, 47.092343352590092 ], [ 26.767288664567854, 47.09244086525019 ], [ 26.76714972608946, 47.092540579186988 ], [ 26.767024637221876, 47.092626651198792 ], [ 26.766974803931024, 47.092663925000458 ], [ 26.766934325229123, 47.092706155623993 ], [ 26.766769633813034, 47.09282403872659 ], [ 26.766600748467308, 47.092939119939473 ], [ 26.766390495947416, 47.09307973888744 ], [ 26.76617606183861, 47.093217381033668 ], [ 26.76593380634511, 47.093378509938702 ], [ 26.765457734175659, 47.093714094167964 ], [ 26.764971096815795, 47.094042537004732 ], [ 26.764620535274787, 47.094281544799195 ], [ 26.764272848836914, 47.094522505072185 ], [ 26.764048101117115, 47.094679162420746 ], [ 26.76361651202334, 47.095047294349094 ], [ 26.763426573070355, 47.095188101499183 ], [ 26.763145982624184, 47.09539241243786 ], [ 26.76279714533046, 47.095622612705291 ], [ 26.762374616320251, 47.095926705432099 ], [ 26.761801497226173, 47.096304443301896 ], [ 26.761423895213969, 47.096545016646701 ], [ 26.760730796550479, 47.097035152913904 ], [ 26.760083920892686, 47.097493519944003 ], [ 26.759586045874126, 47.097837796817913 ], [ 26.758852908090486, 47.097710829629129 ], [ 26.758204469668335, 47.097572672578991 ], [ 26.75755804255656, 47.097430189433318 ], [ 26.756985461798475, 47.097312290718264 ], [ 26.756368779776039, 47.097195327639255 ], [ 26.755752100386154, 47.097078361246261 ], [ 26.755588292530746, 47.097017486719068 ], [ 26.75538042592196, 47.096999523494972 ], [ 26.755085890057014, 47.096944361808305 ], [ 26.754588172793611, 47.096847557314959 ], [ 26.753943775279975, 47.096713220116634 ], [ 26.753801964157873, 47.096684987422819 ], [ 26.753392915258125, 47.096603550575701 ], [ 26.752807244728739, 47.096485709323254 ], [ 26.752411589369164, 47.096396044442074 ], [ 26.751974014879831, 47.096303286053285 ], [ 26.751537284863954, 47.096208693889622 ], [ 26.751293067120848, 47.096170908141019 ], [ 26.751048849683929, 47.096133120974187 ], [ 26.750888071974735, 47.096109289463861 ], [ 26.750848023955701, 47.096111953139541 ], [ 26.750807975932513, 47.096114616801522 ], [ 26.750032671992422, 47.095959886589327 ], [ 26.749627725822418, 47.095877807496869 ], [ 26.749222780867079, 47.095795726974679 ], [ 26.748673009070934, 47.095677011025074 ], [ 26.748444233627907, 47.095630776130193 ], [ 26.748151287738537, 47.095568118243577 ], [ 26.747795345654595, 47.09548639090319 ], [ 26.746808065632827, 47.0952621549729 ], [ 26.746115702331572, 47.095105204522227 ], [ 26.744975641985953, 47.0948789130357 ], [ 26.743647043564714, 47.094627190286417 ], [ 26.743360371876733, 47.09456846379242 ], [ 26.74307370077495, 47.094509735682436 ], [ 26.74186082263812, 47.09427980447721 ], [ 26.741704340155593, 47.094308952857887 ], [ 26.741623501380097, 47.094286959172372 ], [ 26.741346867090368, 47.094161903190709 ], [ 26.739171078389827, 47.093178267455549 ], [ 26.737755064155124, 47.092538071497913 ], [ 26.737184250240901, 47.092279990327597 ], [ 26.736047399600466, 47.091765972939228 ], [ 26.735197153347315, 47.091400213107477 ], [ 26.735272449278952, 47.091261075465503 ], [ 26.734190976586813, 47.09075140083285 ], [ 26.734187426148793, 47.090641058322291 ], [ 26.734175901391662, 47.090616005472278 ], [ 26.733833036361194, 47.090418365335402 ], [ 26.733323532558803, 47.090094299406381 ], [ 26.732859511915478, 47.089799157714239 ], [ 26.732399180554527, 47.089513914760467 ], [ 26.731959221738922, 47.089233077584986 ], [ 26.731150241719565, 47.088716672457679 ], [ 26.730371631256649, 47.088231297788994 ], [ 26.729907221721916, 47.087933778361979 ], [ 26.728481074419729, 47.087020093542804 ], [ 26.727573525911897, 47.086453404230632 ], [ 26.726786652703776, 47.085983358543729 ], [ 26.726721052773513, 47.085973323097107 ], [ 26.726550460074158, 47.085905921034026 ], [ 26.725956541632151, 47.085478695216061 ], [ 26.725855206246919, 47.085407098466213 ], [ 26.725432329279862, 47.085135743904992 ], [ 26.722641103231563, 47.08689609831589 ], [ 26.718935006691236, 47.089187534471783 ], [ 26.714345725086702, 47.092043813481773 ], [ 26.712035237995746, 47.093516739204567 ], [ 26.711105811780286, 47.094109523987377 ], [ 26.711097617066269, 47.094104551788156 ], [ 26.711047078426251, 47.094073883199741 ], [ 26.709270639671296, 47.092995829355168 ], [ 26.708287027194274, 47.092398882235088 ], [ 26.707865176097485, 47.092142856622871 ], [ 26.706797838534882, 47.092926566115423 ], [ 26.706045158896668, 47.093457112428183 ], [ 26.705374965801457, 47.093920917523732 ], [ 26.704911014181128, 47.094262001370467 ], [ 26.704289799457968, 47.094718693431332 ], [ 26.703918068106471, 47.094991970134011 ], [ 26.703546332959124, 47.095265244741057 ], [ 26.702507559591144, 47.09602886070715 ], [ 26.701778616507664, 47.09655605275249 ], [ 26.700899246075394, 47.097192019001099 ], [ 26.699984389815704, 47.097838238384824 ], [ 26.699232671478242, 47.098342145340624 ], [ 26.698639057018728, 47.098772813348823 ], [ 26.697807827528759, 47.09937585402001 ], [ 26.697535219962894, 47.099573620796676 ], [ 26.696787354321604, 47.100116160331616 ], [ 26.695797879135554, 47.100875842881273 ], [ 26.695360677914618, 47.101261464794185 ], [ 26.695132591802228, 47.101462639358516 ], [ 26.694494506100249, 47.10202542960554 ], [ 26.694162662576808, 47.10233506763808 ], [ 26.693710727425543, 47.102719151601654 ], [ 26.693006170253035, 47.103349316522227 ], [ 26.692794700353929, 47.10352959786433 ], [ 26.6925832290427, 47.103709878817568 ], [ 26.692278669698883, 47.103984951359585 ], [ 26.691795463306633, 47.104390937282211 ], [ 26.691554048658599, 47.104593767876239 ], [ 26.691110627703214, 47.104966315653982 ], [ 26.690611065586715, 47.10538602120981 ], [ 26.689943722841988, 47.10597300592908 ], [ 26.689220294370358, 47.106609302221969 ], [ 26.688777674516995, 47.106998601136979 ], [ 26.68830240387874, 47.107416609521245 ], [ 26.687813995617777, 47.10784616529115 ], [ 26.686745650911984, 47.108785743054725 ], [ 26.686480982326895, 47.10901850460457 ], [ 26.685963017165005, 47.109483906667656 ], [ 26.68550723813075, 47.10988181494703 ], [ 26.684861572915338, 47.110463320192324 ], [ 26.684531949768932, 47.110750930794346 ], [ 26.684173749634162, 47.111084585074764 ], [ 26.683940601286238, 47.1113128052408 ], [ 26.683690029694823, 47.111558076198854 ], [ 26.683327161015878, 47.111931780665017 ], [ 26.682964286005078, 47.112305483996217 ], [ 26.682815041610873, 47.112453963074003 ], [ 26.68276814370607, 47.112432753157854 ], [ 26.682601663853664, 47.112357460929864 ], [ 26.680938654043519, 47.11160532191527 ], [ 26.67906590514194, 47.110758266692947 ], [ 26.678789912326106, 47.110633428898325 ], [ 26.676438657914105, 47.109569851174868 ], [ 26.676152129729257, 47.109420468062886 ], [ 26.675882218205352, 47.109279744534746 ], [ 26.675185028672441, 47.10893732326705 ], [ 26.674226909302867, 47.10846054102862 ], [ 26.672890083518865, 47.107797432377481 ], [ 26.672419272716922, 47.107606966021578 ], [ 26.67200775779849, 47.1074063274773 ], [ 26.671845237930146, 47.107315766669061 ], [ 26.671640421770672, 47.107221771250117 ], [ 26.67143348719539, 47.107118046501235 ], [ 26.671336263848083, 47.107065901143244 ], [ 26.671186997537077, 47.106975107255444 ], [ 26.671082155820439, 47.106922731744554 ], [ 26.671076284884922, 47.106919798868631 ], [ 26.670935381138953, 47.106849404377428 ], [ 26.670761840870149, 47.106748972759384 ], [ 26.67045478065619, 47.106607112753288 ], [ 26.670303211623743, 47.106525733627649 ], [ 26.670156150036057, 47.106460297548566 ], [ 26.670155392382888, 47.106459960293982 ], [ 26.669967155021311, 47.106376203546716 ], [ 26.669880616389932, 47.106337954001226 ], [ 26.669878791259293, 47.10633714720295 ], [ 26.669680770590038, 47.106249622832586 ], [ 26.669533746138022, 47.106177468783464 ], [ 26.669392696921527, 47.106108246902977 ], [ 26.669266605762104, 47.106045426471738 ], [ 26.669263839146069, 47.106044047524378 ], [ 26.669106113847011, 47.105965465813618 ], [ 26.668711840133827, 47.105797897912794 ], [ 26.668182926947829, 47.105530075732766 ], [ 26.6680228809258, 47.105466627488042 ], [ 26.667862835278687, 47.105403179017856 ], [ 26.667613400260468, 47.105267631082157 ], [ 26.66725329765843, 47.105048129937551 ], [ 26.6668923527454, 47.104928190171549 ], [ 26.666068638720098, 47.104533492890525 ], [ 26.66517788367047, 47.104079889902096 ], [ 26.665015472530335, 47.10400271799476 ], [ 26.664668614471292, 47.103841233775483 ], [ 26.664512293791415, 47.103768701631374 ], [ 26.664006869159625, 47.103534185477486 ], [ 26.663231381842731, 47.103153993898104 ], [ 26.66272766084569, 47.102917733643181 ], [ 26.662308074227219, 47.102714159174191 ], [ 26.662101609456897, 47.102615408298952 ], [ 26.661914686803961, 47.102526003370109 ], [ 26.661680562435727, 47.102414358381232 ], [ 26.661662571108376, 47.102405578168593 ], [ 26.661448243401434, 47.102300974738313 ], [ 26.661329356658502, 47.102243771751134 ], [ 26.661199553110716, 47.102181315361925 ], [ 26.661040088527809, 47.10210766396748 ], [ 26.66089544604414, 47.102040857882962 ], [ 26.66065570275299, 47.101940651856609 ], [ 26.660592711246458, 47.101909216354251 ], [ 26.66023015119379, 47.101728282260368 ], [ 26.660052754374629, 47.101653095729382 ], [ 26.659842205475801, 47.10156453522027 ], [ 26.659612598712947, 47.1014641814524 ], [ 26.659488094531476, 47.101402784335697 ], [ 26.659243415794705, 47.10128543042061 ], [ 26.659044900364954, 47.101182499405724 ], [ 26.658821007144745, 47.101065225892434 ], [ 26.658705747498956, 47.101010009697681 ], [ 26.658564010343134, 47.100942108104327 ], [ 26.658330999184383, 47.100832784254614 ], [ 26.658145194693066, 47.100745607505914 ], [ 26.657884913375462, 47.100618719498414 ], [ 26.657883277346901, 47.100617922395635 ], [ 26.65773162719875, 47.100543992404312 ], [ 26.657386800064497, 47.100386254305029 ], [ 26.657146774880118, 47.10026794208509 ], [ 26.656846008845488, 47.100125650005062 ], [ 26.656400509505584, 47.099922603909768 ], [ 26.656210929758494, 47.099831441898843 ], [ 26.656125248592527, 47.099790242044968 ], [ 26.656031617023388, 47.099748274304233 ], [ 26.655947201723112, 47.099710440146083 ], [ 26.655748117086478, 47.099622419654807 ], [ 26.655554032205565, 47.099529338070141 ], [ 26.655279982510741, 47.09940092655971 ], [ 26.655055039175735, 47.099299785298598 ], [ 26.654901042947596, 47.099216444122156 ], [ 26.654683723928656, 47.099143590929415 ], [ 26.654401791955578, 47.099030487927067 ], [ 26.653941920492493, 47.098752074306816 ], [ 26.653337959881146, 47.098446389472194 ], [ 26.653153688985249, 47.098367519015575 ], [ 26.653149632831838, 47.09836578293627 ], [ 26.652936303199521, 47.098274472181039 ], [ 26.652497152816277, 47.098065819246138 ], [ 26.652349807061285, 47.097997503522542 ], [ 26.652322928018666, 47.097985041199308 ], [ 26.651995456480901, 47.097833210363817 ], [ 26.651686048902111, 47.097704696619886 ], [ 26.651397592943415, 47.097555173949999 ], [ 26.651348040981851, 47.097532339158462 ], [ 26.651041086365762, 47.097390889801332 ], [ 26.650741590786545, 47.097249609306239 ], [ 26.650437802717335, 47.09710630372247 ], [ 26.650206526910569, 47.097005399190472 ], [ 26.649975249387143, 47.096904496022958 ], [ 26.649700805863652, 47.096766384869468 ], [ 26.64953337652214, 47.096682126165177 ], [ 26.649197428492784, 47.096506117849181 ], [ 26.649175725467892, 47.096494747006709 ], [ 26.648882532097755, 47.0963411369559 ], [ 26.648604581231297, 47.096189099213845 ], [ 26.64827601330002, 47.096009373141953 ], [ 26.647952822064539, 47.09584283810873 ], [ 26.64793574907609, 47.09583404087811 ], [ 26.647719977040421, 47.095722854675742 ], [ 26.647250461636801, 47.095471128996927 ], [ 26.647204924024621, 47.095446226969599 ], [ 26.647195177364825, 47.095440897211397 ], [ 26.646902837207911, 47.09528102932866 ], [ 26.646744831611482, 47.095167739462426 ], [ 26.646589249771274, 47.095074290369084 ], [ 26.64640450960416, 47.095010228533205 ], [ 26.646315325442977, 47.094923337864579 ], [ 26.645764764768252, 47.09475582413738 ], [ 26.645615158608848, 47.09471192256126 ], [ 26.645382907518211, 47.094643767911712 ], [ 26.645075090740757, 47.094566151608035 ], [ 26.644776625531801, 47.094473047111535 ], [ 26.644432706687422, 47.094368436650221 ], [ 26.644296279574149, 47.094325197892765 ], [ 26.644260134746077, 47.094313743714174 ], [ 26.644020581903124, 47.094209062235883 ], [ 26.643627804603263, 47.094087924153868 ], [ 26.643618548654427, 47.094086482143027 ], [ 26.643452434079126, 47.094060601594506 ], [ 26.643021535130622, 47.093941247996824 ], [ 26.642713533796833, 47.093857416177066 ], [ 26.642591260232997, 47.093771414141536 ], [ 26.641722695659031, 47.093637283301739 ], [ 26.640854140673618, 47.093503148522963 ], [ 26.639111882988381, 47.093119636491203 ], [ 26.638475260152894, 47.092930188082995 ], [ 26.63834376599015, 47.092891056240212 ], [ 26.637838644388065, 47.092740736089375 ], [ 26.636662345852439, 47.092477945509984 ], [ 26.636568810169376, 47.092467014781299 ], [ 26.63635093935174, 47.092441552072444 ], [ 26.635628696686325, 47.092512332689317 ], [ 26.634466196892152, 47.092626250172771 ], [ 26.634281170399788, 47.092879831207789 ], [ 26.634177388570176, 47.092844959815054 ], [ 26.634045883408678, 47.092944967081557 ], [ 26.634022881877364, 47.093024928421002 ], [ 26.634007943253341, 47.093076862759027 ], [ 26.633921197976115, 47.093145650782695 ], [ 26.633892661072757, 47.093168279942866 ], [ 26.63376908462423, 47.093170027220047 ], [ 26.633480126720492, 47.09341389508576 ], [ 26.633339040803584, 47.09364097019683 ], [ 26.63322702764308, 47.093821249349006 ], [ 26.633134186690707, 47.094057376666292 ], [ 26.633026227259368, 47.094154565706098 ], [ 26.632052178380171, 47.094650376386646 ], [ 26.631689809544728, 47.09483835903076 ], [ 26.630525949436809, 47.095611403379792 ], [ 26.629762945755481, 47.096507684461905 ], [ 26.629541154084755, 47.096834976723066 ], [ 26.629530418038925, 47.096850819746997 ], [ 26.629397428956842, 47.097047066062053 ], [ 26.628779800443798, 47.098212404156797 ], [ 26.628547307064647, 47.098434087688659 ], [ 26.628544607358055, 47.09843666212668 ], [ 26.628481161475829, 47.098497159189641 ], [ 26.627619283490564, 47.099167413745469 ], [ 26.627178124015451, 47.099456892415439 ], [ 26.626576958380031, 47.099815353226226 ], [ 26.626147192771676, 47.10001084351827 ], [ 26.625939611741295, 47.100105266017856 ], [ 26.625088640931644, 47.100581964662759 ], [ 26.624945460740541, 47.100789388624378 ], [ 26.624711563729623, 47.10119508933068 ], [ 26.624575227233731, 47.101319655087103 ], [ 26.624545647262334, 47.10134668094453 ], [ 26.624401811069276, 47.101359222698484 ], [ 26.624172108845443, 47.101379252236555 ], [ 26.623673984213589, 47.101422686371137 ], [ 26.623398165274207, 47.101446735452555 ], [ 26.622418927140632, 47.101785549740541 ], [ 26.621295755998691, 47.103150091330036 ], [ 26.620418032505654, 47.103534467552436 ], [ 26.618653446437374, 47.105091932987655 ], [ 26.617563186747894, 47.106318083231969 ], [ 26.616796013449658, 47.107591900665611 ], [ 26.614601990693053, 47.109558567635254 ], [ 26.614554470775328, 47.109728824161181 ], [ 26.614504079366107, 47.110450114631533 ], [ 26.614611040749793, 47.110760129519548 ], [ 26.614988050388288, 47.110987733534664 ], [ 26.61569572249784, 47.11126418602084 ], [ 26.616078920708475, 47.111376892751757 ], [ 26.616125618208795, 47.111871068829657 ], [ 26.616132700360499, 47.112506288227081 ], [ 26.616072463245473, 47.112570236683204 ], [ 26.616071451653681, 47.112571310725002 ], [ 26.616016580278526, 47.112629565228112 ], [ 26.615619375717522, 47.112754636546299 ], [ 26.615323432479592, 47.11284782239894 ], [ 26.614821033556396, 47.113057136514065 ], [ 26.61427854870028, 47.113456912417369 ], [ 26.613742610818598, 47.114008216996652 ], [ 26.613683834234827, 47.11401746192081 ], [ 26.613683343616739, 47.114017538950513 ], [ 26.613623690766254, 47.114026922941733 ], [ 26.61357060213497, 47.114053356247382 ], [ 26.613568764612605, 47.114054271745509 ], [ 26.613507505038811, 47.114084773460156 ], [ 26.613116786734643, 47.114625407315032 ], [ 26.613033825530742, 47.114958794815422 ], [ 26.613054103989043, 47.115217693206795 ], [ 26.613177208529727, 47.11548849423054 ], [ 26.613229337265405, 47.115584637330457 ], [ 26.613351685656792, 47.115810291574199 ], [ 26.613563476559765, 47.116084597622631 ], [ 26.613642246168066, 47.116155293711941 ], [ 26.613652449281496, 47.116164450992933 ], [ 26.613819096611021, 47.116314017738105 ], [ 26.614373204329429, 47.116620950720851 ], [ 26.614812898160736, 47.116798595124216 ], [ 26.61506699533189, 47.116869248302805 ], [ 26.615249436378303, 47.116877996010167 ], [ 26.615252761341125, 47.116878155584928 ], [ 26.615255377483937, 47.116878280978064 ], [ 26.61534299456028, 47.116882481943975 ], [ 26.615637417272811, 47.116848335238913 ], [ 26.615659893599236, 47.116845728515912 ], [ 26.615931833068775, 47.116814189676589 ], [ 26.615943869242898, 47.116848929573706 ], [ 26.615944144873851, 47.116849725590392 ], [ 26.615944707674348, 47.11685135075286 ], [ 26.615948059813888, 47.116861026494064 ], [ 26.615935958780241, 47.116937949928236 ], [ 26.615639832789238, 47.117647610131797 ], [ 26.615600465381696, 47.117728353446068 ], [ 26.615599054873005, 47.117731247835103 ], [ 26.615535459666088, 47.117861685075177 ], [ 26.615482561796842, 47.118070299722952 ], [ 26.615477896716481, 47.118088698950046 ], [ 26.615472387662663, 47.11811042461899 ], [ 26.615436672822433, 47.118438772329874 ], [ 26.61546574668791, 47.119408044594564 ], [ 26.615591646456398, 47.12047457656346 ], [ 26.615581309799207, 47.120578719332862 ], [ 26.615709628048705, 47.120846711073519 ], [ 26.61578248880312, 47.121070287549983 ], [ 26.615796119130145, 47.121235803067925 ], [ 26.615788357856484, 47.121265943090108 ], [ 26.615768416785762, 47.121343400654055 ], [ 26.615681151478991, 47.1215794598426 ], [ 26.615557554869071, 47.121913799684677 ], [ 26.615382507395399, 47.122427059058886 ], [ 26.615624955663939, 47.122487920959259 ], [ 26.615720295988723, 47.122541373476004 ], [ 26.615725385474502, 47.122544227388524 ], [ 26.615790988215366, 47.122581007662134 ], [ 26.615513878795113, 47.122850487722175 ], [ 26.61524658944429, 47.123110415872304 ], [ 26.615506134876025, 47.123882965153285 ], [ 26.61581722312874, 47.124542823378853 ], [ 26.616186510232374, 47.125232303341711 ], [ 26.61616210394866, 47.12540161916224 ], [ 26.616133437757036, 47.125600479869057 ], [ 26.616058298902466, 47.125759037763849 ], [ 26.61590639684626, 47.125995625168578 ], [ 26.615667595116463, 47.126543978956803 ], [ 26.615655575113642, 47.127113466366538 ], [ 26.615734068583453, 47.12734873500812 ], [ 26.615816996838646, 47.127597290109215 ], [ 26.615985930616077, 47.127862581822576 ], [ 26.616227844035347, 47.128242474669122 ], [ 26.616359804896536, 47.128386947669547 ], [ 26.616485554570804, 47.128524618079865 ], [ 26.616714169201572, 47.128721977049665 ], [ 26.616730312898007, 47.128735914042096 ], [ 26.617032559127797, 47.128996834742978 ], [ 26.617208351073707, 47.129083754612346 ], [ 26.617433299519003, 47.129194978452418 ], [ 26.618608359162046, 47.129547955447606 ], [ 26.619051353313061, 47.12965010451714 ], [ 26.619053558398683, 47.12965061257605 ], [ 26.619291885753441, 47.129705566568354 ], [ 26.619779579337333, 47.129804474765628 ], [ 26.620214283605517, 47.129892634865506 ], [ 26.621067695085223, 47.130314327063267 ], [ 26.621346193819107, 47.130575668558052 ], [ 26.621423412926372, 47.130766218888638 ], [ 26.621439060917087, 47.130804828497531 ], [ 26.621546531253308, 47.130990296474387 ], [ 26.621639135078844, 47.131173501314429 ], [ 26.621678569126576, 47.131251517735613 ], [ 26.621728028946098, 47.131378964549846 ], [ 26.62188589842215, 47.131546333210586 ], [ 26.622318385713751, 47.131793009898743 ], [ 26.622598835131519, 47.132013014013381 ], [ 26.622603028429726, 47.132152101395896 ], [ 26.62243771674633, 47.132371836942006 ], [ 26.62163487169153, 47.132839032170786 ], [ 26.621254593537298, 47.133044794180442 ], [ 26.62099052076616, 47.1331612155331 ], [ 26.620325750778445, 47.133418511658462 ], [ 26.620259263984625, 47.133414891772425 ], [ 26.619948073720568, 47.13339794985589 ], [ 26.619526949798811, 47.133375020965801 ], [ 26.619322049263218, 47.133405520449294 ], [ 26.618891095196034, 47.13358212841662 ], [ 26.618698519880962, 47.133710457107327 ], [ 26.618587141059681, 47.133818551729469 ], [ 26.618340281208877, 47.133974199163539 ], [ 26.618210656279942, 47.134110811355164 ], [ 26.618049989246845, 47.134273946635233 ], [ 26.617881199646419, 47.134347505126513 ], [ 26.617878932548113, 47.134348493274516 ], [ 26.61780723375503, 47.134379739520298 ], [ 26.617760271770397, 47.134396008042849 ], [ 26.617758861170309, 47.13439649654547 ], [ 26.617637816051204, 47.13443842839775 ], [ 26.61717202895224, 47.134559533807078 ], [ 26.617057447844907, 47.134561136613584 ], [ 26.616643272040875, 47.134643957537975 ], [ 26.616295252339146, 47.134702914165118 ], [ 26.616027776351327, 47.134748225819841 ], [ 26.615827612438068, 47.134820097366067 ], [ 26.615750562059038, 47.134847763289272 ], [ 26.615709566313246, 47.134868636104692 ], [ 26.615574933872747, 47.134937183611832 ], [ 26.615239855310474, 47.135048711292178 ], [ 26.615020556300262, 47.135117455868667 ], [ 26.614901076637391, 47.135154909253629 ], [ 26.614643830883434, 47.13526956765363 ], [ 26.614324617073976, 47.135411844454573 ], [ 26.613957094369162, 47.135594636890687 ], [ 26.613878243492866, 47.135639410857159 ], [ 26.613693541591598, 47.135744291814312 ], [ 26.613445273256239, 47.135641225654851 ], [ 26.612670898078139, 47.135264932948509 ], [ 26.611962160815999, 47.134920527823077 ], [ 26.611903593295228, 47.134945143362792 ], [ 26.611724396505522, 47.135037093506682 ], [ 26.611603083419755, 47.135165759009105 ], [ 26.611578057195029, 47.135219454996303 ], [ 26.611498914726017, 47.135493169944297 ], [ 26.611450995601064, 47.135621457255951 ], [ 26.611447288475347, 47.135631385323762 ], [ 26.611443348059105, 47.135641932961882 ], [ 26.611440402576225, 47.135649819710416 ], [ 26.611422030168988, 47.135699011501778 ], [ 26.611353523159021, 47.135906227081307 ], [ 26.611290448920236, 47.13619655368224 ], [ 26.611201550152881, 47.13684351534225 ], [ 26.611152584227753, 47.137122488423245 ], [ 26.6111292720698, 47.137273278639618 ], [ 26.6110858900667, 47.137553900417444 ], [ 26.611008605153032, 47.137950673451961 ], [ 26.610794308734256, 47.13802540520728 ], [ 26.610630483700284, 47.138084217107021 ], [ 26.610560684595605, 47.138201204853033 ], [ 26.610391314132901, 47.138391929017473 ], [ 26.610343279682183, 47.138477834430304 ], [ 26.610299772201508, 47.138555643937664 ], [ 26.610253513371276, 47.138671734946406 ], [ 26.610232394022827, 47.138724731928662 ], [ 26.610141823281925, 47.138856634769603 ], [ 26.609958161382401, 47.139164815097232 ], [ 26.609909563404269, 47.13926723826102 ], [ 26.609869150748725, 47.139352410188287 ], [ 26.609769672589131, 47.139615935521192 ], [ 26.609738575824338, 47.139699444527075 ], [ 26.609736489771791, 47.139705043824364 ], [ 26.609723457569572, 47.139740040477889 ], [ 26.609648069836368, 47.140018138817432 ], [ 26.60963359948736, 47.140142754549878 ], [ 26.609618838952326, 47.140344578649568 ], [ 26.609622414765834, 47.140464152032564 ], [ 26.609671324829769, 47.140661007543279 ], [ 26.609707650523564, 47.140810829229878 ], [ 26.609743976398047, 47.140960649996622 ], [ 26.609811092900344, 47.141136131580673 ], [ 26.609890459694832, 47.141309218394611 ], [ 26.610002722776485, 47.141519840078502 ], [ 26.610118174867615, 47.141668559677321 ], [ 26.610232422335333, 47.141825565383165 ], [ 26.610275687661666, 47.141885022671602 ], [ 26.610448532393953, 47.142066486397368 ], [ 26.610605972792115, 47.142219589837978 ], [ 26.610671402964915, 47.142266042063362 ], [ 26.610829083152119, 47.142377988968747 ], [ 26.611018377146628, 47.142500831778548 ], [ 26.611231983152933, 47.142645695627778 ], [ 26.61153571177676, 47.14286718109733 ], [ 26.611945711449671, 47.143052788253435 ], [ 26.612118388931805, 47.143129736133204 ], [ 26.612291072232249, 47.1432066854751 ], [ 26.61226903199076, 47.143233642023468 ], [ 26.612254479132712, 47.143251436543764 ], [ 26.612233957819178, 47.143276538247413 ], [ 26.612293677719322, 47.143293616429204 ], [ 26.612628159975081, 47.143345480782848 ], [ 26.612999573755211, 47.143527695092295 ], [ 26.613258145828457, 47.14365453603012 ], [ 26.613469859643796, 47.14377978100071 ], [ 26.613498760105962, 47.143796877482728 ], [ 26.613588641208104, 47.143934426690336 ], [ 26.613563041215127, 47.144112442530847 ], [ 26.613494471599733, 47.144285087403055 ], [ 26.61345615410298, 47.144393452415883 ], [ 26.613384629342594, 47.14459572974912 ], [ 26.613281481317653, 47.144797190460139 ], [ 26.613201492986985, 47.144982176815553 ], [ 26.613165492901981, 47.145116855330038 ], [ 26.613169596907046, 47.145253727454353 ], [ 26.6131997130991, 47.14546921064116 ], [ 26.613255107459288, 47.145647650008584 ], [ 26.613296733991142, 47.145761366668005 ], [ 26.613393719015971, 47.145961277143769 ], [ 26.613513535404152, 47.146155340054072 ], [ 26.61356306958881, 47.146248229915614 ], [ 26.613564425060293, 47.14625077343598 ], [ 26.61364535353588, 47.14640253366489 ], [ 26.613692138464664, 47.146506240627957 ], [ 26.613515248241796, 47.14661555253911 ], [ 26.613458678083902, 47.146664959910289 ], [ 26.613458000794619, 47.146665550588729 ], [ 26.613343222876907, 47.146765794374723 ], [ 26.613247519501069, 47.146827237271459 ], [ 26.613244579792784, 47.146829124539614 ], [ 26.613139716765154, 47.146896448035221 ], [ 26.613050361744108, 47.147006250052868 ], [ 26.613047171729846, 47.147010170603032 ], [ 26.613043046801614, 47.147015238758286 ], [ 26.613039953495193, 47.147019041893444 ], [ 26.612920344087605, 47.147157372609414 ], [ 26.612693749950779, 47.147430127256932 ], [ 26.612661537120221, 47.14747079817127 ], [ 26.612661056797478, 47.14747140499184 ], [ 26.61260401520261, 47.14754342425131 ], [ 26.612381610388891, 47.14777388009766 ], [ 26.612234896882413, 47.147918797965595 ], [ 26.612060014043067, 47.148048353195762 ], [ 26.611836258705008, 47.148136205830333 ], [ 26.61176331416701, 47.148141687173769 ], [ 26.61157965333414, 47.148155487619626 ], [ 26.611376476402526, 47.148113393137045 ], [ 26.61114436347583, 47.14806530262927 ], [ 26.610708085555284, 47.147899933828974 ], [ 26.610643893109629, 47.147883435369494 ], [ 26.610380116659652, 47.147887109590208 ], [ 26.610120389881533, 47.147918760639598 ], [ 26.609980086545118, 47.147968833830078 ], [ 26.609839895240551, 47.148018869298248 ], [ 26.609652750920421, 47.14805447878144 ], [ 26.609634499501393, 47.148057951211541 ], [ 26.609445393131665, 47.148093934067916 ], [ 26.609283116480178, 47.148144644268982 ], [ 26.609056236107165, 47.148165194609945 ], [ 26.608876098278511, 47.148227335556761 ], [ 26.608680845268797, 47.148262264523154 ], [ 26.608482972240171, 47.148289496419039 ], [ 26.608339139630129, 47.148346620195589 ], [ 26.608285609426204, 47.148385259675905 ], [ 26.608224821316949, 47.148429139346383 ], [ 26.608127165432766, 47.148521082540739 ], [ 26.607968687146212, 47.148678514485866 ], [ 26.607842972512156, 47.148795804369186 ], [ 26.607692162865952, 47.148925863830492 ], [ 26.607592230911504, 47.149008427909301 ], [ 26.607590767505798, 47.14900963680045 ], [ 26.607537387456407, 47.149053739691659 ], [ 26.607343757318812, 47.149264903699589 ], [ 26.607263077554457, 47.149366658306178 ], [ 26.607158076264099, 47.149507262082444 ], [ 26.607048955102115, 47.149631772855763 ], [ 26.607017616881624, 47.149656737771188 ], [ 26.606966418288099, 47.149697523346049 ], [ 26.606833717554942, 47.149792391601999 ], [ 26.606780074625441, 47.149830740400603 ], [ 26.606645670085275, 47.149961812957692 ], [ 26.606424719132956, 47.150189928869203 ], [ 26.606331878321889, 47.150289409861955 ], [ 26.606264530044339, 47.150336679792531 ], [ 26.606192829521682, 47.150387003543315 ], [ 26.606045217102455, 47.150478554651094 ], [ 26.605873261142214, 47.150595189838235 ], [ 26.605623864555763, 47.150761091498133 ], [ 26.605279120538295, 47.150857815381478 ], [ 26.605019734572259, 47.150948380566952 ], [ 26.60492068271002, 47.150982090878742 ], [ 26.604681006937419, 47.151063653426583 ], [ 26.604386495556273, 47.151196946947216 ], [ 26.604163642434496, 47.151384085852762 ], [ 26.604059969406126, 47.151452446921624 ], [ 26.60397536977775, 47.151508233208467 ], [ 26.603645416250405, 47.151354612314044 ], [ 26.603449356496281, 47.151263328552837 ], [ 26.602941195379017, 47.151001471454713 ], [ 26.602416993638602, 47.150715162963088 ], [ 26.602436828602585, 47.150746707001538 ], [ 26.602438289162848, 47.150749028755115 ], [ 26.602474305443195, 47.150806301222381 ], [ 26.602511120743866, 47.150868346464634 ], [ 26.602515611382422, 47.150875913930861 ], [ 26.60252885415516, 47.150898229021642 ], [ 26.602406179697294, 47.151085535254467 ], [ 26.602200634559082, 47.15123528694685 ], [ 26.602048599547576, 47.151362568398632 ], [ 26.601944290978842, 47.151465888132435 ], [ 26.601852710841751, 47.151629907995172 ], [ 26.60181322418828, 47.15177084064571 ], [ 26.601847621551975, 47.151948021899024 ], [ 26.601929347510819, 47.152186663814668 ], [ 26.601934243018015, 47.152351055625893 ], [ 26.601971593185088, 47.152513493435556 ], [ 26.601975506223631, 47.152644924681475 ], [ 26.601941891878671, 47.152774366504552 ], [ 26.601877878196881, 47.152866492144305 ], [ 26.601845852448974, 47.152912587151448 ], [ 26.60167235724785, 47.153009489044351 ], [ 26.60146475874172, 47.15313403571416 ], [ 26.601276830292935, 47.153240997922119 ], [ 26.600997698604424, 47.153436875104752 ], [ 26.600859635917566, 47.153533760183223 ], [ 26.60073965686589, 47.153655826462192 ], [ 26.600690036173795, 47.153706310654371 ], [ 26.600423701673655, 47.153931139725117 ], [ 26.600212438727311, 47.154110481430038 ], [ 26.600119262044725, 47.154221096841376 ], [ 26.600093873381791, 47.15428913561464 ], [ 26.600061944101729, 47.15437470071705 ], [ 26.600027430404502, 47.154499414541263 ], [ 26.600012512935713, 47.154671066808625 ], [ 26.600053262905451, 47.154778006906405 ], [ 26.600172861949666, 47.154943759713127 ], [ 26.60042111904794, 47.155151215559783 ], [ 26.60080862676471, 47.155328478190498 ], [ 26.601032590796105, 47.155468867741803 ], [ 26.601398792559728, 47.155679038540804 ], [ 26.601475103794606, 47.155794840991923 ], [ 26.601642394842269, 47.156064291139629 ], [ 26.601761223952927, 47.156203963552251 ], [ 26.601735566413062, 47.156626101335085 ], [ 26.601772824710316, 47.1567457600202 ], [ 26.601802928053122, 47.156842446095027 ], [ 26.601885750566531, 47.156984628028709 ], [ 26.601891751558192, 47.156994929548162 ], [ 26.602007707527967, 47.157193991999037 ], [ 26.602107310051956, 47.157393027184455 ], [ 26.602110272099917, 47.157398945038445 ], [ 26.602186860165318, 47.157551989154172 ], [ 26.602397534926347, 47.157529771635126 ], [ 26.602571623265248, 47.157511411378813 ], [ 26.602845360781984, 47.157517378418895 ], [ 26.602917935598185, 47.157524490636575 ], [ 26.602997667408548, 47.15753230524971 ], [ 26.603224406394229, 47.157566787474515 ], [ 26.603340906974996, 47.157586116010037 ], [ 26.603341815001471, 47.157586266270108 ], [ 26.60335036515718, 47.157587685348879 ], [ 26.603354807237821, 47.157588421813458 ], [ 26.603359884312702, 47.157589264638169 ], [ 26.603361050841212, 47.157589458099658 ], [ 26.60340210875966, 47.157596270146705 ], [ 26.603548965728667, 47.157602753201488 ], [ 26.603856298601329, 47.15758429221804 ], [ 26.604162261279399, 47.157611368436775 ], [ 26.604287364031784, 47.15769944362367 ], [ 26.604427612015481, 47.157776177105504 ], [ 26.604514985068327, 47.157825676992161 ], [ 26.604519636833789, 47.15782831252649 ], [ 26.604777945092291, 47.1579746513411 ], [ 26.604933666738578, 47.158068750139066 ], [ 26.604968872689835, 47.158090024998188 ], [ 26.605376249215517, 47.15832166227603 ], [ 26.605442844652476, 47.158347377719451 ], [ 26.605742709840172, 47.158463171990711 ], [ 26.606110077301164, 47.158594342684331 ], [ 26.606110203957389, 47.158594387710998 ], [ 26.606119222302691, 47.158597607635606 ], [ 26.606122670194704, 47.158598839157719 ], [ 26.606128809970091, 47.158601031087713 ], [ 26.606171407150708, 47.158616240426554 ], [ 26.606351039874546, 47.158657849797883 ], [ 26.606530672872843, 47.158699458887824 ], [ 26.607049691393911, 47.158813919710738 ], [ 26.607223901672487, 47.158846530240979 ], [ 26.607238881846712, 47.15884933521437 ], [ 26.607395663474435, 47.158878683294446 ], [ 26.607859127693292, 47.159037474840481 ], [ 26.607930893809662, 47.159069691272222 ], [ 26.607994303608059, 47.159098156833089 ], [ 26.608152977383956, 47.159230125690044 ], [ 26.608344291553081, 47.159418790131333 ], [ 26.608515294380297, 47.159597796604146 ], [ 26.608663347714014, 47.159739850880392 ], [ 26.608838214687147, 47.159926257356453 ], [ 26.608949283214333, 47.160048948152721 ], [ 26.60902176505541, 47.160138456685509 ], [ 26.609027934206267, 47.160146075208999 ], [ 26.609100497118892, 47.160235683332765 ], [ 26.609105846039338, 47.160414508868811 ], [ 26.609112532264565, 47.160638041222221 ], [ 26.609120927265973, 47.160918697745053 ], [ 26.609126009378876, 47.161088598060751 ], [ 26.609052770655886, 47.161211367337266 ], [ 26.608940176999972, 47.161342141976 ], [ 26.60874536493894, 47.161462875842915 ], [ 26.608478218124898, 47.161551941967637 ], [ 26.608474252722743, 47.161553263940334 ], [ 26.608325399921352, 47.161602892092375 ], [ 26.608056675937913, 47.161701774488336 ], [ 26.607913998743165, 47.161754275424798 ], [ 26.607443496722432, 47.161940653138025 ], [ 26.607159440413408, 47.162060140639852 ], [ 26.60692383743282, 47.16219571692735 ], [ 26.606878463812588, 47.162221825888381 ], [ 26.606590723709957, 47.162461874287352 ], [ 26.60633949152243, 47.162705136071715 ], [ 26.606248205553651, 47.1628182193543 ], [ 26.606123566844506, 47.162972760920098 ], [ 26.605968004673553, 47.163165090220694 ], [ 26.605937505511648, 47.163258514853176 ], [ 26.605904092447258, 47.163463434383111 ], [ 26.605911825177675, 47.163722447135562 ], [ 26.605897194449241, 47.163747121055678 ], [ 26.605888057446588, 47.163762535181803 ], [ 26.605951394707116, 47.163897958656733 ], [ 26.605985845058743, 47.163989090296418 ], [ 26.605987808840453, 47.163994286831333 ], [ 26.60599118051384, 47.164003204873225 ], [ 26.605991731992756, 47.16400466466699 ], [ 26.606024810319557, 47.164092166959456 ], [ 26.60604306916596, 47.16415255488829 ], [ 26.606043815636092, 47.164155022365563 ], [ 26.606070981476304, 47.164244867766079 ], [ 26.606111929066561, 47.164326710328957 ], [ 26.606112114328777, 47.164327082941419 ], [ 26.60613791172085, 47.164378646909242 ], [ 26.606184666868405, 47.164416226857632 ], [ 26.60630086115334, 47.164509625751002 ], [ 26.60644697348323, 47.164656219068192 ], [ 26.606450444140677, 47.164659701378071 ], [ 26.606450982693801, 47.164660241829537 ], [ 26.606457207311706, 47.1646664876274 ], [ 26.60645955325986, 47.164668841110256 ], [ 26.606464326748416, 47.164673629717136 ], [ 26.606476737860223, 47.164686081353068 ], [ 26.60667971905858, 47.164848441093852 ], [ 26.606897635261362, 47.164985499605592 ], [ 26.607032519839763, 47.165078044232978 ], [ 26.607190347789693, 47.165126219277873 ], [ 26.607404262295113, 47.165182879900428 ], [ 26.607705845388548, 47.165248970505189 ], [ 26.607946119180571, 47.165282545598693 ], [ 26.608246976768925, 47.16532450614924 ], [ 26.608441263556216, 47.165348850665886 ], [ 26.608445241445231, 47.165349348669388 ], [ 26.608685545786585, 47.165379458763304 ], [ 26.609105187186572, 47.165427574254679 ], [ 26.609107371039087, 47.165500530511864 ], [ 26.609072891659366, 47.165713456180093 ], [ 26.609040322398023, 47.165902747345541 ], [ 26.609001848187482, 47.166138089418418 ], [ 26.609007643423556, 47.166331816834649 ], [ 26.609059416958416, 47.166480179160011 ], [ 26.609107829199758, 47.166537343485331 ], [ 26.609110145873451, 47.166540078805298 ], [ 26.609113687923259, 47.166544261827553 ], [ 26.609114977539136, 47.166545784212978 ], [ 26.609118411536269, 47.166549839178174 ], [ 26.609161327569737, 47.166600512862473 ], [ 26.609191115610898, 47.166629844180683 ], [ 26.609191927104536, 47.166630642641465 ], [ 26.609192601317407, 47.166631306254224 ], [ 26.609192865033339, 47.166631566204103 ], [ 26.609195234305417, 47.166633898613121 ], [ 26.609200375192763, 47.166638959109981 ], [ 26.609204939775726, 47.166643453601253 ], [ 26.609277347892789, 47.16671474882785 ], [ 26.609349074054194, 47.166798827798644 ], [ 26.609379813576005, 47.166834863175353 ], [ 26.609556456346134, 47.166967722534224 ], [ 26.609777439943585, 47.167112488578297 ], [ 26.609852835930802, 47.167272410669888 ], [ 26.61001405273932, 47.167479594429416 ], [ 26.610138099638021, 47.167592162153042 ], [ 26.610346833609547, 47.167814123126554 ], [ 26.610641138405246, 47.16803613448873 ], [ 26.610682814097697, 47.168138785796643 ], [ 26.61068508598408, 47.168144381934297 ], [ 26.610422284119316, 47.168244948565686 ], [ 26.610216421785644, 47.168301235388824 ], [ 26.609965101002498, 47.168542025166971 ], [ 26.609816692443101, 47.168754050011408 ], [ 26.609523844778153, 47.169189222887212 ], [ 26.607917676393761, 47.168384855726202 ], [ 26.607732620831779, 47.168280896670389 ], [ 26.607277132959734, 47.168269834601595 ], [ 26.60691191581699, 47.168083883112757 ], [ 26.606584703270254, 47.167945263357943 ], [ 26.606377472766123, 47.16791899371799 ], [ 26.606368299227803, 47.167917830938329 ], [ 26.606364228289802, 47.167917315260773 ], [ 26.606205980492209, 47.167897255902119 ], [ 26.605483463392034, 47.167907288751572 ], [ 26.604775565563891, 47.168101140227144 ], [ 26.60437290969486, 47.168274133338521 ], [ 26.604052338614704, 47.168422073632691 ], [ 26.603831984279388, 47.168639091391277 ], [ 26.603593616090066, 47.168958921610553 ], [ 26.603460676744991, 47.169202092431931 ], [ 26.60338833467943, 47.169340464362215 ], [ 26.60333968459274, 47.16956689302485 ], [ 26.603260757304259, 47.169972995109582 ], [ 26.603268124361364, 47.170220122587359 ], [ 26.603026378333475, 47.170596413558584 ], [ 26.602794244962862, 47.170825739508601 ], [ 26.602379702033485, 47.171242393791246 ], [ 26.602217892347813, 47.171479440822672 ], [ 26.602193368517057, 47.171518091674749 ], [ 26.602192214201818, 47.171519912510554 ], [ 26.602147086989593, 47.171591035471224 ], [ 26.602109221217596, 47.171698639648071 ], [ 26.602106338305905, 47.171706831973609 ], [ 26.602082818750823, 47.171773664398081 ], [ 26.602065458624597, 47.171877319917833 ], [ 26.602037771764369, 47.172042637920804 ], [ 26.602020959998669, 47.172288190979756 ], [ 26.602047195458091, 47.172496544301097 ], [ 26.602115099934604, 47.172758981209597 ], [ 26.602205628589182, 47.172986319564259 ], [ 26.602437666960419, 47.173398829554884 ], [ 26.602544093225116, 47.173535306619009 ], [ 26.602549001794635, 47.173541602338616 ], [ 26.60266673692939, 47.173692579059676 ], [ 26.603042976271396, 47.173975591587954 ], [ 26.603329330106675, 47.174135705370482 ], [ 26.60347615677798, 47.174217802799532 ], [ 26.603928305390721, 47.174443320414632 ], [ 26.604134877343082, 47.174535662204505 ], [ 26.604397813217393, 47.17468234051492 ], [ 26.604566807058518, 47.174853924021591 ], [ 26.604584717136024, 47.174948494552581 ], [ 26.60459115430389, 47.175164221575919 ], [ 26.60459420048813, 47.175266306759561 ], [ 26.604705272373206, 47.175472236179253 ], [ 26.604758421522757, 47.175544798170307 ], [ 26.6049408354279, 47.175677683201684 ], [ 26.605058131287617, 47.175825139347836 ], [ 26.605066099528003, 47.176092135487444 ], [ 26.605100554861039, 47.176331431363344 ], [ 26.605181775339858, 47.176612318302013 ], [ 26.605189837698457, 47.176882264145831 ], [ 26.605407940256924, 47.176919963696612 ], [ 26.605442655302323, 47.176925964310783 ], [ 26.605609857350359, 47.176983100433731 ], [ 26.605823467380091, 47.177056094670817 ], [ 26.606292433654176, 47.177211086919627 ], [ 26.607286441517747, 47.177548128368286 ], [ 26.60828045106976, 47.177885156806227 ], [ 26.608437621874966, 47.177930795855588 ], [ 26.608509604384828, 47.177951697602481 ], [ 26.608596787511225, 47.177822522148745 ], [ 26.60885250607042, 47.177909657203287 ], [ 26.60901522216146, 47.177941845769574 ], [ 26.609030836462345, 47.177944935021088 ], [ 26.609047552505558, 47.177948241970739 ], [ 26.609060420412806, 47.177950788206346 ], [ 26.609066341962826, 47.17795195913623 ], [ 26.609071658227254, 47.177953010726284 ], [ 26.609228024344514, 47.17798394585266 ], [ 26.609015052686292, 47.17839579909235 ], [ 26.609595534763574, 47.178327900463323 ], [ 26.609751748650478, 47.17830962762789 ], [ 26.609915973250676, 47.17832100766887 ], [ 26.610106985346622, 47.178375497215441 ], [ 26.610270136388898, 47.178411737516704 ], [ 26.610594018540418, 47.178504112488916 ], [ 26.610409188996446, 47.178794951613263 ], [ 26.610377949126789, 47.178844109213621 ], [ 26.610162076628065, 47.179403691449274 ], [ 26.610500060802298, 47.179516388520661 ], [ 26.611064282034047, 47.179734637833775 ], [ 26.611168974231653, 47.179777956826378 ], [ 26.611374229077278, 47.179862886808586 ], [ 26.611429035510184, 47.179883568090908 ], [ 26.61179969769837, 47.180023434743823 ], [ 26.612273053677907, 47.180201946826855 ], [ 26.612642258354693, 47.180340763145232 ], [ 26.612827435989566, 47.180410387323647 ], [ 26.613321492890059, 47.180610969953925 ], [ 26.613554079414772, 47.180700594674143 ], [ 26.613752863044269, 47.180777195646613 ], [ 26.613786656104111, 47.180790217267472 ], [ 26.614048432759915, 47.180929596783074 ], [ 26.614529514462099, 47.181185742206743 ], [ 26.613957873181796, 47.181167583503395 ], [ 26.613472905227638, 47.18125275153259 ], [ 26.613417249816077, 47.181273508920818 ], [ 26.613192161252915, 47.181357458833695 ], [ 26.613135412024274, 47.18137862451804 ], [ 26.61259180593099, 47.18165638217706 ], [ 26.612588182675939, 47.181770967177577 ], [ 26.612578385947621, 47.182080103924719 ], [ 26.612571167525694, 47.18230801388453 ], [ 26.612465762620936, 47.182442525106481 ], [ 26.612139711748164, 47.182519020817438 ], [ 26.611224734728609, 47.182461691149918 ], [ 26.612202270535938, 47.182645549288495 ], [ 26.614995472074252, 47.18353990716669 ], [ 26.615887428171341, 47.183786407156198 ], [ 26.615461488281124, 47.184431275565849 ], [ 26.615214502087603, 47.184688590008356 ], [ 26.611151974424434, 47.190084308593327 ], [ 26.610492837489971, 47.19157659149041 ], [ 26.609402413160193, 47.192107692925362 ], [ 26.608945093438816, 47.192506673378411 ], [ 26.6086957151349, 47.192724247421921 ], [ 26.608579261339795, 47.192901167740921 ], [ 26.608344374950661, 47.193403326812167 ], [ 26.608332442054039, 47.193819251814858 ], [ 26.608556816357112, 47.194294610254943 ], [ 26.608895949228579, 47.194806466152663 ], [ 26.609326414098078, 47.195456173562512 ], [ 26.609454964162762, 47.195910523217414 ], [ 26.60949181267538, 47.196327298845958 ], [ 26.60940078915948, 47.196660218536451 ], [ 26.609309764811858, 47.19699314711638 ], [ 26.609085999991962, 47.197128203146164 ], [ 26.608488423811423, 47.197488869305602 ], [ 26.607750272363543, 47.198080859482396 ], [ 26.607101377519818, 47.198601247045133 ], [ 26.606699326253462, 47.199018424320485 ], [ 26.606197513312249, 47.199769582732799 ], [ 26.60552150466069, 47.199482432495202 ], [ 26.603898199298186, 47.198792868523334 ], [ 26.603651196675024, 47.199095634132647 ], [ 26.60264160321373, 47.199021076137797 ], [ 26.599217450045924, 47.198768137172237 ], [ 26.594360573964323, 47.198045996227137 ], [ 26.593682923534267, 47.197983145255293 ], [ 26.590543703993767, 47.199011552355138 ], [ 26.594185124801839, 47.200828396145461 ], [ 26.598779489627567, 47.203043166908948 ], [ 26.59679691798209, 47.203226186956471 ], [ 26.595620307230384, 47.203618939826796 ], [ 26.59451250296582, 47.204095667704465 ], [ 26.593685716488622, 47.204695630561964 ], [ 26.593619453154822, 47.204743714311 ], [ 26.593876523720862, 47.205803919424213 ], [ 26.593735052780367, 47.20635875150311 ], [ 26.592725424295036, 47.207573318946075 ], [ 26.591025254183432, 47.2089669702275 ], [ 26.589763389263407, 47.209201865959152 ], [ 26.588476998533501, 47.209724001789397 ], [ 26.586765123552983, 47.210885237092839 ], [ 26.586537162522017, 47.211104021580923 ], [ 26.58653713298937, 47.211104049876838 ], [ 26.585809313224857, 47.211802558391433 ], [ 26.584853469010064, 47.212719870811803 ], [ 26.582368091331436, 47.213810818528565 ], [ 26.580724939911704, 47.214688917937707 ], [ 26.575967214035526, 47.217482334601598 ], [ 26.5749835708266, 47.218059803278919 ], [ 26.574537399397631, 47.21832172998387 ], [ 26.57417099835871, 47.218536825118541 ], [ 26.574167555737844, 47.218543629634162 ], [ 26.573614640371098, 47.219636055214124 ], [ 26.572734067515324, 47.221375757933359 ], [ 26.570827841818328, 47.223680544340709 ], [ 26.569118580952733, 47.224328173138751 ], [ 26.568064585655581, 47.225102087785935 ], [ 26.567519730177327, 47.226171666173094 ], [ 26.567270555145694, 47.228312298440351 ], [ 26.566581075204645, 47.229605911381583 ], [ 26.566514791813152, 47.233585593815945 ], [ 26.566409096364708, 47.2338899620025 ], [ 26.566303399739105, 47.234194330066309 ], [ 26.565830896440634, 47.234730718399355 ], [ 26.564015164125106, 47.235685666886631 ], [ 26.563333140596967, 47.236360703107323 ], [ 26.561132994379108, 47.238538158626355 ], [ 26.559142494403574, 47.238519538811921 ], [ 26.558700565032861, 47.238589864827951 ], [ 26.557094169638361, 47.239223047830116 ], [ 26.553445879265251, 47.242091690842194 ], [ 26.550502137379432, 47.24369129633245 ], [ 26.546135486604729, 47.245508007556431 ], [ 26.541953378105966, 47.249836242124751 ], [ 26.540073606876053, 47.251168068096149 ], [ 26.537847097784262, 47.251366650534976 ], [ 26.535601652811167, 47.251354266207699 ], [ 26.533494789717608, 47.251883270463296 ], [ 26.533035646475057, 47.253256059990974 ], [ 26.531899561844149, 47.2549289823924 ], [ 26.53102173623834, 47.255720418137059 ], [ 26.530167686357725, 47.255892844882489 ], [ 26.529039604764613, 47.256120590327605 ], [ 26.527865132803679, 47.256224510358265 ], [ 26.527367851245543, 47.256909589374402 ], [ 26.526898810356965, 47.257927141290189 ], [ 26.526117529512025, 47.258539144845258 ], [ 26.524717987037128, 47.258557587349756 ], [ 26.523764407363377, 47.258570143470905 ], [ 26.522266808112999, 47.259368317427779 ], [ 26.522280694573549, 47.260249438947753 ], [ 26.521504181674878, 47.260807042576168 ], [ 26.519231718932136, 47.262438747988568 ], [ 26.517728248928744, 47.263354616407916 ], [ 26.515212815068473, 47.266373252670981 ], [ 26.511950468923796, 47.268725411111802 ], [ 26.510390364969219, 47.269850144194365 ], [ 26.50781051921815, 47.271709896469346 ], [ 26.507888689377179, 47.271760744888283 ], [ 26.508491132165577, 47.27215262078569 ], [ 26.510696971645825, 47.273587393950038 ], [ 26.512106568857405, 47.274504193461311 ], [ 26.512285254948331, 47.274637326949104 ], [ 26.512511916274487, 47.274806203842921 ], [ 26.513547662794327, 47.275577879193932 ], [ 26.514864481561091, 47.276619165202021 ], [ 26.515259953006144, 47.276867852483356 ], [ 26.518377818338795, 47.279117155454145 ], [ 26.522275758025625, 47.282024311865584 ], [ 26.527175274768002, 47.285821937993198 ], [ 26.531226792760862, 47.288869429034328 ], [ 26.532515742192079, 47.289897846300384 ], [ 26.533892767458042, 47.290996480835616 ], [ 26.535492815713038, 47.292244870877092 ], [ 26.535783136283047, 47.292457141005883 ], [ 26.536446986104501, 47.292942526760015 ], [ 26.536806423444759, 47.293212059283171 ], [ 26.5375490814058, 47.293740836800865 ], [ 26.541984072691502, 47.296898260593373 ], [ 26.541629092944014, 47.297830992185531 ], [ 26.541758602676065, 47.297914611206707 ], [ 26.546293012609066, 47.300841830752873 ], [ 26.5465359849503, 47.300600919413306 ], [ 26.546618308391626, 47.300455908131468 ], [ 26.54666532751407, 47.300197991312061 ], [ 26.548467007371791, 47.30152402992983 ], [ 26.551263821200429, 47.299709005533536 ], [ 26.553028481527377, 47.298535218202069 ], [ 26.557767672087159, 47.295382454115519 ], [ 26.562897476484835, 47.292420643885031 ], [ 26.563028383985209, 47.292532452492296 ], [ 26.56309117312297, 47.292586080532629 ], [ 26.563153962386629, 47.292639708537202 ], [ 26.5631982913273, 47.292731417207271 ], [ 26.563167042737486, 47.292834312461792 ], [ 26.562769985212785, 47.29316983571627 ], [ 26.563061439527349, 47.293551297456354 ], [ 26.56315063672378, 47.293808481161982 ], [ 26.563226643307125, 47.293888129339564 ], [ 26.563418150047294, 47.293954693295326 ], [ 26.563526731973571, 47.294134215636909 ], [ 26.563768379062488, 47.294533711805954 ], [ 26.564210119304956, 47.294936631659688 ], [ 26.564302133360759, 47.295497129864472 ], [ 26.564112910788829, 47.296658282063184 ], [ 26.566344459712614, 47.296826571272753 ], [ 26.567083955469432, 47.296907029356859 ], [ 26.567584839861205, 47.297483493553869 ], [ 26.568023035185554, 47.297370157618388 ], [ 26.569058761908479, 47.297102257938974 ], [ 26.569911854186557, 47.296860837335863 ], [ 26.569944565436987, 47.29704165209138 ], [ 26.569977276916074, 47.297222466824167 ], [ 26.570505163195246, 47.29909244240654 ], [ 26.570957031003498, 47.300926487043306 ], [ 26.571389993849962, 47.302413789104648 ], [ 26.572610520921781, 47.303928525714625 ], [ 26.573102487391068, 47.304685741584237 ], [ 26.57379553007981, 47.305752383642698 ], [ 26.574179840393175, 47.306235576790151 ], [ 26.57421687058633, 47.306415476471223 ], [ 26.573887343191558, 47.306994505919064 ], [ 26.573583061627826, 47.307093484306321 ], [ 26.572827594050096, 47.307339236198047 ], [ 26.57227380180359, 47.307468859384677 ], [ 26.571778052178153, 47.30761078248436 ], [ 26.57122841479789, 47.307838966604479 ], [ 26.570853045244508, 47.308073943288065 ], [ 26.570257323290299, 47.308413452697593 ], [ 26.570013467357764, 47.308581614964631 ], [ 26.569878971955465, 47.308734745324109 ], [ 26.56977042232235, 47.308858320426687 ], [ 26.56953349156797, 47.308974917397236 ], [ 26.569316551237748, 47.309117405539119 ], [ 26.569136494076059, 47.309316082044084 ], [ 26.5689581510306, 47.309573789633383 ], [ 26.568790606034373, 47.309761221063155 ], [ 26.568585031350118, 47.309991182048606 ], [ 26.56826622572596, 47.31027138421679 ], [ 26.568009577091527, 47.310496952495015 ], [ 26.567755641386785, 47.310690086201873 ], [ 26.567563167593764, 47.310792995944446 ], [ 26.567277084574386, 47.310887104741475 ], [ 26.567114298952294, 47.310958555257244 ], [ 26.566927481468284, 47.311040550949933 ], [ 26.566800341595354, 47.311056251836071 ], [ 26.566583863325473, 47.311082976415499 ], [ 26.566341817106011, 47.311094850880203 ], [ 26.566099770509791, 47.311106715846478 ], [ 26.565898034082615, 47.311199275818858 ], [ 26.565637805449242, 47.311318671650369 ], [ 26.565188549571545, 47.311486720717582 ], [ 26.564995696037556, 47.311592744104139 ], [ 26.564830378123862, 47.311704935766009 ], [ 26.564663426421514, 47.311842286111485 ], [ 26.56448769597981, 47.312011090383095 ], [ 26.564286409440587, 47.312204440718951 ], [ 26.564187671439015, 47.312335354046937 ], [ 26.564162824777092, 47.312425395945787 ], [ 26.564159875962599, 47.312574952346324 ], [ 26.5642005016247, 47.312837305997164 ], [ 26.56415594147348, 47.312958068012193 ], [ 26.564021399220653, 47.313116877674844 ], [ 26.56396279227555, 47.313242264658982 ], [ 26.563917404429333, 47.313773351209193 ], [ 26.563839447131453, 47.314286802963885 ], [ 26.563728315040063, 47.314761458757509 ], [ 26.563677695001154, 47.314894061002562 ], [ 26.563627074715637, 47.315026663220522 ], [ 26.563536805528063, 47.315078560282664 ], [ 26.563392395082577, 47.315005416670417 ], [ 26.562917790440547, 47.314765024690658 ], [ 26.562689645235661, 47.314654182022956 ], [ 26.56239653737045, 47.314511777548319 ], [ 26.561043762342941, 47.31370202699032 ], [ 26.560411180318329, 47.313354612837458 ], [ 26.56005190409299, 47.313157294420087 ], [ 26.559581396924944, 47.312898883395562 ], [ 26.558395029386013, 47.312247288026832 ], [ 26.556313807626662, 47.311104138322754 ], [ 26.556261458381922, 47.311063242691986 ], [ 26.555394005924423, 47.310635820880066 ], [ 26.555328124945934, 47.310550431531425 ], [ 26.555121312384873, 47.310415169153607 ], [ 26.554893637981174, 47.310300016148823 ], [ 26.554037085662806, 47.309866779853252 ], [ 26.553328754920184, 47.309490202714827 ], [ 26.55298990671265, 47.309283374079115 ], [ 26.552539530012147, 47.309048355726588 ], [ 26.552398141910967, 47.308994111355311 ], [ 26.550524801074229, 47.309855925451004 ], [ 26.550690388495127, 47.310069394979472 ], [ 26.550748811259322, 47.310210349737353 ], [ 26.550768603129942, 47.310330869252212 ], [ 26.550760910302774, 47.310443495074104 ], [ 26.550851081200694, 47.310706745270728 ], [ 26.550933256953954, 47.310826890043451 ], [ 26.551031582765425, 47.311001253102795 ], [ 26.551177002551047, 47.31116865978175 ], [ 26.551322421901506, 47.311336065380601 ], [ 26.551619900207594, 47.311549891049019 ], [ 26.551914127730129, 47.311788410502793 ], [ 26.551850033380251, 47.311879641250769 ], [ 26.551660271928906, 47.312046328578852 ], [ 26.551474786456012, 47.312205401063508 ], [ 26.551351587207392, 47.312334129784396 ], [ 26.551250709747965, 47.312427427258939 ], [ 26.550897415661005, 47.312590995299487 ], [ 26.549732385860231, 47.313147275902111 ], [ 26.549867158962332, 47.313359926137103 ], [ 26.5500052524499, 47.313483791881183 ], [ 26.550147514497361, 47.313642112127461 ], [ 26.550255540942089, 47.313744195891658 ], [ 26.550332152874308, 47.313797217269638 ], [ 26.550498250505111, 47.313867893337033 ], [ 26.551629953691791, 47.314349432978482 ], [ 26.552910045597383, 47.314871493386022 ], [ 26.552700294471272, 47.31507273661294 ], [ 26.551942838428197, 47.316011954687816 ], [ 26.551111672693544, 47.31696644022049 ], [ 26.550911214620839, 47.31719663460629 ], [ 26.55082483088243, 47.317256338982361 ], [ 26.550691174502767, 47.317348716085 ], [ 26.550567983669424, 47.317388532805559 ], [ 26.550460240351022, 47.317482077787943 ], [ 26.550420713259932, 47.317552264654275 ], [ 26.550367128268871, 47.317737964646732 ], [ 26.550228688122782, 47.317935189661434 ], [ 26.550006535651267, 47.318146115684435 ], [ 26.547475568625831, 47.316913349359382 ], [ 26.545136843527466, 47.315774118546194 ], [ 26.545084655928143, 47.315805148846721 ], [ 26.544928808144114, 47.315897815317896 ], [ 26.544367737925739, 47.316626532283017 ], [ 26.542822570064121, 47.3160089662804 ], [ 26.541277437656994, 47.315391379311464 ], [ 26.540454143932063, 47.316386484248341 ], [ 26.54013144363897, 47.316733857632023 ], [ 26.539557035205952, 47.317352173085197 ], [ 26.539292508595473, 47.317659515501269 ], [ 26.538856837413928, 47.318165694934848 ], [ 26.538606117685053, 47.31848824011449 ], [ 26.538177678291369, 47.318887398838932 ], [ 26.537498834943634, 47.319633778400153 ], [ 26.536654311446107, 47.320624002049762 ], [ 26.536350564397388, 47.321041156067153 ], [ 26.535759272210175, 47.321623258286387 ], [ 26.534866591682164, 47.322670377527075 ], [ 26.534462899817978, 47.323259383670781 ], [ 26.534168282383746, 47.32355639686201 ], [ 26.533708666451986, 47.324083602310075 ], [ 26.532919533248005, 47.324980633864989 ], [ 26.532754085582727, 47.325023437559508 ], [ 26.532614398475207, 47.32518082242845 ], [ 26.532310278346269, 47.325523470264734 ], [ 26.532095256573616, 47.325734604536663 ], [ 26.53198877591359, 47.325876207427029 ], [ 26.531877834889563, 47.325988597722635 ], [ 26.531683100527548, 47.326148930564997 ], [ 26.531482458155295, 47.326356175868845 ], [ 26.531387097322629, 47.326506566604863 ], [ 26.531271037167411, 47.326630116800018 ], [ 26.531141681018816, 47.32681434139031 ], [ 26.531016106183088, 47.326954196615084 ], [ 26.530939043090971, 47.327040022758737 ], [ 26.530528054224771, 47.327497743066381 ], [ 26.530283929010476, 47.327769622023908 ], [ 26.529993331860652, 47.328126154424538 ], [ 26.529753743005234, 47.328420100357249 ], [ 26.529591377023305, 47.328581625885604 ], [ 26.529429010065261, 47.328743151182422 ], [ 26.529161463958065, 47.329062896538368 ], [ 26.528805259744715, 47.329488589543445 ], [ 26.528567943704399, 47.329772198055629 ], [ 26.528320920692394, 47.330042377083096 ], [ 26.528065373684374, 47.330348184832602 ], [ 26.527909532816434, 47.330517554958995 ], [ 26.527623233290143, 47.330828705475682 ], [ 26.527588364293731, 47.330866601096197 ], [ 26.527391143611673, 47.331103480623462 ], [ 26.527043494389609, 47.331521029012265 ], [ 26.526758972794198, 47.331837531041394 ], [ 26.52633115668792, 47.332313424902736 ], [ 26.526034507646461, 47.33263856588038 ], [ 26.525659912636698, 47.333049130628133 ], [ 26.525325440612534, 47.3334157139872 ], [ 26.524941011028609, 47.333837044180335 ], [ 26.524738710705083, 47.334083429361073 ], [ 26.52448746363299, 47.334309428683838 ], [ 26.524163072613511, 47.334723496555164 ], [ 26.523924234020491, 47.334912125875903 ], [ 26.523683573929752, 47.335148229399174 ], [ 26.523430557375093, 47.335507435180894 ], [ 26.523163505063376, 47.335819373220133 ], [ 26.52289645100349, 47.336131311507131 ], [ 26.522717734868468, 47.33640184364365 ], [ 26.522597969444167, 47.336676600145488 ], [ 26.522360627878506, 47.337221084493535 ], [ 26.522137110886845, 47.337824559844748 ], [ 26.522018391395928, 47.338191996352784 ], [ 26.521723811859349, 47.3391036977754 ], [ 26.521581710499991, 47.33946227140256 ], [ 26.52128815590978, 47.340203002921541 ], [ 26.520123539569482, 47.339806555073906 ], [ 26.515535256196042, 47.338244481522608 ], [ 26.516019431578737, 47.337733542325211 ], [ 26.514963740362237, 47.33727126589595 ], [ 26.513908067306016, 47.336808979660447 ], [ 26.513235608403736, 47.336817764804003 ], [ 26.513188634118436, 47.336818376540656 ], [ 26.512915712226636, 47.336824664089363 ], [ 26.512642790211917, 47.336830949196781 ], [ 26.51217520972293, 47.336431480029518 ], [ 26.511259353775319, 47.335649012429897 ], [ 26.510891077984802, 47.335263211148977 ], [ 26.510787300592067, 47.335414375592904 ], [ 26.510615210288513, 47.335665060200739 ], [ 26.510492681534778, 47.335843539553238 ], [ 26.510359527478844, 47.336129072633639 ], [ 26.509858766476238, 47.336816955596603 ], [ 26.509344307434166, 47.337665360512077 ], [ 26.509096147750544, 47.338172554158625 ], [ 26.508599362512385, 47.338937479702288 ], [ 26.508189458226223, 47.339519406296667 ], [ 26.50783830022641, 47.339964727611232 ], [ 26.507553261661783, 47.340411746956903 ], [ 26.507268218374673, 47.340858765553563 ], [ 26.507057912038164, 47.341227994119684 ], [ 26.506327965052691, 47.342509464512318 ], [ 26.50615026219285, 47.342704273910506 ], [ 26.505272749278586, 47.344266961568387 ], [ 26.505167493308562, 47.344472154696703 ], [ 26.505195877364638, 47.344588138288685 ], [ 26.504942166202635, 47.344941345512623 ], [ 26.504799182838159, 47.345140388804545 ], [ 26.504445509653483, 47.345632729022071 ], [ 26.504024762610825, 47.346181708233814 ], [ 26.503704587905538, 47.346640944644342 ], [ 26.50346212967035, 47.347087728076758 ], [ 26.503317164595657, 47.347303798460601 ], [ 26.502820857508208, 47.348043552891284 ], [ 26.502627024284202, 47.348483900816255 ], [ 26.502570259046507, 47.348721884388659 ], [ 26.502649343220117, 47.349053010629504 ], [ 26.502405972201462, 47.349739587516432 ], [ 26.502174657429606, 47.350111686879131 ], [ 26.502001641173479, 47.350390005998321 ], [ 26.501977771737938, 47.350476735986817 ], [ 26.501878737988509, 47.350481393334938 ], [ 26.501706291138344, 47.35047392110296 ], [ 26.500981381514269, 47.350442514338098 ], [ 26.500747059677231, 47.350434978501411 ], [ 26.500363174522683, 47.350404206611451 ], [ 26.499951134684107, 47.350347986896217 ], [ 26.499700276385855, 47.350328058881558 ], [ 26.4990699472046, 47.350277980773114 ], [ 26.498605113669395, 47.35022350985718 ], [ 26.498302465010486, 47.350173597485472 ], [ 26.49780527760813, 47.350091598534512 ], [ 26.497316640996626, 47.349974976324432 ], [ 26.496988605904303, 47.349916571989205 ], [ 26.495378594972696, 47.352703499954714 ], [ 26.495550470116225, 47.352769403335955 ], [ 26.49662800399356, 47.353182537418299 ], [ 26.497491852746535, 47.353555284948087 ], [ 26.498405801327756, 47.353903654462066 ], [ 26.499050929693052, 47.354169092249236 ], [ 26.498274717755763, 47.355419766701381 ], [ 26.497706743954669, 47.356249676758424 ], [ 26.498517727035374, 47.356286100087914 ], [ 26.501929717487769, 47.356825170753666 ], [ 26.501333419655666, 47.357836511032509 ], [ 26.500588152424537, 47.359100473015786 ], [ 26.499361324390659, 47.36087028962281 ], [ 26.499038905680241, 47.361399486354408 ], [ 26.498803701448839, 47.361849446678256 ], [ 26.502027060305362, 47.362268081420275 ], [ 26.503281527267692, 47.362371765609112 ], [ 26.504762663754875, 47.362579326509213 ], [ 26.50597003618396, 47.362748511793761 ], [ 26.507566463061, 47.362945038437672 ], [ 26.508264718242536, 47.363045872010296 ], [ 26.508859792825618, 47.363131806172518 ], [ 26.508259846747503, 47.363813353578884 ], [ 26.507546211392157, 47.364112964518441 ], [ 26.50686724733605, 47.364398013683278 ], [ 26.506269227010687, 47.364631095696424 ], [ 26.506169052561482, 47.364705269121799 ], [ 26.505945653395223, 47.364870684662009 ], [ 26.505557411910786, 47.365103906626203 ], [ 26.505202996157458, 47.365316787719536 ], [ 26.505030293274746, 47.365429957181711 ], [ 26.504901189216959, 47.365546248793507 ], [ 26.50480830537407, 47.365660837439073 ], [ 26.504675009350006, 47.36588564468461 ], [ 26.504565758689843, 47.36612738582226 ], [ 26.504396690217206, 47.366417017844931 ], [ 26.504138520272498, 47.366957826877126 ], [ 26.503982978762959, 47.367283673317168 ], [ 26.503808400974709, 47.367649359947769 ], [ 26.503664304052311, 47.368055080891622 ], [ 26.50352796706003, 47.36872517889077 ], [ 26.503522507333525, 47.369207945809848 ], [ 26.503412522662469, 47.369964409333008 ], [ 26.503342131783135, 47.370448558051663 ], [ 26.503194960932692, 47.370680254383679 ], [ 26.503079937099606, 47.370861333383438 ], [ 26.502928870217204, 47.371099143460867 ], [ 26.502789925801871, 47.37131785859674 ], [ 26.502718516005306, 47.371456781061639 ], [ 26.502682680409109, 47.371564726286067 ], [ 26.502654963411821, 47.371648185855697 ], [ 26.502636966599248, 47.371818847932843 ], [ 26.502565704607878, 47.371938084122476 ], [ 26.503359989679399, 47.372035219668255 ], [ 26.503415579833426, 47.371878635089175 ], [ 26.506791228833208, 47.372431658961212 ], [ 26.506661189853705, 47.37254765840666 ], [ 26.506630514264664, 47.3726979560508 ], [ 26.506311440918278, 47.373387722779817 ], [ 26.506165687698886, 47.373885914993288 ], [ 26.50604164326424, 47.374309973010668 ], [ 26.505984281638714, 47.374603822520058 ], [ 26.505919720160986, 47.37493455196617 ], [ 26.505880343416383, 47.375136242024311 ], [ 26.505860933932681, 47.375235706962705 ], [ 26.505760171446408, 47.375377207600657 ], [ 26.505639504789002, 47.375713073899739 ], [ 26.505324468472764, 47.376276312539929 ], [ 26.505111314734418, 47.376703091735102 ], [ 26.504628193369502, 47.377310047270036 ], [ 26.504536856162822, 47.377424794887077 ], [ 26.504467163107751, 47.377562247371827 ], [ 26.50437213440269, 47.377749661954013 ], [ 26.504264092037531, 47.377962732221704 ], [ 26.504133674174437, 47.378124318279234 ], [ 26.503946557939077, 47.378296841818148 ], [ 26.503655746787803, 47.378564965869188 ], [ 26.503380471804689, 47.378884545114893 ], [ 26.503163155676805, 47.379136825466233 ], [ 26.503017242705393, 47.379306222071747 ], [ 26.502771565002796, 47.379476471144734 ], [ 26.502455545338066, 47.379655818231399 ], [ 26.502171139567988, 47.379772454502856 ], [ 26.501357043695389, 47.380073865419234 ], [ 26.501186029499749, 47.380185935670468 ], [ 26.500804265316528, 47.3804361037296 ], [ 26.500490301154919, 47.380601339296433 ], [ 26.500231712433983, 47.38076086427133 ], [ 26.500164509744078, 47.380823800324414 ], [ 26.499741514027374, 47.381259473650999 ], [ 26.499373817075519, 47.381638184446544 ], [ 26.499241738970138, 47.38174281180364 ], [ 26.499172677416635, 47.381788192295865 ], [ 26.499088266855189, 47.381786423141023 ], [ 26.499002842105885, 47.381780132849038 ], [ 26.498936027489282, 47.381790856953856 ], [ 26.498873945956859, 47.381840960081881 ], [ 26.49884806174671, 47.381888130103228 ], [ 26.498778482075579, 47.381929693579572 ], [ 26.498673220089607, 47.381927357066125 ], [ 26.498546880811645, 47.381949943114464 ], [ 26.498378296297954, 47.382018677926261 ], [ 26.498281968468778, 47.382076618463373 ], [ 26.498238338140222, 47.382072864139907 ], [ 26.498148318498838, 47.382032122381467 ], [ 26.498058286005396, 47.381991389715935 ], [ 26.497936042227717, 47.381965854350156 ], [ 26.497828567199647, 47.382014078498273 ], [ 26.497721078484322, 47.3820622937249 ], [ 26.497672688448834, 47.382118435802724 ], [ 26.497675198370182, 47.382172579744264 ], [ 26.497679772800353, 47.382271112276378 ], [ 26.497641721587378, 47.382402240753706 ], [ 26.497570201766077, 47.382438907517518 ], [ 26.497461849622223, 47.382456329945704 ], [ 26.497377562538873, 47.382490696509592 ], [ 26.497271349005661, 47.382571254901869 ], [ 26.497174969247283, 47.38267235991794 ], [ 26.497075804359756, 47.382754428438659 ], [ 26.496881164281948, 47.382828013729977 ], [ 26.496610819082118, 47.382922728115489 ], [ 26.49621322010983, 47.383075671889053 ], [ 26.496031380039312, 47.383185480955191 ], [ 26.495662137154433, 47.383428875496854 ], [ 26.495450988083, 47.383573023207013 ], [ 26.495259623663706, 47.383737876916499 ], [ 26.495073640341914, 47.383872567930453 ], [ 26.494887656083701, 47.384007258644466 ], [ 26.494712561169923, 47.384178504938006 ], [ 26.494757023482702, 47.384289675852877 ], [ 26.494827732354292, 47.384466433878963 ], [ 26.494898441448672, 47.384643182854028 ], [ 26.49483690911606, 47.384794675011655 ], [ 26.494775376691109, 47.384946176122995 ], [ 26.495551435807393, 47.385404455430205 ], [ 26.496055768915401, 47.385702268537436 ], [ 26.496201157999526, 47.38576600273197 ], [ 26.4962145383342, 47.385820959928694 ], [ 26.496193667022176, 47.385877951587709 ], [ 26.496134872805342, 47.385970995455615 ], [ 26.496034547238644, 47.386129736171441 ], [ 26.495900710205749, 47.386263971250138 ], [ 26.495738410620003, 47.386333997329324 ], [ 26.495603348050103, 47.386392264338447 ], [ 26.495438456216082, 47.386463411997561 ], [ 26.495238245522515, 47.386569516157763 ], [ 26.495077108307459, 47.386724281283975 ], [ 26.494928276877225, 47.386908908421553 ], [ 26.494420485992588, 47.387465746935547 ], [ 26.493969371858874, 47.387898485189268 ], [ 26.493498618580361, 47.388320804881694 ], [ 26.493460273993243, 47.388385038264133 ], [ 26.493460601711, 47.388453676435198 ], [ 26.493540706222184, 47.388576920403786 ], [ 26.493683971332278, 47.388758861548233 ], [ 26.493842060644425, 47.388909492996632 ], [ 26.494047539498688, 47.389105260055608 ], [ 26.494298011347858, 47.389276498409245 ], [ 26.494463111643974, 47.389443708920169 ], [ 26.494692386441926, 47.389675927254515 ], [ 26.494771324897432, 47.389755876816231 ], [ 26.494892598292019, 47.389892992166445 ], [ 26.495010186014994, 47.390010560808008 ], [ 26.495025331229815, 47.39014379076788 ], [ 26.494942644898543, 47.390379905465664 ], [ 26.494848486748342, 47.390648761878452 ], [ 26.494701157269677, 47.39094911635447 ], [ 26.494522454184906, 47.391143762849467 ], [ 26.494384400557294, 47.39131161563202 ], [ 26.494289226322969, 47.391373657961942 ], [ 26.494123815325292, 47.391441058697836 ], [ 26.493988018502556, 47.391491587193457 ], [ 26.493946244906493, 47.391525619036763 ], [ 26.493823255056736, 47.391625804193019 ], [ 26.493713327862526, 47.391748293832379 ], [ 26.493557876072671, 47.391897675281498 ], [ 26.493443022176645, 47.391926368993943 ], [ 26.493386987076114, 47.391945488443696 ], [ 26.493289015285967, 47.392004687121656 ], [ 26.493227556087025, 47.392071512136944 ], [ 26.493109537868126, 47.392246860089557 ], [ 26.492986165876218, 47.39234106664432 ], [ 26.493622479918209, 47.392725300517093 ], [ 26.493836403551612, 47.392752466000822 ], [ 26.494050314154222, 47.392779631258875 ], [ 26.494377382690057, 47.39282116210336 ], [ 26.494704451722939, 47.392862692021467 ], [ 26.494990906843466, 47.392915765334415 ], [ 26.495243687075508, 47.392972690911662 ], [ 26.495468403871151, 47.393016213521008 ], [ 26.495777564024891, 47.393130212286572 ], [ 26.49609520258247, 47.393225208440825 ], [ 26.496222198245778, 47.393230294216998 ], [ 26.496603185370173, 47.393245550710063 ], [ 26.496838869241628, 47.393254832850793 ], [ 26.497052245153867, 47.393281225804905 ], [ 26.497198378552667, 47.39331919250278 ], [ 26.497431664986433, 47.3933989459778 ], [ 26.498106282006354, 47.393645007190074 ], [ 26.498374727550665, 47.393726463547409 ], [ 26.498584178919515, 47.393797076595099 ], [ 26.499424663901234, 47.393929250988961 ], [ 26.499659794406323, 47.393969446101984 ], [ 26.49989492525944, 47.394009640735334 ], [ 26.50033089476096, 47.394044977742112 ], [ 26.500786817604666, 47.394112414748541 ], [ 26.501218474610376, 47.394149819441644 ], [ 26.501272625705152, 47.394187085582736 ], [ 26.501490215666653, 47.394336826251035 ], [ 26.501575238345577, 47.394356091901209 ], [ 26.50296887037376, 47.394912509174432 ], [ 26.504204835257688, 47.395405952366801 ], [ 26.506594100451348, 47.396359772993641 ], [ 26.506834534977749, 47.396455752161728 ], [ 26.507758539506266, 47.396822465965492 ], [ 26.511578466742279, 47.398338363844033 ], [ 26.512759653764149, 47.398807062549999 ], [ 26.515919916908363, 47.400060963342682 ], [ 26.517395725713833, 47.400646472020156 ], [ 26.527182297847968, 47.404528362633869 ], [ 26.527463351826622, 47.404639823612122 ], [ 26.527451127510012, 47.404592303913951 ], [ 26.527399743115769, 47.404547009425528 ], [ 26.527313451522271, 47.404448736337159 ], [ 26.527119524095514, 47.40423326385757 ], [ 26.526973312812245, 47.403746866698171 ], [ 26.526852114883663, 47.403471707530144 ], [ 26.526798558980527, 47.403035890889392 ], [ 26.526763443108834, 47.40275014273076 ], [ 26.526778638213038, 47.402517647270209 ], [ 26.526798511254775, 47.40221328111793 ], [ 26.526845350051957, 47.402048552403627 ], [ 26.526800804640047, 47.401848762760636 ], [ 26.526760718147386, 47.401756340101926 ], [ 26.526763203722677, 47.401644365455113 ], [ 26.526769371567738, 47.401367222798612 ], [ 26.52680150265682, 47.401178406503924 ], [ 26.52671219295252, 47.4007757261653 ], [ 26.52670482428324, 47.400636752659956 ], [ 26.526697455656876, 47.40049777914647 ], [ 26.526652473766038, 47.400363353798618 ], [ 26.526658084632963, 47.400262907287534 ], [ 26.526666493433311, 47.400112440030291 ], [ 26.52665295343747, 47.399982152793655 ], [ 26.526686273371279, 47.399852130128444 ], [ 26.526738486464261, 47.399648313208061 ], [ 26.526810526820267, 47.399452115961651 ], [ 26.526936780798415, 47.399108275660957 ], [ 26.527018721008975, 47.398929364848755 ], [ 26.527151395214716, 47.398639660891014 ], [ 26.527432426027687, 47.398231301048703 ], [ 26.527641806426494, 47.397927046207933 ], [ 26.527821659006307, 47.397665706020767 ], [ 26.527969211215382, 47.397451302587967 ], [ 26.528242401200608, 47.397222341982982 ], [ 26.528475748821563, 47.397026769830852 ], [ 26.528916661715201, 47.396754869435043 ], [ 26.529438195448439, 47.396339553710604 ], [ 26.529552999227572, 47.39617655371525 ], [ 26.529667802054028, 47.396013544607037 ], [ 26.529838410633698, 47.395873261566933 ], [ 26.530108635928976, 47.395700967778126 ], [ 26.530299039842934, 47.395498329585486 ], [ 26.530388577866837, 47.395403045249196 ], [ 26.530478102328857, 47.39530776101698 ], [ 26.530621163963602, 47.395155515350353 ], [ 26.530859906540716, 47.394901435232754 ], [ 26.531031556247079, 47.39476905341666 ], [ 26.531203218605615, 47.39463668016267 ], [ 26.531474171219799, 47.394427713063763 ], [ 26.531663215927708, 47.39418629790287 ], [ 26.531776327534541, 47.394041850448005 ], [ 26.531874070799258, 47.393897426022363 ], [ 26.531916698538083, 47.393806133930752 ], [ 26.532052224623289, 47.393440708008264 ], [ 26.532269150022476, 47.392996809839396 ], [ 26.532299792904823, 47.392877544190767 ], [ 26.532373150356619, 47.392591972961753 ], [ 26.532441292103528, 47.392466471850604 ], [ 26.532565264990634, 47.392178890869083 ], [ 26.532591655407035, 47.391796275209657 ], [ 26.532595866735377, 47.391735223818884 ], [ 26.53261871536079, 47.391681932838928 ], [ 26.532669613619841, 47.391613516876689 ], [ 26.532782580089268, 47.391492011025953 ], [ 26.532847660283458, 47.39140073648138 ], [ 26.532901848079746, 47.391259945691388 ], [ 26.532923030159171, 47.391012264024319 ], [ 26.532896053850628, 47.390829183714573 ], [ 26.532908930260557, 47.390371779270851 ], [ 26.532990253014809, 47.390159548805435 ], [ 26.532974020696408, 47.390013886445821 ], [ 26.532957788471403, 47.389868224075258 ], [ 26.532929763082052, 47.389794994927662 ], [ 26.533978280335184, 47.389686815230064 ], [ 26.534937385191014, 47.389587843782252 ], [ 26.535755042101329, 47.389538194558874 ], [ 26.536497676843275, 47.389466422142185 ], [ 26.536931249945109, 47.389446424117345 ], [ 26.537281963262682, 47.389387858069199 ], [ 26.537636832690396, 47.389363737143057 ], [ 26.537879707373921, 47.389308758796055 ], [ 26.53799607541832, 47.389160555070212 ], [ 26.538173306656557, 47.389030948933929 ], [ 26.538682240122363, 47.388990233139978 ], [ 26.539204502014837, 47.389010792782308 ], [ 26.539652653561628, 47.389028429974644 ], [ 26.540379958046071, 47.389011219655494 ], [ 26.541401813604022, 47.389045758441767 ], [ 26.54167394400676, 47.389042139591218 ], [ 26.542057137967753, 47.389037042708949 ], [ 26.542295950511672, 47.389033865610173 ], [ 26.542613258555562, 47.38890963995263 ], [ 26.542918060906604, 47.388836868573129 ], [ 26.543403609255158, 47.388720954118412 ], [ 26.543686629946283, 47.388709628519067 ], [ 26.543932514936557, 47.388759198956784 ], [ 26.544237194650215, 47.388921214877598 ], [ 26.544541889189098, 47.389083220807159 ], [ 26.544777238882542, 47.389168339833638 ], [ 26.5451589406028, 47.389146879061144 ], [ 26.54562511607671, 47.389078049011758 ], [ 26.546136339143356, 47.388986574955908 ], [ 26.54719873038438, 47.388850183282152 ], [ 26.547742696317609, 47.388888209748863 ], [ 26.548807424550542, 47.388907221705104 ], [ 26.54974217841399, 47.388944802943975 ], [ 26.551123468864272, 47.389000323989464 ], [ 26.552173560186411, 47.389042522821853 ], [ 26.552801838687625, 47.389067773189026 ], [ 26.553541619102312, 47.389097490529473 ], [ 26.553766934699205, 47.388888820734955 ], [ 26.570896397867248, 47.389425399081681 ], [ 26.570906921965019, 47.389362470070871 ], [ 26.570850282870932, 47.383109257404044 ], [ 26.570815067010297, 47.379220035765805 ], [ 26.570648673533114, 47.377958415852909 ], [ 26.57050150730668, 47.376541245744008 ], [ 26.5705030788831, 47.376405341044631 ], [ 26.570565930814528, 47.376276163044473 ], [ 26.570811137022979, 47.376114312430879 ], [ 26.571077859996393, 47.376118245377519 ], [ 26.571200663530231, 47.376327953931863 ], [ 26.571413760780057, 47.376396776230493 ], [ 26.571782869364952, 47.376293637267665 ], [ 26.572166758960982, 47.376126133431853 ], [ 26.572550646142552, 47.375958628328348 ], [ 26.572989543751177, 47.375848636842619 ], [ 26.573290640307512, 47.375812702402534 ], [ 26.573484358796023, 47.375789587585651 ], [ 26.573795470175714, 47.375683990726266 ], [ 26.574047699962112, 47.375626649359965 ], [ 26.574357853321821, 47.375596553827144 ], [ 26.574668019560644, 47.375566457286226 ], [ 26.575055503073266, 47.375483237340937 ], [ 26.575288675260047, 47.375417902417347 ], [ 26.575641571876019, 47.375276538193212 ], [ 26.576314361610521, 47.375007048387282 ], [ 26.576721206947813, 47.374782511858392 ], [ 26.5775636490892, 47.374317586994295 ], [ 26.578392449135247, 47.373968896920161 ], [ 26.578880390985681, 47.373823155400309 ], [ 26.579367370333035, 47.373718907952757 ], [ 26.580007601350999, 47.373581855154576 ], [ 26.581801387448554, 47.372850493109532 ], [ 26.582480826259939, 47.372644409649745 ], [ 26.583538700567285, 47.37225036927947 ], [ 26.585712814331135, 47.371504580979312 ], [ 26.586350526246076, 47.371314375514146 ], [ 26.586612573947971, 47.371416812830219 ], [ 26.586753992141919, 47.371394310628403 ], [ 26.586948937963594, 47.371363293305059 ], [ 26.587088275294228, 47.371414384025655 ], [ 26.587222013073159, 47.371432965739693 ], [ 26.587322176570087, 47.371386296288222 ], [ 26.587532838129164, 47.371426549376679 ], [ 26.587677386246138, 47.371484963186603 ], [ 26.587886539486679, 47.371479740710051 ], [ 26.588357694404692, 47.371523089492612 ], [ 26.588704567226848, 47.371554996101068 ], [ 26.588858481808767, 47.37150112896208 ], [ 26.58912868144068, 47.371332166641629 ], [ 26.589349594981361, 47.371153614486815 ], [ 26.589709880032267, 47.370862438584105 ], [ 26.590191164392238, 47.370531698831407 ], [ 26.590569971786188, 47.370271394088093 ], [ 26.591016493105041, 47.370159582452231 ], [ 26.592175295655942, 47.369720937873751 ], [ 26.593063402619848, 47.369331291474623 ], [ 26.593951496592098, 47.368941638291183 ], [ 26.59427985930278, 47.368778593048205 ], [ 26.594666647601343, 47.368712886581044 ], [ 26.595188816487969, 47.368717018189031 ], [ 26.595367821582617, 47.368759851939934 ], [ 26.595690057400304, 47.368764043379649 ], [ 26.595856854043507, 47.368738985370769 ], [ 26.596333384743421, 47.368526409932095 ], [ 26.596502647289565, 47.368450900193658 ], [ 26.596798345926839, 47.368318984996741 ], [ 26.597157716310111, 47.368208044257017 ], [ 26.597803733157093, 47.367979757861328 ], [ 26.59821643149424, 47.367824238202033 ], [ 26.598688091259984, 47.367624279275844 ], [ 26.599345646811194, 47.367357625453934 ], [ 26.599339322466438, 47.367328131958139 ], [ 26.599396487114191, 47.367238609728673 ], [ 26.599618278274843, 47.367014934323215 ], [ 26.599709361883072, 47.366896415563609 ], [ 26.59974528180274, 47.366815634186096 ], [ 26.599825876198864, 47.366712581302693 ], [ 26.599980725932141, 47.366433141698622 ], [ 26.600116319112594, 47.366237770966947 ], [ 26.600219647418637, 47.366145757579638 ], [ 26.600295133845432, 47.366032257844836 ], [ 26.600450038156502, 47.365876061072278 ], [ 26.600616479167797, 47.365681496207337 ], [ 26.60081200339042, 47.365540661854119 ], [ 26.60100435864582, 47.365433347262353 ], [ 26.601230875278482, 47.365306964379691 ], [ 26.601379824105063, 47.36520146341784 ], [ 26.602271452225324, 47.364745292143198 ], [ 26.603246452115958, 47.364246450121222 ], [ 26.603314150528174, 47.364206081426282 ], [ 26.603910949871921, 47.363578811846793 ], [ 26.604044101741572, 47.363385314235231 ], [ 26.604146171047365, 47.363280863277474 ], [ 26.604310612352425, 47.363112608515372 ], [ 26.604589196480617, 47.362827553554155 ], [ 26.604960440285922, 47.362447676867454 ], [ 26.605449004990358, 47.361947742219158 ], [ 26.605694019676815, 47.361722509097667 ], [ 26.605873881365529, 47.361532788276243 ], [ 26.606049536466788, 47.361279726307373 ], [ 26.606334579279217, 47.360869074496421 ], [ 26.6069447883722, 47.359622085766503 ], [ 26.6073503683761, 47.358793215804766 ], [ 26.607886961135925, 47.357696585927357 ], [ 26.608323330547801, 47.357013830655653 ], [ 26.608533796256719, 47.356626996003151 ], [ 26.608821209426758, 47.355950075659095 ], [ 26.609089937039805, 47.355735634138497 ], [ 26.609597208533501, 47.355330829562718 ], [ 26.609636382362272, 47.355324194682339 ], [ 26.610125540829841, 47.355254989074616 ], [ 26.610694083128248, 47.355188960374669 ], [ 26.611181994436915, 47.355036647637959 ], [ 26.611669903217077, 47.354884341848184 ], [ 26.612221097064829, 47.354884240390923 ], [ 26.613177802442078, 47.354884060575976 ], [ 26.614005963852314, 47.354787132110324 ], [ 26.614707736748237, 47.35461587431336 ], [ 26.616309089453527, 47.354571083998714 ], [ 26.617245674018974, 47.354544871984579 ], [ 26.617809710588151, 47.354661818043375 ], [ 26.618387779462179, 47.354923096612694 ], [ 26.618777138760262, 47.355016198281163 ], [ 26.619230758302312, 47.354996725250004 ], [ 26.619633875284137, 47.354905686220064 ], [ 26.62041830910038, 47.354960412845216 ], [ 26.620910597330273, 47.355044329036254 ], [ 26.621074692843784, 47.355072300045251 ], [ 26.62160944020415, 47.35504229020254 ], [ 26.622144187204317, 47.355012286888375 ], [ 26.622874300772679, 47.355173818926446 ], [ 26.623219698702371, 47.355151140647408 ], [ 26.623544693585746, 47.355124059947372 ], [ 26.623772253264192, 47.355162166033836 ], [ 26.624218679064295, 47.355133381762919 ], [ 26.62478718315101, 47.355305605811381 ], [ 26.625194707308438, 47.355529026811176 ], [ 26.625266132573653, 47.355539900622347 ], [ 26.625354398190598, 47.355612228270374 ], [ 26.625505852871068, 47.355736335899799 ], [ 26.625776890654688, 47.355936406779954 ], [ 26.625869228771162, 47.355988038562664 ], [ 26.625984456126258, 47.35600213891265 ], [ 26.626099683267192, 47.356016230154758 ], [ 26.626319111232164, 47.355977829832696 ], [ 26.626614170138652, 47.355926185974411 ], [ 26.626936900402711, 47.355849340060551 ], [ 26.627137878263394, 47.355714510101926 ], [ 26.627444026273949, 47.355509099386403 ], [ 26.627750185440881, 47.35530369666764 ], [ 26.628044262595449, 47.355168169012885 ], [ 26.628553457395753, 47.35520606905186 ], [ 26.628920048416646, 47.355275993463259 ], [ 26.629123333562639, 47.35542329894988 ], [ 26.629111592667769, 47.355660805018985 ], [ 26.62914716572568, 47.355843404989727 ], [ 26.629944860956755, 47.356106234567264 ], [ 26.630147580308826, 47.356234770179384 ], [ 26.630348357118041, 47.356299519436277 ], [ 26.630736598500697, 47.356325364764203 ], [ 26.630801278318216, 47.356664789286569 ], [ 26.632941940855773, 47.357523999164904 ], [ 26.635769595238912, 47.357948525691981 ], [ 26.636084463244419, 47.357944080529947 ], [ 26.636625233079968, 47.358024989378237 ], [ 26.636988930485238, 47.357993284950197 ], [ 26.638066034064153, 47.35806451300023 ], [ 26.639267135014453, 47.358165627294568 ], [ 26.640303161811222, 47.358252835963746 ], [ 26.64234790188679, 47.358373875572354 ], [ 26.643543914588047, 47.358464860506331 ], [ 26.644694198281218, 47.358541133842678 ], [ 26.645158799821019, 47.358587016362513 ], [ 26.64597755235982, 47.358648523500435 ], [ 26.646318783854475, 47.358674156815837 ], [ 26.646316468309543, 47.358688404461859 ], [ 26.647026946783889, 47.358741761991219 ], [ 26.647948511312403, 47.358781695316246 ], [ 26.648139622853929, 47.358789971264187 ], [ 26.648833818821533, 47.358799060739564 ], [ 26.651559071957273, 47.358799288087596 ], [ 26.652680716288799, 47.358806732930333 ], [ 26.653500868832229, 47.358842004663757 ], [ 26.653654022783513, 47.358848590957869 ], [ 26.653577148808637, 47.359142853935317 ], [ 26.653715956059543, 47.35917144384338 ], [ 26.653971624623395, 47.359224105182761 ], [ 26.654227293683377, 47.359276765953759 ], [ 26.654564378450864, 47.359283208319916 ], [ 26.654811512358776, 47.359238393628061 ], [ 26.654984984599576, 47.359082531743681 ], [ 26.655323673872388, 47.359013340818159 ], [ 26.655662349022492, 47.358944149095606 ], [ 26.655902752918955, 47.358962171111664 ], [ 26.656213871936075, 47.359022078164465 ], [ 26.656442483644419, 47.359168965231845 ], [ 26.658125515273035, 47.359372223319937 ], [ 26.658936466153182, 47.359401965398881 ], [ 26.663665564432787, 47.359575287690447 ], [ 26.66376006107701, 47.359435210916494 ], [ 26.663780742040313, 47.359404541135852 ], [ 26.664509608196081, 47.359529222332682 ], [ 26.666613671020276, 47.359872163445687 ], [ 26.666815654263878, 47.360060870014884 ], [ 26.66728520309703, 47.360222362400513 ], [ 26.667510320194822, 47.360062679603566 ], [ 26.667934487219227, 47.359882425972245 ], [ 26.668300297329619, 47.359779761784324 ], [ 26.668552949480954, 47.359736403697489 ], [ 26.669216115774443, 47.359682724077082 ], [ 26.669535888013893, 47.359639548550874 ], [ 26.670166243971405, 47.359488784905167 ], [ 26.670668054539476, 47.359340833784223 ], [ 26.671019637811995, 47.359250952423082 ], [ 26.671104838354168, 47.358886364723062 ], [ 26.671114894959342, 47.358843359374049 ], [ 26.671349832896485, 47.35883881947111 ], [ 26.671660220491475, 47.359205726416981 ], [ 26.672238410709181, 47.359200640898649 ], [ 26.673404234504112, 47.359463617904666 ], [ 26.674687675847551, 47.35973011959323 ], [ 26.674779078007919, 47.359752226057104 ], [ 26.676275201195491, 47.360104478758522 ], [ 26.676589271251583, 47.360189137535201 ], [ 26.677742535210783, 47.360561517921589 ], [ 26.678285666559773, 47.360849815885665 ], [ 26.680114467479495, 47.360978211729133 ], [ 26.681245108983468, 47.361399161831443 ], [ 26.681784847779724, 47.361702913108324 ], [ 26.682227487246962, 47.362133962487945 ], [ 26.682571089285453, 47.362468572952579 ], [ 26.683177877217084, 47.363059463911334 ], [ 26.683610572567591, 47.363646313475378 ], [ 26.683685953557738, 47.364110717006071 ], [ 26.683801129081285, 47.364489784241137 ], [ 26.684041307893192, 47.364870948425654 ], [ 26.68406118757559, 47.365123026124401 ], [ 26.683811527647578, 47.365743557888671 ], [ 26.683401023216703, 47.366323259309851 ], [ 26.682869384684679, 47.366710641414613 ], [ 26.681707927210716, 47.367235886917214 ], [ 26.681126808430061, 47.367619093528276 ], [ 26.679885769834563, 47.368121246595578 ], [ 26.679198877298365, 47.36817597790872 ], [ 26.678457725606314, 47.368129324612333 ], [ 26.676828939404182, 47.367660946322552 ], [ 26.67520976564505, 47.367134089812275 ], [ 26.672807483835893, 47.36476348122109 ], [ 26.672132226518023, 47.364256870426736 ], [ 26.669881219991154, 47.364748591569011 ], [ 26.667044218498219, 47.365641674645225 ], [ 26.664664271729652, 47.366665115178272 ], [ 26.663695235314716, 47.367081802649466 ], [ 26.663221161588844, 47.367791265279813 ], [ 26.663205300828874, 47.368570334343836 ], [ 26.664122103164623, 47.369776770158403 ], [ 26.665254695356253, 47.370486064440804 ], [ 26.666985186805363, 47.371030144389159 ], [ 26.668643962047486, 47.3710062732548 ], [ 26.669906440229518, 47.371191737764953 ], [ 26.671893591987239, 47.37136674571677 ], [ 26.673068914583805, 47.371546865604813 ], [ 26.674629722798006, 47.371688557331375 ], [ 26.675659288697481, 47.371844486796689 ], [ 26.676555246565538, 47.372054889578436 ], [ 26.677371735477195, 47.372486089398407 ], [ 26.677884802626458, 47.372968513337618 ], [ 26.67848246027096, 47.373530464040783 ], [ 26.678827544528694, 47.373964683209621 ], [ 26.678944470387684, 47.374345896598335 ], [ 26.679020638714483, 47.374836568937852 ], [ 26.678974996838164, 47.375494175555836 ], [ 26.679001587859421, 47.375989317503219 ], [ 26.67864330442282, 47.376791611299439 ], [ 26.678374265017954, 47.377085307917312 ], [ 26.677975022900114, 47.377521146793974 ], [ 26.677208624765083, 47.378357754622947 ], [ 26.676637060969874, 47.378981682869679 ], [ 26.676019519867943, 47.379373520683494 ], [ 26.675397397710629, 47.379619009911359 ], [ 26.674891466134003, 47.379693895804913 ], [ 26.67284714902782, 47.379722249729333 ], [ 26.671312111817812, 47.379870851356515 ], [ 26.670037207746446, 47.38022262531215 ], [ 26.669206664761699, 47.380717447563548 ], [ 26.668747466765627, 47.381183922493058 ], [ 26.668526835910178, 47.381704440906972 ], [ 26.668658137205433, 47.382116422553992 ], [ 26.669059683475233, 47.382513024158534 ], [ 26.670005672142249, 47.383005242565666 ], [ 26.67050800402437, 47.383377391634262 ], [ 26.670659464477016, 47.383892550535073 ], [ 26.670623807690088, 47.384375922181079 ], [ 26.670138299371882, 47.385084205293658 ], [ 26.669463859558132, 47.385703234971537 ], [ 26.668428103289475, 47.386132019310701 ], [ 26.667392343848086, 47.38656080323269 ], [ 26.66623843314925, 47.387543100954154 ], [ 26.665722228620268, 47.388355275173438 ], [ 26.665206021787917, 47.389167446750363 ], [ 26.663946593513234, 47.390024770550013 ], [ 26.660879891480526, 47.391463113868461 ], [ 26.659598899046944, 47.391941311867065 ], [ 26.658369071443271, 47.392510744492995 ], [ 26.657526070621635, 47.39308120079609 ], [ 26.657018428834615, 47.393239555702586 ], [ 26.656485344771703, 47.393201193008487 ], [ 26.655867003289579, 47.392907832364266 ], [ 26.655271569978972, 47.392417062404 ], [ 26.654769348951437, 47.391813275334769 ], [ 26.65377573691725, 47.390954661180743 ], [ 26.652871833268662, 47.390494558278192 ], [ 26.652241659415424, 47.390308334401375 ], [ 26.651542228497487, 47.390205682444119 ], [ 26.65081075131495, 47.390317457202158 ], [ 26.650299185903155, 47.390572506951436 ], [ 26.650001456251584, 47.390952136199566 ], [ 26.649865676402033, 47.391565961533246 ], [ 26.650030949770979, 47.39226560233908 ], [ 26.650144990336084, 47.392558661562198 ], [ 26.65025903217224, 47.392851720632208 ], [ 26.651009790312731, 47.393899647200946 ], [ 26.65147469309791, 47.394816486078135 ], [ 26.651420046195543, 47.395372856073848 ], [ 26.651211367341389, 47.395773737359939 ], [ 26.65060728535558, 47.396255343014403 ], [ 26.649753986329898, 47.396705756530991 ], [ 26.647809045867845, 47.397407511925408 ], [ 26.645523027319701, 47.398232272493921 ], [ 26.643975229821486, 47.398790650499123 ], [ 26.645607714990984, 47.3998014970417 ], [ 26.648170929247303, 47.401388536457311 ], [ 26.654265323795379, 47.402782726832385 ], [ 26.658018607000532, 47.403660855177399 ], [ 26.658775768825389, 47.403827247181354 ], [ 26.662783261503808, 47.404806322388524 ], [ 26.66375187221978, 47.40508978905207 ], [ 26.663906573700341, 47.405126020125209 ], [ 26.664118570050331, 47.40479570118972 ], [ 26.664867405081754, 47.405008001519363 ], [ 26.665441027694389, 47.405147018231752 ], [ 26.666102159770887, 47.405290460395229 ], [ 26.666933657537683, 47.405502648085125 ], [ 26.666978448624874, 47.405523892667361 ], [ 26.666979182755455, 47.405524062042716 ], [ 26.669088057885144, 47.406343390623377 ], [ 26.669393818050565, 47.406479046593859 ], [ 26.671600971814328, 47.407458204653452 ], [ 26.672671226768102, 47.407928636304561 ], [ 26.675737202610932, 47.409328578272792 ], [ 26.676063784888932, 47.409687956710634 ], [ 26.676201506252482, 47.409949807304081 ], [ 26.676171460898416, 47.4100921351137 ], [ 26.677657749435472, 47.410677995020613 ], [ 26.678596181049972, 47.411108967567401 ], [ 26.678920459316824, 47.411262053658831 ], [ 26.679039838982867, 47.411318397598656 ], [ 26.679169403043993, 47.411379560011 ], [ 26.679599107840342, 47.411573329091517 ], [ 26.680286534688811, 47.411820022147957 ], [ 26.680028957611263, 47.412173684090462 ], [ 26.679669836098608, 47.412992551925271 ], [ 26.679519749011995, 47.41337778952358 ], [ 26.680588013595294, 47.413425835049495 ], [ 26.680989412561583, 47.412075699602838 ], [ 26.681170753407187, 47.412126905654382 ], [ 26.681340050824229, 47.412205599564899 ], [ 26.681566915762577, 47.412311050726395 ], [ 26.681842667859168, 47.41242052450724 ], [ 26.68214633664099, 47.41253179677571 ], [ 26.682530376598148, 47.412656125518438 ], [ 26.682769751789479, 47.412767294531491 ], [ 26.683207252357654, 47.412970464522104 ], [ 26.683507422267301, 47.413091221414028 ], [ 26.683704847112555, 47.413170646049679 ], [ 26.683842992289545, 47.413214441293071 ], [ 26.684144304555264, 47.413309962654758 ], [ 26.684528222918765, 47.413463732267147 ], [ 26.684963024414646, 47.413656148038633 ], [ 26.68538533732346, 47.413825667596825 ], [ 26.685740791746966, 47.413934432428299 ], [ 26.685915146709256, 47.413987774890295 ], [ 26.686154932488886, 47.414023351054617 ], [ 26.686499816656063, 47.414063371780443 ], [ 26.686681583989841, 47.414084460639501 ], [ 26.686774929702157, 47.414072234885602 ], [ 26.686916044067043, 47.4140537632153 ], [ 26.68726460663413, 47.414104892863023 ], [ 26.687613156606467, 47.414156021650385 ], [ 26.688011526036277, 47.414174342442692 ], [ 26.688554082859177, 47.414199288792361 ], [ 26.688852402066249, 47.414148953630495 ], [ 26.68905766214824, 47.413909471533472 ], [ 26.689572074351254, 47.413158565041698 ], [ 26.689887474253698, 47.41282635025874 ], [ 26.68994034781484, 47.412574692825721 ], [ 26.690087930943125, 47.412341069393527 ], [ 26.690277276703856, 47.412121762203512 ], [ 26.690309522746059, 47.411914839204471 ], [ 26.690341768549626, 47.411707916181491 ], [ 26.690492424133421, 47.411158531194545 ], [ 26.690744757860653, 47.410736574875266 ], [ 26.690885052676276, 47.410360029173475 ], [ 26.691307394469593, 47.409644382222005 ], [ 26.691251327368278, 47.409427267346821 ], [ 26.690949040427228, 47.40907453985681 ], [ 26.690990146781299, 47.408667412549534 ], [ 26.691116835173062, 47.408472930258583 ], [ 26.690994342377039, 47.408034937694211 ], [ 26.690796342512883, 47.407819406696078 ], [ 26.690661932447242, 47.407673094333518 ], [ 26.690677732015651, 47.407366602728999 ], [ 26.690825852221746, 47.407207452524283 ], [ 26.69053347590723, 47.407082030545936 ], [ 26.69050233323031, 47.406595302310826 ], [ 26.690624083591764, 47.406186207149858 ], [ 26.690617974036495, 47.405855726113948 ], [ 26.690413595774633, 47.40530086455432 ], [ 26.690472220838128, 47.404956520438454 ], [ 26.690323584613409, 47.404790451614026 ], [ 26.690060175209169, 47.404051975043295 ], [ 26.690217639427868, 47.403805548253857 ], [ 26.690449712099863, 47.403685784834991 ], [ 26.690794027807225, 47.403582943981419 ], [ 26.69117273402648, 47.403581999543825 ], [ 26.691531034415714, 47.403524996997952 ], [ 26.69192525685359, 47.403413957414045 ], [ 26.692149637836597, 47.403318449616428 ], [ 26.692378201713932, 47.403255043109468 ], [ 26.692622976170743, 47.403105608020788 ], [ 26.692983877079868, 47.403132510126923 ], [ 26.693135101906815, 47.403020903176923 ], [ 26.693314004110906, 47.402787068958872 ], [ 26.693802831507103, 47.402594958248017 ], [ 26.69429575522841, 47.402313989204949 ], [ 26.694546454906643, 47.402067552026708 ], [ 26.694722049141422, 47.401792793334899 ], [ 26.695090691783843, 47.401628290053132 ], [ 26.695459319187993, 47.401463794789528 ], [ 26.695564247010136, 47.401332070452646 ], [ 26.695669174318166, 47.401200346017418 ], [ 26.695840868146217, 47.400924454968006 ], [ 26.695977051520511, 47.400814377646761 ], [ 26.69607899554277, 47.400888115804165 ], [ 26.696291211358194, 47.401099552775079 ], [ 26.696447156145126, 47.401211329783479 ], [ 26.696603088340222, 47.401323106766768 ], [ 26.697148381745205, 47.401713989559873 ], [ 26.697408675256408, 47.40192837956787 ], [ 26.698283970068278, 47.402649298919698 ], [ 26.698210477497547, 47.404354690124251 ], [ 26.698424088992724, 47.404777351567603 ], [ 26.698676750348294, 47.40553788305845 ], [ 26.699178128554561, 47.406554986122885 ], [ 26.699484100811215, 47.407175647002823 ], [ 26.699701156842774, 47.407518437647973 ], [ 26.700185391298394, 47.40812508437503 ], [ 26.700571832100739, 47.408455654993539 ], [ 26.700745050706558, 47.408539166432831 ], [ 26.700854658165746, 47.40855609148533 ], [ 26.700964265692903, 47.408573016433607 ], [ 26.701476546631262, 47.408643005141123 ], [ 26.702442411401037, 47.408746213999457 ], [ 26.703408279790999, 47.408849414782956 ], [ 26.703069781085897, 47.409885116695584 ], [ 26.703132088647013, 47.409968859241118 ], [ 26.703816588562542, 47.410529455165005 ], [ 26.704231373930636, 47.410916806296299 ], [ 26.704471384273653, 47.41125938543491 ], [ 26.704573982532509, 47.411441479207646 ], [ 26.704735555851286, 47.411878505365962 ], [ 26.704764013357075, 47.41213443530193 ], [ 26.704764665146342, 47.412297740495752 ], [ 26.704754032607156, 47.412455471782252 ], [ 26.704721382299216, 47.412611016740065 ], [ 26.704683612285837, 47.412790954679707 ], [ 26.704059481073223, 47.414288746190572 ], [ 26.704082724079701, 47.414398297618789 ], [ 26.704150658353861, 47.414485780371244 ], [ 26.704247597624619, 47.414717996305818 ], [ 26.7043075585865, 47.414909497456698 ], [ 26.704279939818438, 47.415053335608185 ], [ 26.704189951440597, 47.415191927814462 ], [ 26.703941827119834, 47.415574059728186 ], [ 26.702853647322438, 47.41727301368249 ], [ 26.702270011219326, 47.418318156924187 ], [ 26.701792363164873, 47.41908189463949 ], [ 26.701347217912716, 47.419793638960265 ], [ 26.701292150631453, 47.419865078771174 ], [ 26.70123196978777, 47.419927462088062 ], [ 26.700877922030859, 47.420179844910272 ], [ 26.69912834663679, 47.421218649099124 ], [ 26.69843939738865, 47.421627693569043 ], [ 26.698197369192606, 47.421797269320884 ], [ 26.698047950399275, 47.421901963935603 ], [ 26.69788633219683, 47.421958597588613 ], [ 26.697752176512136, 47.42198468156306 ], [ 26.697629156754591, 47.421982857055227 ], [ 26.697513574581215, 47.422021938710834 ], [ 26.697237673963297, 47.422115213892972 ], [ 26.696957595062702, 47.422244733585195 ], [ 26.696413909267314, 47.422449478785538 ], [ 26.695565063362757, 47.422833315424647 ], [ 26.694682078840561, 47.423316840250052 ], [ 26.693774987006059, 47.423923107872064 ], [ 26.692853801794264, 47.424677179622485 ], [ 26.692347908732494, 47.425139994205921 ], [ 26.691930443143431, 47.425602811765415 ], [ 26.691718178989735, 47.425884575415886 ], [ 26.691446491338073, 47.426370481443904 ], [ 26.691271959790299, 47.426682236902018 ], [ 26.691072348702065, 47.426978658879264 ], [ 26.69067911311781, 47.427540961214696 ], [ 26.690375214416772, 47.428004527762653 ], [ 26.690127178397837, 47.428369262410868 ], [ 26.690056553317707, 47.42854428393985 ], [ 26.690045888352948, 47.428753967741827 ], [ 26.690083689365988, 47.429037256235134 ], [ 26.690081354514966, 47.429413793506015 ], [ 26.690040561115065, 47.430076934625085 ], [ 26.690092089279641, 47.430519530677479 ], [ 26.690091257638525, 47.431125771122517 ], [ 26.690100823097875, 47.431616479984619 ], [ 26.689999141760303, 47.43178099610472 ], [ 26.689818732462541, 47.432072897960154 ], [ 26.689638320926139, 47.432364790522129 ], [ 26.689660308615906, 47.43261047895075 ], [ 26.689594403496184, 47.432829711760085 ], [ 26.689395525545773, 47.433225737210527 ], [ 26.689026338109539, 47.433705247038198 ], [ 26.689007956856482, 47.433778872008823 ], [ 26.688959477869073, 47.433973209185773 ], [ 26.688803236555998, 47.434239432062043 ], [ 26.688619591551994, 47.434552322560712 ], [ 26.688458040375888, 47.434753046916178 ], [ 26.688296501529877, 47.434953779838061 ], [ 26.688257927470488, 47.435110502113154 ], [ 26.688104323295804, 47.435365988683962 ], [ 26.68801322149843, 47.435631109166536 ], [ 26.687847916297724, 47.435909967520715 ], [ 26.687801747080112, 47.436022789392389 ], [ 26.687622797786524, 47.436159512846935 ], [ 26.687183671113957, 47.436629813688072 ], [ 26.686963187951921, 47.43686594842692 ], [ 26.686798919546451, 47.436953804113926 ], [ 26.686634663852715, 47.43704165937605 ], [ 26.68638395674915, 47.437175753802187 ], [ 26.686133248383424, 47.437309847687501 ], [ 26.685882538755362, 47.437443941031937 ], [ 26.685123819445053, 47.437827124025731 ], [ 26.684958530490295, 47.4379097199296 ], [ 26.684911629649644, 47.438001706341296 ], [ 26.684708493893122, 47.438164488323771 ], [ 26.684589750330918, 47.438244293377167 ], [ 26.684498161956665, 47.438400137768319 ], [ 26.684451526187466, 47.438611512045597 ], [ 26.684349746431025, 47.43871839267338 ], [ 26.684240816229412, 47.438819718274893 ], [ 26.684127513268585, 47.439032123471229 ], [ 26.684014209132805, 47.439244519552624 ], [ 26.683577084358461, 47.440063910768082 ], [ 26.683113048565037, 47.440044061323036 ], [ 26.682788617694019, 47.439992226375267 ], [ 26.68232815436874, 47.439918658165475 ], [ 26.682034292902475, 47.43988122182801 ], [ 26.681519103173848, 47.439842072802549 ], [ 26.680851587027767, 47.439791355645902 ], [ 26.680399082751734, 47.439785137783318 ], [ 26.680467480600051, 47.440361448473581 ], [ 26.680388736609146, 47.440711831211154 ], [ 26.680412084176957, 47.441554639163321 ], [ 26.680431496891551, 47.442263996764289 ], [ 26.680340467507612, 47.443483792423166 ], [ 26.680310122106739, 47.443756239106023 ], [ 26.680397198499715, 47.444097966417765 ], [ 26.680457472812616, 47.444281250027231 ], [ 26.680436950534776, 47.444551889998515 ], [ 26.680396809436687, 47.444818585853227 ], [ 26.6803914221491, 47.446633647162074 ], [ 26.680390842122183, 47.448418139701253 ], [ 26.68041825487752, 47.449756363502154 ], [ 26.680435446987875, 47.450446858581088 ], [ 26.680353438152604, 47.451735297060317 ], [ 26.680452994508936, 47.452601377652947 ], [ 26.680361305663077, 47.453493169284116 ], [ 26.680398114241886, 47.454480979856271 ], [ 26.680348330701225, 47.454693152212961 ], [ 26.680329513963876, 47.45512885907241 ], [ 26.680316392472978, 47.455432884188056 ], [ 26.680304582253491, 47.456272661062656 ], [ 26.680297561121467, 47.456772107088 ], [ 26.680275150168629, 47.457075168999147 ], [ 26.680318377413894, 47.457297932013667 ], [ 26.680389851755635, 47.457666207113505 ], [ 26.680396594492347, 47.457880313252801 ], [ 26.680454480845235, 47.458018846619325 ], [ 26.680704797219146, 47.45816021483143 ], [ 26.681174591650834, 47.458386071644043 ], [ 26.681720012785085, 47.458765936785746 ], [ 26.681620821160468, 47.458900332210561 ], [ 26.681585748400789, 47.459021131194966 ], [ 26.68162170407162, 47.459188878218001 ], [ 26.68170949139245, 47.459380334979002 ], [ 26.681754347031667, 47.459478168031609 ], [ 26.681778097248326, 47.459583135291538 ], [ 26.681804946605919, 47.45970183106337 ], [ 26.681914261915608, 47.459913388309388 ], [ 26.681972052961594, 47.460089518087905 ], [ 26.681999087378284, 47.460270448027217 ], [ 26.682006955801494, 47.460398433301556 ], [ 26.681977479372581, 47.460501086473066 ], [ 26.681924622055742, 47.460685153931195 ], [ 26.681871764099284, 47.460869212361942 ], [ 26.681810764378515, 47.460990261254906 ], [ 26.681731258238745, 47.461091930321494 ], [ 26.68166187656497, 47.461180650726256 ], [ 26.681604496491815, 47.461299982689567 ], [ 26.681534443452417, 47.461445704736406 ], [ 26.681510526084224, 47.461526119100249 ], [ 26.681521680772999, 47.461543320404957 ], [ 26.681558206533396, 47.461540541866697 ], [ 26.681643963329027, 47.461480588461541 ], [ 26.681853204015361, 47.461351848839207 ], [ 26.682198457400936, 47.461139422566404 ], [ 26.682529275616027, 47.460976648651688 ], [ 26.682707612943741, 47.46091045760005 ], [ 26.683184591445318, 47.460805414453645 ], [ 26.683458977434082, 47.460713403422176 ], [ 26.68378992773922, 47.460573933523115 ], [ 26.684080367098261, 47.460408934292452 ], [ 26.684992159167656, 47.461147152297208 ], [ 26.687204612202944, 47.462828076033389 ], [ 26.690250120990999, 47.46112882288174 ], [ 26.693498653321964, 47.460117257286178 ], [ 26.695086793277753, 47.459474543317455 ], [ 26.695241585811036, 47.460193513190234 ], [ 26.695284169236761, 47.46035930614336 ], [ 26.695226165242747, 47.460454678873695 ], [ 26.695059170629026, 47.460871942650236 ], [ 26.694801963471523, 47.461514606108025 ], [ 26.694804956650067, 47.461780468568115 ], [ 26.694940245337371, 47.462047429937272 ], [ 26.695062592306488, 47.462179247619943 ], [ 26.69531624376615, 47.462452521762586 ], [ 26.695501985448033, 47.462815429252842 ], [ 26.695399965148297, 47.463031115143714 ], [ 26.695297931060388, 47.463246810117745 ], [ 26.694935387806375, 47.463658348124611 ], [ 26.694866948297367, 47.463903086920361 ], [ 26.695057567590812, 47.464260777744215 ], [ 26.695256089934997, 47.464536440730171 ], [ 26.695303572663203, 47.464751920785851 ], [ 26.695280252298122, 47.464995379624803 ], [ 26.69549160616247, 47.465272671919223 ], [ 26.695837222194896, 47.465726102483686 ], [ 26.69618415039583, 47.465779579043435 ], [ 26.696796896064605, 47.465874031935329 ], [ 26.697463840138639, 47.466174488255042 ], [ 26.698137125274652, 47.466911046092775 ], [ 26.699385280141843, 47.468545717849658 ], [ 26.699675198848563, 47.46892539078047 ], [ 26.699741710885018, 47.469354510133037 ], [ 26.699808224039977, 47.469783629367413 ], [ 26.699976130574235, 47.470866940205518 ], [ 26.700247390653722, 47.471530252221129 ], [ 26.70059349820329, 47.471729774731607 ], [ 26.712593629953254, 47.472163760569202 ], [ 26.715348341737563, 47.472311188078365 ], [ 26.720694244010392, 47.472597116980069 ], [ 26.723781819488241, 47.472776562445524 ], [ 26.725313507031391, 47.472830570254978 ], [ 26.72676530614665, 47.472881742604827 ], [ 26.726845198712724, 47.472884557802118 ], [ 26.726837062651015, 47.472933334079961 ], [ 26.726819605924586, 47.472970939720902 ], [ 26.726791307005609, 47.473006812988991 ], [ 26.726753276838171, 47.473055022990167 ], [ 26.726715246573317, 47.473103232079218 ], [ 26.726662589332243, 47.473169981786981 ], [ 26.726621275215962, 47.473259351413489 ], [ 26.72655370257085, 47.473302335064353 ], [ 26.72651773404273, 47.47333825132133 ], [ 26.726481762901315, 47.473374170304005 ], [ 26.726424969591964, 47.47347696249529 ], [ 26.726373537561635, 47.473526902066332 ], [ 26.726322092172879, 47.473576841811358 ], [ 26.726282975934769, 47.473638338372112 ], [ 26.726277265085258, 47.473680400487765 ], [ 26.726241617967215, 47.473726506573762 ], [ 26.726180305029214, 47.473744206072261 ], [ 26.726060671702708, 47.473817957028352 ], [ 26.725941051016598, 47.473891698671707 ], [ 26.725860535159093, 47.47397205560322 ], [ 26.725801839131819, 47.474016102367855 ], [ 26.725687504821071, 47.474041643438994 ], [ 26.725587393519088, 47.474126205056663 ], [ 26.725487282191157, 47.474210775579223 ], [ 26.725364605736193, 47.474298803324324 ], [ 26.72522236064178, 47.474400886383215 ], [ 26.725147225853043, 47.47446593189639 ], [ 26.725051920380885, 47.474534210084137 ], [ 26.724964810824442, 47.474596617648544 ], [ 26.724877701064329, 47.474659025147417 ], [ 26.724854247630628, 47.474695323364003 ], [ 26.724783142443982, 47.474805398583662 ], [ 26.724732292731964, 47.47488409914726 ], [ 26.724633714653258, 47.475036685717335 ], [ 26.724574724552639, 47.475151312796207 ], [ 26.724516913219304, 47.475228947197934 ], [ 26.724446219760843, 47.475323893143567 ], [ 26.724349458310108, 47.475396051797539 ], [ 26.724252096483518, 47.475528450040322 ], [ 26.724153403679335, 47.475745289973339 ], [ 26.724021481617374, 47.476035134352472 ], [ 26.723731781029667, 47.476488276832001 ], [ 26.723507113559322, 47.476839702072354 ], [ 26.723526610513932, 47.477053742016558 ], [ 26.723388802781066, 47.477304556683222 ], [ 26.723250993766612, 47.477555371169736 ], [ 26.723113183470382, 47.477806185476034 ], [ 26.722985676514931, 47.477964399908004 ], [ 26.722874813384408, 47.478174905823572 ], [ 26.722671043754332, 47.478462972266477 ], [ 26.722450495081095, 47.478774758903668 ], [ 26.722229930585176, 47.479086545296887 ], [ 26.722126336136316, 47.479233005326158 ], [ 26.722035684866778, 47.479361136489658 ], [ 26.721945046428896, 47.47948926738178 ], [ 26.721837553769173, 47.479641218770631 ], [ 26.721738181850498, 47.479819471850512 ], [ 26.721605768138186, 47.480056979309566 ], [ 26.721539596236347, 47.480144766988261 ], [ 26.721442462948186, 47.480273623536888 ], [ 26.721323085413928, 47.480432003171117 ], [ 26.721243400060661, 47.480500370081209 ], [ 26.721188272399566, 47.480538954562448 ], [ 26.721107475824603, 47.480595516646183 ], [ 26.72095980586926, 47.480698862006456 ], [ 26.72084996539602, 47.480775754615841 ], [ 26.720759460315112, 47.480839090746073 ], [ 26.720631204080725, 47.48092886913669 ], [ 26.720538985894283, 47.480993418009376 ], [ 26.720392561279578, 47.481081135474589 ], [ 26.720267187739555, 47.481156233636753 ], [ 26.720175847408935, 47.481224160817838 ], [ 26.720028792412062, 47.481333514380488 ], [ 26.719908859256034, 47.481406570286573 ], [ 26.719822308417719, 47.48144897550474 ], [ 26.719690750057914, 47.481537272373707 ], [ 26.71958543748498, 47.481618468849277 ], [ 26.719477165717151, 47.481689804095815 ], [ 26.719353664027448, 47.481771179931911 ], [ 26.719254709188409, 47.481836385334653 ], [ 26.71915575410728, 47.481901590652832 ], [ 26.71907790707241, 47.481963739270334 ], [ 26.718979871230051, 47.482026186926412 ], [ 26.718869027693451, 47.482114949619657 ], [ 26.718832259118571, 47.482149689410321 ], [ 26.718785869966482, 47.48219351406766 ], [ 26.718745496400981, 47.482245283335644 ], [ 26.718697552835565, 47.48230676381845 ], [ 26.718632825375945, 47.482389778232637 ], [ 26.718557124323084, 47.482486845494329 ], [ 26.718509041085497, 47.482562947019261 ], [ 26.718400576285315, 47.482698401013295 ], [ 26.718324753916644, 47.48280696722879 ], [ 26.718248944216548, 47.482915524203499 ], [ 26.718141647858321, 47.483069160224126 ], [ 26.718074412718167, 47.483165427045975 ], [ 26.717976617321867, 47.483305463684857 ], [ 26.717848198205456, 47.483437883892286 ], [ 26.717741305382582, 47.483548088183376 ], [ 26.71763442538462, 47.48365829217763 ], [ 26.717444413681839, 47.483854202170683 ], [ 26.71719935826367, 47.48405404816392 ], [ 26.717009871969005, 47.484233396354242 ], [ 26.716820384693264, 47.484412753222642 ], [ 26.71653203633992, 47.484685676752235 ], [ 26.716387516765579, 47.484811649113453 ], [ 26.716169415561513, 47.485084720068521 ], [ 26.715982557166424, 47.485378928731841 ], [ 26.715862347323174, 47.485594774072901 ], [ 26.715756465092159, 47.485753550606304 ], [ 26.715666446409625, 47.4858885400877 ], [ 26.715604014951197, 47.48598214333677 ], [ 26.715549410259076, 47.486029443681439 ], [ 26.715481841554162, 47.486087965157068 ], [ 26.715365813431518, 47.486188451136229 ], [ 26.715287041035399, 47.486239491235644 ], [ 26.715184632946681, 47.486305850537342 ], [ 26.715042558436565, 47.486397904773021 ], [ 26.71490331795523, 47.486468325760832 ], [ 26.714764090370867, 47.486538746385946 ], [ 26.714660444657852, 47.48661700764201 ], [ 26.714523046851109, 47.486688633426198 ], [ 26.714434833319292, 47.486734621542595 ], [ 26.714348027850491, 47.486746393758061 ], [ 26.714238850180521, 47.486761195314713 ], [ 26.714123282379003, 47.486797682341404 ], [ 26.713981637772854, 47.486816921637036 ], [ 26.713870086815895, 47.486844604649583 ], [ 26.713758549007515, 47.486872287359432 ], [ 26.713621003363073, 47.48688156072258 ], [ 26.713523307342697, 47.486888158326003 ], [ 26.713473976406693, 47.48692991001267 ], [ 26.713445137896596, 47.486954329044671 ], [ 26.713333873882686, 47.486959570470766 ], [ 26.713222609845285, 47.486964811790251 ], [ 26.71311134549557, 47.486970044011159 ], [ 26.712950311387875, 47.487022800703876 ], [ 26.712784814198148, 47.487039097982951 ], [ 26.712683318661334, 47.48708071066163 ], [ 26.712562344196929, 47.487130320579588 ], [ 26.712498997730378, 47.487141934099576 ], [ 26.712376474195104, 47.487164397794167 ], [ 26.712219974926462, 47.487193093352673 ], [ 26.712009905982452, 47.487260957366672 ], [ 26.711773832979368, 47.48730308828916 ], [ 26.711642021199534, 47.487334738515365 ], [ 26.711535536582389, 47.487360311358877 ], [ 26.711244161585711, 47.487430272812006 ], [ 26.711127743557036, 47.48746766898644 ], [ 26.711044409985451, 47.487475195229877 ], [ 26.710983265169308, 47.487499190367828 ], [ 26.710922133275279, 47.487523176286089 ], [ 26.710860988060009, 47.487547162367818 ], [ 26.710752460077668, 47.487544237291161 ], [ 26.710685047658405, 47.487562351117987 ], [ 26.710577632676777, 47.487591220443754 ], [ 26.710470217577544, 47.487620089670401 ], [ 26.710338225163071, 47.487621747344612 ], [ 26.710151742403486, 47.487671987376693 ], [ 26.709869346371867, 47.487748065448336 ], [ 26.709628280755844, 47.4878130082149 ], [ 26.709339803600933, 47.487890712944811 ], [ 26.709197688954561, 47.487899571531962 ], [ 26.709016073917919, 47.487950187832993 ], [ 26.708916189205258, 47.487978018076767 ], [ 26.708816304675583, 47.488005857227066 ], [ 26.708650514298398, 47.488052065621645 ], [ 26.708484710364946, 47.488098273975645 ], [ 26.708258986338418, 47.488142980186112 ], [ 26.708033248949523, 47.488187695146472 ], [ 26.707873249707085, 47.488249407780273 ], [ 26.707732260494677, 47.488303796313836 ], [ 26.707487864907275, 47.48842447073617 ], [ 26.707275309902069, 47.488529427426968 ], [ 26.70699613069835, 47.488667273705211 ], [ 26.706754880580252, 47.488786388888371 ], [ 26.706513629668446, 47.488905512563399 ], [ 26.706131750111357, 47.489034449268004 ], [ 26.705749868405931, 47.489163375729241 ], [ 26.705084752458191, 47.48938793744216 ], [ 26.704293711507397, 47.489606652956937 ], [ 26.704045172937473, 47.489675373191446 ], [ 26.70390728978396, 47.489655671826554 ], [ 26.703406958360013, 47.4897631911861 ], [ 26.702833521633426, 47.489894496808319 ], [ 26.702549600938475, 47.490024925815355 ], [ 26.702098767422545, 47.490383834401094 ], [ 26.701417709022497, 47.490998552855366 ], [ 26.700934406063865, 47.491280474652349 ], [ 26.700508173036198, 47.491498323165835 ], [ 26.699990051250339, 47.491651825336639 ], [ 26.699237543555185, 47.491874754252493 ], [ 26.698865717427609, 47.492082119895031 ], [ 26.698493888401774, 47.492289484347836 ], [ 26.698171905612231, 47.492477495842472 ], [ 26.697556706344226, 47.492836722025757 ], [ 26.698105647475909, 47.49366012673601 ], [ 26.698193093322548, 47.493905075218834 ], [ 26.698994257542463, 47.495873608397375 ], [ 26.699185654737871, 47.496027116344742 ], [ 26.699377053037484, 47.496180623959845 ], [ 26.699484025937078, 47.49625498597544 ], [ 26.700831993632871, 47.49624108555485 ], [ 26.702613747966605, 47.497128350038317 ], [ 26.70268833376895, 47.497169358298329 ], [ 26.703041684838698, 47.497455427719267 ], [ 26.703395039707882, 47.497741496006888 ], [ 26.703722987731034, 47.498000902418553 ], [ 26.704047979359004, 47.498180194553157 ], [ 26.704067874632997, 47.49827931119647 ], [ 26.704087769983442, 47.498378427832023 ], [ 26.704169904847554, 47.498858881947953 ], [ 26.704219445387054, 47.499106676336893 ], [ 26.70426898640331, 47.499354470676963 ], [ 26.704269056172595, 47.499377410129554 ], [ 26.704205410097842, 47.499572799032755 ], [ 26.70408447061228, 47.499819768090894 ], [ 26.703933625010716, 47.500458018675857 ], [ 26.703863072241976, 47.500744730769547 ], [ 26.703740515315779, 47.501256842804217 ], [ 26.703617956102153, 47.501768954619621 ], [ 26.703481885860274, 47.502365154563691 ], [ 26.703426114528774, 47.502609816598408 ], [ 26.703374334376601, 47.502873447072936 ], [ 26.703322553730274, 47.503137077499744 ], [ 26.703287874877788, 47.503244192023146 ], [ 26.703216021155985, 47.503401106561064 ], [ 26.703181413281015, 47.503763848405264 ], [ 26.703044422752495, 47.504142531549824 ], [ 26.702736551112366, 47.504728611072579 ], [ 26.702558546433, 47.505012220122019 ], [ 26.702380539876426, 47.505295828878445 ], [ 26.702244882948349, 47.505506666342491 ], [ 26.702037812568278, 47.505807388780276 ], [ 26.701975607099147, 47.505879182368361 ], [ 26.701897621925205, 47.505990673807716 ], [ 26.701640568016725, 47.506358160754786 ], [ 26.701540838935951, 47.506499748256886 ], [ 26.70139155041457, 47.506753318614813 ], [ 26.701202477084394, 47.506958064578498 ], [ 26.701033576370953, 47.507140959582387 ], [ 26.700690123726812, 47.5073917787848 ], [ 26.700299109642895, 47.507703370511493 ], [ 26.700028495578874, 47.507919015861809 ], [ 26.699820634925075, 47.508099915694956 ], [ 26.699612772863428, 47.508280815151878 ], [ 26.69938400939234, 47.508480822356383 ], [ 26.69915524420805, 47.508680829105082 ], [ 26.698895018004425, 47.508926906737301 ], [ 26.69868782190272, 47.509149717076767 ], [ 26.698631628136145, 47.509323716767568 ], [ 26.69870086616584, 47.509404362158506 ], [ 26.698824682848866, 47.509478154216609 ], [ 26.698979359276812, 47.509570332513029 ], [ 26.699134036526015, 47.509662519588431 ], [ 26.699228788615596, 47.509700895750633 ], [ 26.699281319690719, 47.509747662715846 ], [ 26.69935880455116, 47.509816644823196 ], [ 26.699474021154213, 47.509919224067097 ], [ 26.699525427592533, 47.509908656478437 ], [ 26.699613320895878, 47.509890582511488 ], [ 26.699730095812978, 47.509890068975686 ], [ 26.700083832276903, 47.510011267122756 ], [ 26.700683921683492, 47.510297434966731 ], [ 26.701131711046148, 47.510478120228008 ], [ 26.701537777635306, 47.510641971755106 ], [ 26.70178873893099, 47.510743233364266 ], [ 26.702123593366426, 47.510843300171672 ], [ 26.70218560576561, 47.51085548025651 ], [ 26.702293045913006, 47.510889799483039 ], [ 26.702349391645402, 47.510891267123732 ], [ 26.702405737380509, 47.510892734737041 ], [ 26.702477487311842, 47.510892177133108 ], [ 26.702567264104161, 47.510878175591486 ], [ 26.702694815354075, 47.510849585737759 ], [ 26.702801066181184, 47.510770650506359 ], [ 26.702919326244047, 47.51071891448418 ], [ 26.703066054291547, 47.510654723684922 ], [ 26.703290146453508, 47.510556696134863 ], [ 26.703416079003375, 47.5105015993637 ], [ 26.703610654279213, 47.510416482129514 ], [ 26.70372492567359, 47.510344697246737 ], [ 26.703839196760011, 47.510272912251402 ], [ 26.704019343451954, 47.510159748971034 ], [ 26.704091364308123, 47.510045222181468 ], [ 26.704891551887634, 47.509989605528581 ], [ 26.705270017183921, 47.509963300399363 ], [ 26.7061506061039, 47.509902085597794 ], [ 26.706748447465724, 47.50984391566368 ], [ 26.707029625165536, 47.509834202984052 ], [ 26.707310802753195, 47.509824489623973 ], [ 26.707739245444497, 47.509807364102059 ], [ 26.708120503138222, 47.509818540852805 ], [ 26.708501747702737, 47.509829716545482 ], [ 26.709042055155194, 47.509876333140966 ], [ 26.709364150420722, 47.50992276954625 ], [ 26.709407229479943, 47.50993619621152 ], [ 26.709450321543724, 47.509949613673243 ], [ 26.709523858535018, 47.509972514550597 ], [ 26.709612488250539, 47.510024664739362 ], [ 26.709697964666571, 47.510063780784485 ], [ 26.709770875977092, 47.51011972489664 ], [ 26.709829058224614, 47.510164370762659 ], [ 26.709977822096807, 47.510278518480177 ], [ 26.710125551687295, 47.510417924678947 ], [ 26.710186028261713, 47.510463706071903 ], [ 26.710201827744918, 47.510475663172301 ], [ 26.710228201106119, 47.510495624051963 ], [ 26.710236318020733, 47.510506093018371 ], [ 26.710244434938566, 47.510516561984176 ], [ 26.71024306784863, 47.510530643241559 ], [ 26.710242478779296, 47.510536697390549 ], [ 26.710241401030412, 47.510547796631073 ], [ 26.710240323569845, 47.510558904863487 ], [ 26.710238146433475, 47.51058125659894 ], [ 26.710229286285774, 47.510593136232302 ], [ 26.710234012720296, 47.510614216734588 ], [ 26.710238725887073, 47.510635297431932 ], [ 26.710259324438496, 47.510656944724076 ], [ 26.710293601271918, 47.510680720484544 ], [ 26.710354624197453, 47.510709589815491 ], [ 26.710394363443942, 47.51072483759004 ], [ 26.710419512357014, 47.510751320746138 ], [ 26.710452287776928, 47.510785815106523 ], [ 26.710467827700317, 47.510811603205859 ], [ 26.710490899292086, 47.510849893028173 ], [ 26.710495459055188, 47.510885217011612 ], [ 26.710501035983871, 47.510928235775978 ], [ 26.710528074479118, 47.510966835974855 ], [ 26.710555113013768, 47.511005436166656 ], [ 26.710569307301025, 47.511025702403067 ], [ 26.710583514582261, 47.511045959450016 ], [ 26.710621907854929, 47.511072211383635 ], [ 26.710646059723839, 47.511088723365773 ], [ 26.710698605099555, 47.511099185221568 ], [ 26.710751163478584, 47.511109637865886 ], [ 26.710775772275039, 47.511132521415277 ], [ 26.710809632919187, 47.511163994936254 ], [ 26.710831791902034, 47.511184602551332 ], [ 26.710870018574933, 47.511220131974305 ], [ 26.710907220742733, 47.511232025391919 ], [ 26.710968745831874, 47.511251692850017 ], [ 26.711005974587078, 47.511263585844205 ], [ 26.711109585231839, 47.51129670293119 ], [ 26.711168717642103, 47.511330754547728 ], [ 26.711227863399699, 47.511364805937632 ], [ 26.71128484682864, 47.511365018363868 ], [ 26.711414032792121, 47.511365515606165 ], [ 26.711498511190666, 47.511380067341015 ], [ 26.711560525165346, 47.511408327676783 ], [ 26.711955614309364, 47.511588408139382 ], [ 26.712040771227375, 47.511652158865758 ], [ 26.712148364446783, 47.511694707313012 ], [ 26.712203936137314, 47.511716675012863 ], [ 26.712281762925564, 47.511715526919318 ], [ 26.712359576437777, 47.51171437896943 ], [ 26.712437403217837, 47.511713230771562 ], [ 26.712471198440991, 47.511737255896151 ], [ 26.71255187120736, 47.511751116329727 ], [ 26.712674148931615, 47.511772126556941 ], [ 26.712777476010601, 47.511777771853978 ], [ 26.712846604831821, 47.511781555721868 ], [ 26.71288316914908, 47.511818188567304 ], [ 26.712905982962138, 47.511879368132156 ], [ 26.713377776100597, 47.512078859190645 ], [ 26.713849572755397, 47.512278348292426 ], [ 26.714194914865324, 47.512424367290429 ], [ 26.715260377636366, 47.512789824379375 ], [ 26.715797104419991, 47.513036655848758 ], [ 26.716226050305735, 47.51323392597255 ], [ 26.716181868372903, 47.513397456019831 ], [ 26.716150967090979, 47.513441508648022 ], [ 26.716099561769244, 47.513514778305534 ], [ 26.716048156307252, 47.51358804793896 ], [ 26.716013571838094, 47.513723061888712 ], [ 26.715963970113908, 47.513916656372317 ], [ 26.715948352559263, 47.513977620800702 ], [ 26.715932734680301, 47.514038576233673 ], [ 26.715949858286837, 47.514100639967005 ], [ 26.715977188996476, 47.514199671237797 ], [ 26.715998508130728, 47.514276966523646 ], [ 26.715978768220232, 47.514392581002681 ], [ 26.715964054413753, 47.514478721497291 ], [ 26.715952145168753, 47.514548456388184 ], [ 26.715935572554208, 47.514583485299653 ], [ 26.715918999918156, 47.514618514208394 ], [ 26.715927166103373, 47.514707141264559 ], [ 26.715912253672197, 47.514793716495532 ], [ 26.715897354467227, 47.514880291525614 ], [ 26.715867871509939, 47.514953983632871 ], [ 26.715872725397716, 47.515022229217102 ], [ 26.715877579299171, 47.515090474799166 ], [ 26.715884044271235, 47.515181528982296 ], [ 26.715928597409924, 47.515203019062398 ], [ 26.71597572682057, 47.515225748503099 ], [ 26.716162713754983, 47.515260480293776 ], [ 26.71634970092925, 47.515295211781137 ], [ 26.716634440560743, 47.515316064547605 ], [ 26.717155110115282, 47.515354180882007 ], [ 26.717369544123233, 47.515351975513497 ], [ 26.717369602465752, 47.515351972851001 ], [ 26.717583979290115, 47.515349765233275 ], [ 26.717773154026276, 47.51533212831486 ], [ 26.718145939934669, 47.515297372219777 ], [ 26.718786396389916, 47.51528028846532 ], [ 26.71878994543993, 47.51527932729276 ], [ 26.719488757264784, 47.515090161980339 ], [ 26.719878083539111, 47.515005757861978 ], [ 26.720475578362972, 47.514935963551977 ], [ 26.720906678132298, 47.514885603750251 ], [ 26.721379837282665, 47.514742573630997 ], [ 26.721981239332067, 47.514551380448111 ], [ 26.72212584567438, 47.51445684372171 ], [ 26.722250535319876, 47.514350052577406 ], [ 26.722449549828585, 47.514135346042295 ], [ 26.723402678524643, 47.514105706654277 ], [ 26.723547521881382, 47.513995214256248 ], [ 26.723715430106786, 47.513824806040724 ], [ 26.723883337553275, 47.51365440656955 ], [ 26.724240847447909, 47.51343343838132 ], [ 26.724589100861866, 47.51328553913207 ], [ 26.724957359746529, 47.51318141411172 ], [ 26.725389317477848, 47.513121655129908 ], [ 26.725523253205203, 47.513119835027084 ], [ 26.725657188921296, 47.513118014769823 ], [ 26.725893900460985, 47.513076000326997 ], [ 26.72597245656619, 47.513062057551743 ], [ 26.726569473334141, 47.512950099350327 ], [ 26.726953442032354, 47.512899864670949 ], [ 26.72743166003357, 47.512837304626778 ], [ 26.727594817916259, 47.512834156590955 ], [ 26.727757975776282, 47.512831008325932 ], [ 26.727831065283453, 47.512826636700709 ], [ 26.727965778480904, 47.512810327231627 ], [ 26.728027402155867, 47.512798389401084 ], [ 26.728172294014726, 47.512747922324742 ], [ 26.728317185597273, 47.512697455068334 ], [ 26.728615182973329, 47.512555050895308 ], [ 26.729013145394443, 47.512376836158502 ], [ 26.729301177620155, 47.512247848094589 ], [ 26.729814061741024, 47.512018159998881 ], [ 26.730251410855765, 47.511822297007377 ], [ 26.730444308771485, 47.51176844850076 ], [ 26.730595594807635, 47.511671759191252 ], [ 26.730889436585002, 47.511483952884838 ], [ 26.731028036228054, 47.511392858926833 ], [ 26.731166635397123, 47.511301764802958 ], [ 26.731305654583469, 47.511187651806203 ], [ 26.731363125463503, 47.511095806354142 ], [ 26.731506336952098, 47.510927679980739 ], [ 26.731532492702847, 47.510896972380792 ], [ 26.731578122784793, 47.510854683934888 ], [ 26.731718104442216, 47.510739197612089 ], [ 26.73184615620902, 47.510634567682118 ], [ 26.731961443552098, 47.510551062381147 ], [ 26.732076744097967, 47.510467565759022 ], [ 26.732234373143317, 47.510353398765979 ], [ 26.732537137090226, 47.510134120925784 ], [ 26.732599833047285, 47.510023394602555 ], [ 26.732739104360178, 47.509781268120854 ], [ 26.732793935381238, 47.509685943744877 ], [ 26.732888721635806, 47.509588250539593 ], [ 26.732930153564777, 47.509545547398709 ], [ 26.732971585427528, 47.509502844242732 ], [ 26.733031503939042, 47.509441080828836 ], [ 26.733091435583464, 47.509379317185186 ], [ 26.733160521401523, 47.509355291109735 ], [ 26.733214853712923, 47.509307123408639 ], [ 26.733245091222525, 47.509280312793841 ], [ 26.733275341680649, 47.50925349298096 ], [ 26.733305579129532, 47.509226682350175 ], [ 26.733335816548159, 47.509199871711466 ], [ 26.733395723742611, 47.50914676267751 ], [ 26.733432723572538, 47.509113958459835 ], [ 26.733565158579793, 47.508996540312552 ], [ 26.733714867830368, 47.508905259035451 ], [ 26.733733568262711, 47.508866664572786 ], [ 26.733838016505381, 47.508651020007633 ], [ 26.733937028402007, 47.508532328419832 ], [ 26.734139717687256, 47.508384487150572 ], [ 26.734522889372691, 47.508105004801187 ], [ 26.734686589369751, 47.507985597669688 ], [ 26.734792367525639, 47.507908438938564 ], [ 26.734905815927601, 47.507856040160732 ], [ 26.73498526312304, 47.507794739436548 ], [ 26.735097905232632, 47.507707806808156 ], [ 26.735739157352917, 47.507212932243988 ], [ 26.736128514089021, 47.506909853532591 ], [ 26.736517866109143, 47.506606764515546 ], [ 26.736666094631243, 47.506520107498694 ], [ 26.736814335940938, 47.5064334500941 ], [ 26.73689136467743, 47.506399101072795 ], [ 26.737019745683256, 47.506341852590779 ], [ 26.737075638966196, 47.506321404154932 ], [ 26.737142960820286, 47.506309421071016 ], [ 26.73721028264357, 47.50629743794822 ], [ 26.737365776944859, 47.506289127875256 ], [ 26.73746864079629, 47.506272249356499 ], [ 26.737571517851951, 47.506255370548239 ], [ 26.737637007956206, 47.506244629097935 ], [ 26.7377715800544, 47.506222552527611 ], [ 26.737849886431615, 47.506195245815491 ], [ 26.737958534456233, 47.506151777184471 ], [ 26.738006123545357, 47.506129122606033 ], [ 26.738131332370685, 47.506069518366594 ], [ 26.738219769006122, 47.506026757001294 ], [ 26.738308205499251, 47.505983995568826 ], [ 26.738396641849977, 47.505941234069105 ], [ 26.738536805393821, 47.505911515965785 ], [ 26.738631970494048, 47.50588211193962 ], [ 26.738721845640264, 47.505875727624009 ], [ 26.738811720764041, 47.505869343238807 ], [ 26.738913055473596, 47.505872368137936 ], [ 26.739093972434048, 47.505891689280723 ], [ 26.739229040980284, 47.505906020551485 ], [ 26.739364109596956, 47.505920351664471 ], [ 26.739447245181253, 47.505929172562844 ], [ 26.739539373239278, 47.50594665699461 ], [ 26.739913337087817, 47.506017636803506 ], [ 26.740203715722391, 47.506055844731222 ], [ 26.740388461133211, 47.506080153380033 ], [ 26.740529450271403, 47.506081016874703 ], [ 26.740835347901967, 47.506090292320685 ], [ 26.741054182490913, 47.506096932664448 ], [ 26.741312608152107, 47.506104768864702 ], [ 26.741719904212708, 47.506113708127494 ], [ 26.742015620303849, 47.505990222006247 ], [ 26.742702790082454, 47.505854560528725 ], [ 26.743427921185187, 47.505763324187967 ], [ 26.743892027063158, 47.505704928769603 ], [ 26.744356118627717, 47.505646531700329 ], [ 26.744855672080977, 47.505528952755512 ], [ 26.745664101194034, 47.505209770201979 ], [ 26.746472520568798, 47.504890582041078 ], [ 26.747463272815445, 47.504499398367152 ], [ 26.747621665603557, 47.504406807410909 ], [ 26.747863784615888, 47.504251231655388 ], [ 26.748044585868268, 47.50408455087581 ], [ 26.748225810408716, 47.503898431386659 ], [ 26.748267447812484, 47.503868566170212 ], [ 26.748399481313079, 47.503684851689307 ], [ 26.748622677505971, 47.503611452760879 ], [ 26.748914369727274, 47.503515529034232 ], [ 26.749343408253878, 47.503374442069799 ], [ 26.74963021202873, 47.503280128566509 ], [ 26.750230689170188, 47.503198672137053 ], [ 26.750492461524498, 47.503131740907946 ], [ 26.750705415318812, 47.503077294702415 ], [ 26.750927017920834, 47.503034358854201 ], [ 26.751447008523733, 47.503016265902922 ], [ 26.751762434620982, 47.503005288841663 ], [ 26.75239177721599, 47.503013339671661 ], [ 26.753597428878152, 47.503028757037058 ], [ 26.753680202764901, 47.503046011744871 ], [ 26.753867834228316, 47.5030851172396 ], [ 26.754055479528713, 47.503124231219786 ], [ 26.7542090100624, 47.503156231668314 ], [ 26.754362540777873, 47.503188231912169 ], [ 26.754560085562147, 47.503242507176601 ], [ 26.754757630744617, 47.503296782100996 ], [ 26.75488736186777, 47.503325677911995 ], [ 26.755017093129805, 47.503354573576758 ], [ 26.755174817632891, 47.503372789941949 ], [ 26.755388793743201, 47.503389795438899 ], [ 26.755591310649873, 47.503395458591839 ], [ 26.755760750597453, 47.503448897475479 ], [ 26.755930190882115, 47.503502336108284 ], [ 26.75604762234487, 47.503560834696984 ], [ 26.756165054064549, 47.503619333163762 ], [ 26.756269597960259, 47.503649328270619 ], [ 26.756320322199102, 47.503657646949968 ], [ 26.756371046453545, 47.503665965606992 ], [ 26.756517316833069, 47.503670948976435 ], [ 26.756770411459545, 47.503674405171516 ], [ 26.756899621554211, 47.503663272990927 ], [ 26.757304548778119, 47.503659211588037 ], [ 26.757445149553739, 47.503661355829941 ], [ 26.75776028090074, 47.503675970493532 ], [ 26.757934811541197, 47.503688440822586 ], [ 26.758928357752108, 47.503631644292199 ], [ 26.759623766752554, 47.503833317204816 ], [ 26.759780177204838, 47.50391617686995 ], [ 26.759879225994464, 47.503968643923173 ], [ 26.760049359335031, 47.504030828491942 ], [ 26.760103182426182, 47.504056164562073 ], [ 26.760172734649309, 47.504069737760645 ], [ 26.760242273934537, 47.504083320110347 ], [ 26.760346693312879, 47.504083724533437 ], [ 26.760504265576433, 47.50408434817151 ], [ 26.760606706566545, 47.504084746385729 ], [ 26.760754173975716, 47.504085325055811 ], [ 26.76087038023573, 47.504067971359454 ], [ 26.760986586418436, 47.504050617547101 ], [ 26.761077780107478, 47.504026446099793 ], [ 26.761168986982675, 47.504002274379843 ], [ 26.761320076329294, 47.503916018774987 ], [ 26.761507202838626, 47.503849610685251 ], [ 26.761667527982357, 47.503777302687851 ], [ 26.76173672039539, 47.503758304699907 ], [ 26.761805912758589, 47.503739306670859 ], [ 26.76187510477466, 47.50372029960895 ], [ 26.761944297038088, 47.503701301497834 ], [ 26.76204575003846, 47.503673446962274 ], [ 26.762113780730164, 47.503674330283836 ], [ 26.762181811720787, 47.503675222557497 ], [ 26.76224984241594, 47.503676105799336 ], [ 26.762383194712413, 47.503677850327875 ], [ 26.762457534463387, 47.503678817568805 ], [ 26.762531887486119, 47.503679784560596 ], [ 26.762657934488612, 47.503722770946631 ], [ 26.76275428141582, 47.503776563081331 ], [ 26.762821182329692, 47.503813925282408 ], [ 26.762912660267329, 47.50386500237942 ], [ 26.762950998136922, 47.503911021021032 ], [ 26.763100855590384, 47.503937703739936 ], [ 26.763250700218975, 47.50396439545743 ], [ 26.763362173077493, 47.50395809569094 ], [ 26.763623548911919, 47.503943337497375 ], [ 26.76388976201855, 47.503910674463199 ], [ 26.764123036904934, 47.503845953762408 ], [ 26.764288599689227, 47.503800020717279 ], [ 26.764610752178857, 47.503710638384561 ], [ 26.764939668602906, 47.50366156382195 ], [ 26.765244067704781, 47.503724451783938 ], [ 26.765396556841864, 47.503807309618594 ], [ 26.765549033182293, 47.503890167448702 ], [ 26.765710411967561, 47.50393476316809 ], [ 26.765871778048425, 47.503979367854186 ], [ 26.766027286892903, 47.5039926462414 ], [ 26.766217572632886, 47.504008903747561 ], [ 26.766476759277822, 47.504031048421361 ], [ 26.766678743916668, 47.5039985109048 ], [ 26.766880728303988, 47.503965973037886 ], [ 26.767105541531365, 47.503955263197156 ], [ 26.767437090981133, 47.503936360162193 ], [ 26.768261909176573, 47.50379092018192 ], [ 26.76943967792003, 47.503658761062724 ], [ 26.770214699981796, 47.503681569211579 ], [ 26.771136478558812, 47.503804601006806 ], [ 26.77155485534805, 47.503860434179565 ], [ 26.771951045090091, 47.503858281298662 ], [ 26.772698677375878, 47.503854205151924 ], [ 26.773307202227581, 47.503884528663463 ], [ 26.773663914619828, 47.503876189879129 ], [ 26.77411873008294, 47.503865567698092 ], [ 26.774753477884921, 47.503786689924489 ], [ 26.774917633803039, 47.50371513254715 ], [ 26.77516538500716, 47.503607138583682 ], [ 26.775335533408043, 47.503532969963295 ], [ 26.775536501575697, 47.503524326817015 ], [ 26.775801635100354, 47.503512920260043 ], [ 26.776260573070914, 47.503392273153679 ], [ 26.776543178723738, 47.50327337894263 ], [ 26.776909588644514, 47.503119221721342 ], [ 26.776981770587923, 47.503074997011623 ], [ 26.777053939141904, 47.50303077246032 ], [ 26.777202647756319, 47.502939656328628 ], [ 26.777285345717612, 47.502903843914481 ], [ 26.777368029997874, 47.502868022653061 ], [ 26.777450714166456, 47.502832201332993 ], [ 26.777533411492747, 47.502796379751032 ], [ 26.777571145485759, 47.502729606611517 ], [ 26.777608892654605, 47.502662833255364 ], [ 26.777658380304874, 47.502652710042227 ], [ 26.777760533363491, 47.502631812118651 ], [ 26.777854409019739, 47.502588837894955 ], [ 26.778281365969601, 47.502393400021418 ], [ 26.778394225804423, 47.502409312510942 ], [ 26.778543958464859, 47.502239604704073 ], [ 26.778902155482445, 47.502069670309773 ], [ 26.779175415287252, 47.501940036167369 ], [ 26.779367423979451, 47.501848937069205 ], [ 26.779460634361406, 47.501745165292377 ], [ 26.779622230778049, 47.501690760418263 ], [ 26.779965154304371, 47.50157530493145 ], [ 26.780668849544114, 47.501230258997737 ], [ 26.781209985443116, 47.501020184298049 ], [ 26.781788451787619, 47.500866597858341 ], [ 26.782282814132909, 47.500764634845957 ], [ 26.782687456268178, 47.500697154577502 ], [ 26.783041660273977, 47.500673630417175 ], [ 26.78327218677336, 47.500667524410041 ], [ 26.783626868310435, 47.500707865369151 ], [ 26.784125398645273, 47.500837621961814 ], [ 26.784261793192357, 47.50084119275877 ], [ 26.784814443507845, 47.500994494501093 ], [ 26.78490786210962, 47.501003529535147 ], [ 26.785378137691296, 47.501048978489337 ], [ 26.785502053139872, 47.501078289515213 ], [ 26.785659688359374, 47.501107576385451 ], [ 26.785721493103026, 47.501099833147052 ], [ 26.785811362054059, 47.501075824412581 ], [ 26.785966787593907, 47.500965880983642 ], [ 26.786063225446107, 47.500858221618948 ], [ 26.786183551431161, 47.500705176636686 ], [ 26.786323867248058, 47.50052670594053 ], [ 26.786570637045159, 47.500453122412203 ], [ 26.786885552247718, 47.500250533625099 ], [ 26.787125372160396, 47.500146324266552 ], [ 26.787365191131002, 47.500042114414548 ], [ 26.787636789089305, 47.499952897315545 ], [ 26.787908386432736, 47.499863688575743 ], [ 26.787990840860921, 47.499917521085059 ], [ 26.788244666445863, 47.500083254942041 ], [ 26.788498493910588, 47.500248997213838 ], [ 26.788752335920446, 47.500414729712418 ], [ 26.789006166239599, 47.500580461838538 ], [ 26.78916351993005, 47.50068320374946 ], [ 26.789379062798215, 47.500823939619544 ], [ 26.789492575850627, 47.500898046831864 ], [ 26.789551249539109, 47.500949689952172 ], [ 26.789669543120439, 47.500986658188097 ], [ 26.789787836864551, 47.501023626301851 ], [ 26.789906131073266, 47.501060603285012 ], [ 26.790006001533136, 47.501066439959658 ], [ 26.79010588528239, 47.501072276343514 ], [ 26.790190838789822, 47.501049014747814 ], [ 26.790320044199117, 47.50101361804321 ], [ 26.790553211192169, 47.500949754049046 ], [ 26.790684720481238, 47.500901546523977 ], [ 26.790777002001132, 47.50084392219393 ], [ 26.79088650066921, 47.500824977442115 ], [ 26.791051935765978, 47.500796334881798 ], [ 26.791401032303202, 47.500624099793754 ], [ 26.791628667662241, 47.500721966028742 ], [ 26.791933166711086, 47.500852894256681 ], [ 26.792131088453075, 47.500937993621868 ], [ 26.792329010824215, 47.501023092642242 ], [ 26.79247097188788, 47.501060691114319 ], [ 26.792695707265267, 47.501010663514116 ], [ 26.792847662843219, 47.500975974124316 ], [ 26.792976668431649, 47.5009548188089 ], [ 26.793223826773946, 47.500914294789979 ], [ 26.793304539499573, 47.500898797333242 ], [ 26.793445931261608, 47.500894219359175 ], [ 26.793534583539561, 47.500900046431461 ], [ 26.793627343303321, 47.500922597211414 ], [ 26.793692500047168, 47.500965969355597 ], [ 26.793809349388386, 47.500998988311181 ], [ 26.794335790676005, 47.500993207079716 ], [ 26.794319474801071, 47.501099670689833 ], [ 26.794321589722735, 47.501173921156408 ], [ 26.79432347113525, 47.501240447335213 ], [ 26.79433728516932, 47.501297045932844 ], [ 26.7943540414004, 47.501365717169406 ], [ 26.794381541909736, 47.501425045964716 ], [ 26.794413044252639, 47.501513722061397 ], [ 26.794449417662417, 47.501616159270483 ], [ 26.794471586448857, 47.501669326989337 ], [ 26.794510480677335, 47.501731889204898 ], [ 26.794592507999759, 47.501863821285156 ], [ 26.794701345912614, 47.502038899192193 ], [ 26.794836740660259, 47.502256667954967 ], [ 26.794944548969852, 47.502240309508181 ], [ 26.795081971484723, 47.502183611934491 ], [ 26.795147794079025, 47.502115426795278 ], [ 26.795213616505542, 47.502047241618044 ], [ 26.795202137592135, 47.501982357325701 ], [ 26.795114941847039, 47.501904744819711 ], [ 26.795143262888274, 47.501869373785389 ], [ 26.795246622357087, 47.501740287178215 ], [ 26.795349981631396, 47.501611209467434 ], [ 26.795528229959817, 47.501552674236045 ], [ 26.79560394426527, 47.501510569234682 ], [ 26.795771109818599, 47.501432035195265 ], [ 26.795967384398047, 47.501343127423588 ], [ 26.796081448956443, 47.501269813900961 ], [ 26.796242071877835, 47.501166577373056 ], [ 26.796335318772506, 47.501085372093755 ], [ 26.796444956141265, 47.501031199070944 ], [ 26.79650090960568, 47.500968464748588 ], [ 26.796767445332907, 47.500834142697393 ], [ 26.797211757639193, 47.501094374726904 ], [ 26.797466846063941, 47.501243776606479 ], [ 26.797572118491406, 47.501305426684844 ], [ 26.797670147703123, 47.501371165270754 ], [ 26.797715204067707, 47.501382522502304 ], [ 26.79777121243697, 47.501424558685173 ], [ 26.797824896973896, 47.501443357177372 ], [ 26.7978947168479, 47.501467816307454 ], [ 26.797974171290797, 47.501466585377848 ], [ 26.798021450081755, 47.501450945876243 ], [ 26.798068741810283, 47.501435297158352 ], [ 26.798116020545301, 47.501419657618456 ], [ 26.798207860390171, 47.501389284242258 ], [ 26.798296317690429, 47.501414470942635 ], [ 26.798440256858633, 47.501455450128105 ], [ 26.798543919722164, 47.501503584706413 ], [ 26.799196328112984, 47.501806510618778 ], [ 26.799465751862876, 47.501946518573817 ], [ 26.799444774944011, 47.501983845984618 ], [ 26.799423785030552, 47.502021182588656 ], [ 26.799408978767673, 47.502031695033992 ], [ 26.799394172499039, 47.502042207477359 ], [ 26.799390865611617, 47.502064191950822 ], [ 26.799399827721953, 47.502090952204007 ], [ 26.799448210877149, 47.502097399135565 ], [ 26.799496593740145, 47.502103837055145 ], [ 26.799601455137388, 47.502117810807867 ], [ 26.799712379819034, 47.502154469302056 ], [ 26.799794356618989, 47.502159495493245 ], [ 26.799830837360194, 47.50218617080963 ], [ 26.799906398648925, 47.502241415311509 ], [ 26.799904083518932, 47.502277427784371 ], [ 26.799869319957828, 47.502289806181345 ], [ 26.799797157504759, 47.502277808575229 ], [ 26.799724995083647, 47.502265810923902 ], [ 26.799557760233835, 47.502238014402685 ], [ 26.799426967738416, 47.50224047424166 ], [ 26.799213000761117, 47.5022445113147 ], [ 26.799075030537853, 47.502247109023031 ], [ 26.79889501496444, 47.502250493241199 ], [ 26.798757337537449, 47.502270026233916 ], [ 26.798619659703714, 47.502289550072135 ], [ 26.798586547471874, 47.502304448467804 ], [ 26.798553422255861, 47.502319356051451 ], [ 26.798532837609375, 47.502360068844304 ], [ 26.798542068878355, 47.502402289777827 ], [ 26.798556714683528, 47.502469229840862 ], [ 26.79854361049744, 47.502531364057226 ], [ 26.79852784230717, 47.502549574207833 ], [ 26.798512061140457, 47.50256779355351 ], [ 26.798482364163238, 47.502602071186942 ], [ 26.798452667451471, 47.502636357804249 ], [ 26.798412466356154, 47.502682754393746 ], [ 26.798413996617363, 47.502728099460924 ], [ 26.79841552688174, 47.502773444527151 ], [ 26.798467976700248, 47.502801636094055 ], [ 26.798520413304775, 47.502829827842191 ], [ 26.798608357334579, 47.502833044093151 ], [ 26.798729267159878, 47.502837467658885 ], [ 26.798997487298202, 47.502896869711208 ], [ 26.799077432176695, 47.502878249422075 ], [ 26.799157376695025, 47.502859620086461 ], [ 26.79921014233372, 47.502865693304066 ], [ 26.799313101136907, 47.502877537688214 ], [ 26.799366292089754, 47.502905249550224 ], [ 26.799479755408164, 47.502964359877723 ], [ 26.799609728285084, 47.502962344531355 ], [ 26.799739714419179, 47.50296032883373 ], [ 26.79986968727199, 47.502958313196316 ], [ 26.799940863824652, 47.502957209318559 ], [ 26.800028646158584, 47.502989431359829 ], [ 26.800195901717, 47.502991038407842 ], [ 26.800363156978115, 47.502992636223063 ], [ 26.800518811834003, 47.503017507500871 ], [ 26.800677026443822, 47.503015187751814 ], [ 26.800826931823678, 47.502972845834016 ], [ 26.80097683726682, 47.502930512715373 ], [ 26.801361093178333, 47.502917199047829 ], [ 26.801540311057206, 47.502863056770728 ], [ 26.801665570110774, 47.502787593780717 ], [ 26.801843159432533, 47.502680595515741 ], [ 26.802018534682173, 47.502649875775163 ], [ 26.802134927994821, 47.502629490894243 ], [ 26.802298184930851, 47.502678945834099 ], [ 26.802461442167232, 47.502728400541251 ], [ 26.802686107559413, 47.502796459341617 ], [ 26.802929106338642, 47.502937850384804 ], [ 26.80317210640526, 47.503079240902309 ], [ 26.803325163876664, 47.503273298957382 ], [ 26.803478235435403, 47.503467347589947 ], [ 26.803594557937078, 47.503708046642664 ], [ 26.803656645950543, 47.503836530805572 ], [ 26.803826288769116, 47.503990944221407 ], [ 26.803949288596389, 47.504102899728188 ], [ 26.804333761785198, 47.504237320634367 ], [ 26.80486222728916, 47.504484402966867 ], [ 26.805247065223547, 47.504664318939589 ], [ 26.805533412606938, 47.504798202011749 ], [ 26.805819774388716, 47.504932075162117 ], [ 26.806120007324388, 47.504998438748054 ], [ 26.806311271716744, 47.505040713931685 ], [ 26.806495315515527, 47.505040350346206 ], [ 26.806766236415267, 47.50503980354641 ], [ 26.807054769213821, 47.505079393683054 ], [ 26.807189851272621, 47.505227880930832 ], [ 26.807324947662892, 47.505376376792327 ], [ 26.807650305666254, 47.505591487344006 ], [ 26.80787478507705, 47.505795168657428 ], [ 26.808099279479077, 47.505998849301413 ], [ 26.808323762332396, 47.506202529689475 ], [ 26.808703418865534, 47.506196613626337 ], [ 26.809083062025664, 47.506190696528655 ], [ 26.809084823137702, 47.506242569252223 ], [ 26.80915846326663, 47.506256805183952 ], [ 26.809189244799271, 47.506291762131347 ], [ 26.809230689451812, 47.506304475704084 ], [ 26.809272147088894, 47.506317180063334 ], [ 26.809362804755924, 47.506344987023539 ], [ 26.809414643943903, 47.50638307023533 ], [ 26.809449475563298, 47.506408652707755 ], [ 26.809516252963959, 47.506457721474384 ], [ 26.809537755983904, 47.506497815989292 ], [ 26.809640921080234, 47.506533047666778 ], [ 26.809744086312055, 47.506568279251105 ], [ 26.809825409316328, 47.506596042485761 ], [ 26.809906719439969, 47.506623814861101 ], [ 26.80998619077576, 47.506633803004199 ], [ 26.810065649175844, 47.506643800291236 ], [ 26.810145107604942, 47.506653797523605 ], [ 26.81026930223215, 47.506669421389802 ], [ 26.810325985915892, 47.506676553023041 ], [ 26.810394943210113, 47.506678374229608 ], [ 26.810470538543203, 47.506668846357329 ], [ 26.810564153565107, 47.506657049122559 ], [ 26.810627537114492, 47.506642538729054 ], [ 26.810690907358772, 47.506628028508224 ], [ 26.810769422730591, 47.506645435060456 ], [ 26.810822735888188, 47.50667528094791 ], [ 26.810855842227863, 47.506688357948505 ], [ 26.810895028448641, 47.506672101803659 ], [ 26.810973977370679, 47.506639364564485 ], [ 26.811001843583682, 47.506620145276607 ], [ 26.811064711639485, 47.506576800254599 ], [ 26.811127566322916, 47.506533455405553 ], [ 26.811190434174204, 47.506490110315276 ], [ 26.811253288653145, 47.506446765398039 ], [ 26.811286409244502, 47.50642393745138 ], [ 26.811343705928365, 47.506414343722575 ], [ 26.811400989321214, 47.506404750172713 ], [ 26.811442439628262, 47.506419954872889 ], [ 26.811529763953484, 47.506451995499376 ], [ 26.811589915190176, 47.506513086734493 ], [ 26.811650066565463, 47.506574177936031 ], [ 26.811708178105466, 47.506678753523843 ], [ 26.811792218730314, 47.50678250147795 ], [ 26.811920816057402, 47.506941241427974 ], [ 26.81199623732147, 47.507116735070255 ], [ 26.812101386380622, 47.507270344100576 ], [ 26.812227856638835, 47.50745509848403 ], [ 26.812505310199722, 47.507703609410193 ], [ 26.812720875104947, 47.507733034612016 ], [ 26.812850339725738, 47.507733306552574 ], [ 26.81297980434568, 47.507733578348798 ], [ 26.813053014047611, 47.507737022882495 ], [ 26.813126223758314, 47.507740467369899 ], [ 26.813267122851098, 47.507760712129325 ], [ 26.813408022048467, 47.507780956716786 ], [ 26.81351362184585, 47.507786143971636 ], [ 26.813790737936252, 47.507786581648922 ], [ 26.814004286472709, 47.507762597418932 ], [ 26.814217834811267, 47.507738612797183 ], [ 26.814442847940835, 47.507737434329087 ], [ 26.81460662716054, 47.507784263963387 ], [ 26.814924683979854, 47.507810220331123 ], [ 26.815636854180568, 47.507771012714649 ], [ 26.815878209174503, 47.507774424870696 ], [ 26.816158605781148, 47.507778395127666 ], [ 26.816458612363334, 47.507815443418664 ], [ 26.816573508364872, 47.50784287442599 ], [ 26.816688391212601, 47.507870305526247 ], [ 26.816800106084109, 47.507934104552845 ], [ 26.816927071941105, 47.507940123775754 ], [ 26.817343730587787, 47.507959869752234 ], [ 26.817569186685223, 47.507991110302129 ], [ 26.817800759042012, 47.508012475537541 ], [ 26.818036243098682, 47.507985819245725 ], [ 26.818159844363041, 47.507971827860572 ], [ 26.818283445560649, 47.507957836344168 ], [ 26.818603417855645, 47.507895111132662 ], [ 26.818698748442536, 47.50787171109382 ], [ 26.818754652724891, 47.507844655529915 ], [ 26.818924472353295, 47.507700750751326 ], [ 26.819079326529707, 47.507598823566397 ], [ 26.819217855390267, 47.507543753415739 ], [ 26.819324246721706, 47.507506010146273 ], [ 26.819590686028505, 47.507436834234085 ], [ 26.81970569718754, 47.507412405087791 ], [ 26.81984007612802, 47.507354430434077 ], [ 26.820013023080556, 47.507241962367459 ], [ 26.820185969302628, 47.507129494043149 ], [ 26.820314798078947, 47.507082041694524 ], [ 26.820443626624289, 47.507034589203528 ], [ 26.820662366282683, 47.50697812417993 ], [ 26.820925821144161, 47.506901390004792 ], [ 26.821077660754732, 47.506785248060908 ], [ 26.821168863766307, 47.506628350073569 ], [ 26.821295636382864, 47.506491279677057 ], [ 26.821422408657817, 47.506354218130568 ], [ 26.821551495562723, 47.50608525074454 ], [ 26.821695594019978, 47.505862397053676 ], [ 26.82178838056911, 47.505718905277497 ], [ 26.821864230920578, 47.505601597938693 ], [ 26.822004768132455, 47.505481241845793 ], [ 26.822166136756504, 47.505343042494218 ], [ 26.822327504545587, 47.505204842916413 ], [ 26.822436750527412, 47.505085778272843 ], [ 26.82257529568917, 47.504967036090882 ], [ 26.822728579240501, 47.504889877597783 ], [ 26.823038891249666, 47.504733683883977 ], [ 26.823126911806398, 47.504699797159688 ], [ 26.823507898759789, 47.504458402395748 ], [ 26.823782831535524, 47.50428420289402 ], [ 26.82422887751035, 47.504130739873474 ], [ 26.824674907935268, 47.503977284347343 ], [ 26.824903637469088, 47.503825336956275 ], [ 26.825084178041013, 47.50370728974255 ], [ 26.82533590199327, 47.50353020370008 ], [ 26.825539437194934, 47.503387017928354 ], [ 26.82565662159271, 47.503312033633385 ], [ 26.825799513668169, 47.503226730718772 ], [ 26.825920390155886, 47.50315800355262 ], [ 26.826028109267533, 47.50305284982911 ], [ 26.826344065865378, 47.502715235168452 ], [ 26.826585249101434, 47.502493878783255 ], [ 26.826747472466963, 47.502289427541939 ], [ 26.82679233279752, 47.502232889560943 ], [ 26.826994829028941, 47.502031384577968 ], [ 26.827197323735174, 47.501829879235984 ], [ 26.827464275028216, 47.50161452962837 ], [ 26.827650942616135, 47.501504802383302 ], [ 26.827837609125854, 47.5013950658468 ], [ 26.827985950070392, 47.501307856998835 ], [ 26.828176246224398, 47.501195993544563 ], [ 26.828295123827893, 47.501126107740731 ], [ 26.828414001119157, 47.501056221815311 ], [ 26.828507613358028, 47.501025778378732 ], [ 26.828552384390644, 47.501011218447772 ], [ 26.828606709114741, 47.501000772275674 ], [ 26.828659240328069, 47.50100305730863 ], [ 26.828738083904735, 47.501006493073241 ], [ 26.828791956485613, 47.50101382190352 ], [ 26.828845254504731, 47.501030713980313 ], [ 26.828893358025756, 47.501055235905696 ], [ 26.828940486512067, 47.501107437223432 ], [ 26.828983285201531, 47.501178149456429 ], [ 26.829013099448645, 47.501229112213224 ], [ 26.829057425177862, 47.501304856348277 ], [ 26.829095827890885, 47.501370482861738 ], [ 26.829139603971328, 47.50144529100038 ], [ 26.82917912116779, 47.501512825156098 ], [ 26.829204664370213, 47.501544935672769 ], [ 26.829251789444211, 47.501574969694808 ], [ 26.82929892814871, 47.501605012479416 ], [ 26.829366779019452, 47.501648250400287 ], [ 26.829424912685617, 47.501701177683834 ], [ 26.829487430845784, 47.501735638107967 ], [ 26.829521254635953, 47.501760672768427 ], [ 26.829575631231215, 47.501756747749447 ], [ 26.829606183173695, 47.501754538778265 ], [ 26.829640064972878, 47.501729831193018 ], [ 26.829736801084252, 47.501659276394278 ], [ 26.82977763255407, 47.501616970121631 ], [ 26.829836731983811, 47.501555726183994 ], [ 26.829936662496774, 47.501452175886108 ], [ 26.829956179697984, 47.501440622586536 ], [ 26.830191792668987, 47.501345278396435 ], [ 26.830423987273701, 47.501291515196705 ], [ 26.830587827367481, 47.501312447623299 ], [ 26.831234220027753, 47.501285066550494 ], [ 26.831251142355786, 47.501286868706742 ], [ 26.831285050613815, 47.501298118982646 ], [ 26.831302036548706, 47.501307567102216 ], [ 26.831307996505373, 47.501338060951639 ], [ 26.831285820785904, 47.501387369510439 ], [ 26.831265399928764, 47.501479248515381 ], [ 26.831244978694592, 47.501571118522378 ], [ 26.831230804832213, 47.50159907819949 ], [ 26.831231460464988, 47.501618158298271 ], [ 26.831273337128565, 47.501646097186807 ], [ 26.831312288460307, 47.50166578750509 ], [ 26.83135122686085, 47.501685487010874 ], [ 26.831375940951251, 47.501681840300996 ], [ 26.831418091380275, 47.501675633330493 ], [ 26.831460228221562, 47.501669417562461 ], [ 26.831534463318274, 47.501658475881825 ], [ 26.831592233591465, 47.501634326338788 ], [ 26.831675761082852, 47.501599415337196 ], [ 26.831759288155283, 47.501564495284164 ], [ 26.831896619690813, 47.501507089436345 ], [ 26.831993850627946, 47.50147728778304 ], [ 26.832164362831222, 47.501425034574993 ], [ 26.832212538838011, 47.501443886234597 ], [ 26.832265571158604, 47.501485827038032 ], [ 26.832275551157341, 47.501535149897663 ], [ 26.832314189553454, 47.501583570459985 ], [ 26.832337489011735, 47.501632611044585 ], [ 26.832384033174041, 47.501655734718483 ], [ 26.832427240525682, 47.50166173685534 ], [ 26.832459747254628, 47.501656923283768 ], [ 26.832492240399521, 47.501652100921014 ], [ 26.832513284915997, 47.501627451242506 ], [ 26.832555563337607, 47.501577869992531 ], [ 26.832597855258982, 47.501528297508784 ], [ 26.832640146792922, 47.501478716017573 ], [ 26.832707544034704, 47.501443060377078 ], [ 26.832786958803748, 47.501366955827308 ], [ 26.832852970281905, 47.501322667405844 ], [ 26.832955497769724, 47.501253889663133 ], [ 26.83306317429447, 47.501198570143352 ], [ 26.833159677405931, 47.501197045820923 ], [ 26.833220059038023, 47.501248073468624 ], [ 26.833227610640673, 47.501292000766661 ], [ 26.833243009943782, 47.50138151502393 ], [ 26.833258409610192, 47.501471038267091 ], [ 26.833347245987827, 47.501546878360578 ], [ 26.83338167283544, 47.501630298294053 ], [ 26.83348591579939, 47.501743356074392 ], [ 26.833559750577674, 47.50182342742881 ], [ 26.833633585888329, 47.501903507723775 ], [ 26.833679260551701, 47.501953040180801 ], [ 26.83373858650917, 47.50197180500254 ], [ 26.833859702139883, 47.501988333914959 ], [ 26.8339835115478, 47.50198669230123 ], [ 26.834134944437771, 47.501948673202556 ], [ 26.834252694731983, 47.501915639511189 ], [ 26.834409665143596, 47.501882300641988 ], [ 26.834577925010116, 47.501837537539529 ], [ 26.834746184590912, 47.5017927741943 ], [ 26.834985148497822, 47.501715135223293 ], [ 26.835204124891586, 47.501624587052454 ], [ 26.835328108564998, 47.501591408699099 ], [ 26.835452092082416, 47.501558230213867 ], [ 26.835575154808581, 47.501504104438943 ], [ 26.835698217283529, 47.501449978534154 ], [ 26.835748628969046, 47.501435416556113 ], [ 26.835838203021684, 47.501405390913767 ], [ 26.836103182460523, 47.501193983709229 ], [ 26.836274175617582, 47.500985142609039 ], [ 26.836375328605101, 47.500861595161751 ], [ 26.836476481436517, 47.500738056615084 ], [ 26.836617635729827, 47.500565654943976 ], [ 26.836670673690428, 47.500529099646528 ], [ 26.836740568052811, 47.500498215196764 ], [ 26.836810462333741, 47.50046733070505 ], [ 26.8368661897936, 47.500424075372059 ], [ 26.836906291768283, 47.500374275017364 ], [ 26.836924186169473, 47.500346507614118 ], [ 26.836941530725973, 47.500273901595413 ], [ 26.836940975516338, 47.500102959786702 ], [ 26.836941405767579, 47.500007212720149 ], [ 26.836942388456034, 47.499793072566661 ], [ 26.836914271553177, 47.499592806719903 ], [ 26.836855660761572, 47.499444528226235 ], [ 26.836808981886353, 47.499334295778986 ], [ 26.836779223789645, 47.499227753937419 ], [ 26.836747812778224, 47.499105989252357 ], [ 26.836697806808512, 47.499020540668525 ], [ 26.836691701161914, 47.498843371113892 ], [ 26.836604697014728, 47.498676244434954 ], [ 26.836500801517111, 47.498510104712459 ], [ 26.83646653843142, 47.498384516583656 ], [ 26.836456361408423, 47.498181627556754 ], [ 26.836493967544484, 47.498067137258367 ], [ 26.836570728076094, 47.497944740159085 ], [ 26.836738706042073, 47.497715010950451 ], [ 26.836827655053696, 47.497645859724528 ], [ 26.836965746639112, 47.497573591457865 ], [ 26.837106950677761, 47.497518456993042 ], [ 26.837232786754768, 47.497471932365855 ], [ 26.837391024549429, 47.497395692063371 ], [ 26.837444980634956, 47.49736970163805 ], [ 26.837657173698222, 47.497267470523759 ], [ 26.837707514241661, 47.49725097451762 ], [ 26.837870012272383, 47.497210930828679 ], [ 26.838007678767891, 47.497203397586347 ], [ 26.838294457621377, 47.497198810109467 ], [ 26.838516763902319, 47.497207028741798 ], [ 26.838702374101604, 47.497205887289184 ], [ 26.838814790390384, 47.497199472878627 ], [ 26.838893560636183, 47.497200923642986 ], [ 26.839125826618286, 47.497213472523086 ], [ 26.839297756570701, 47.497242514154713 ], [ 26.839547319595049, 47.4972846653083 ], [ 26.839727681167766, 47.497304522203962 ], [ 26.839985549080421, 47.497337274397779 ], [ 26.840155957857032, 47.49735337497296 ], [ 26.840446077608679, 47.497385929602601 ], [ 26.840526438433482, 47.497393066792618 ], [ 26.840667349505885, 47.49741413268795 ], [ 26.840955848996213, 47.497428583863069 ], [ 26.841079415207101, 47.497416367586247 ], [ 26.841117397175214, 47.497400677920545 ], [ 26.841149943233177, 47.497381727799443 ], [ 26.841229856972905, 47.49736708214774 ], [ 26.841309770357306, 47.497352427449684 ], [ 26.841370728019374, 47.497341258226854 ], [ 26.841431685655444, 47.49733008897212 ], [ 26.841563579559722, 47.497327996008011 ], [ 26.841615556659082, 47.497311256410477 ], [ 26.841656682366455, 47.497272836574325 ], [ 26.841711233466128, 47.497221869495867 ], [ 26.841728226145399, 47.497183859619675 ], [ 26.841797818775024, 47.497134848917668 ], [ 26.841867411276716, 47.497085838173859 ], [ 26.841901845762585, 47.49705393892971 ], [ 26.841969898130674, 47.496986104957969 ], [ 26.842037950326255, 47.496918270945649 ], [ 26.842112674007623, 47.496857573147935 ], [ 26.8421478600273, 47.496828990590373 ], [ 26.842165058822346, 47.496817696892428 ], [ 26.842255136252383, 47.496779516342031 ], [ 26.842390703665426, 47.496718985992551 ], [ 26.842513201992332, 47.496672094719742 ], [ 26.842635700102431, 47.496625203318196 ], [ 26.842741249778655, 47.496573425936823 ], [ 26.842846785981688, 47.496521648670594 ], [ 26.842942392740998, 47.496487922985544 ], [ 26.843037999378449, 47.496454197222249 ], [ 26.843116540370733, 47.49641180892754 ], [ 26.843184626946734, 47.496355012337645 ], [ 26.843275731593831, 47.496279020462659 ], [ 26.843357538480898, 47.496220917256579 ], [ 26.843439345189687, 47.496162813992648 ], [ 26.843530449146165, 47.496086821916769 ], [ 26.843621552843519, 47.496010829768871 ], [ 26.843684038649165, 47.495983261439484 ], [ 26.843792914711216, 47.495935226733323 ], [ 26.843856299151298, 47.495903325721088 ], [ 26.843957955344823, 47.495874145238162 ], [ 26.844034138646649, 47.49585228774108 ], [ 26.84416104575174, 47.495844675223125 ], [ 26.84425453419351, 47.495820761266614 ], [ 26.844339984393265, 47.495778613173556 ], [ 26.844407461963524, 47.49574532431761 ], [ 26.844539989087071, 47.49571101046994 ], [ 26.844685914283222, 47.495707503354083 ], [ 26.844789251498685, 47.49569393129434 ], [ 26.844868612932899, 47.495699479978143 ], [ 26.845004433112226, 47.495658302906868 ], [ 26.845140252768395, 47.495617116685949 ], [ 26.845239155938241, 47.495575167849914 ], [ 26.845281791887544, 47.495552493485576 ], [ 26.845367676339691, 47.495506820090377 ], [ 26.845466888147062, 47.495468428754002 ], [ 26.845549709266347, 47.495450072275261 ], [ 26.845697891949833, 47.49543204363929 ], [ 26.845797452553708, 47.495430568034635 ], [ 26.845857543515404, 47.495448891678876 ], [ 26.845917647473982, 47.495467206089053 ], [ 26.845977738517629, 47.495485529670205 ], [ 26.846054653197307, 47.495508974482206 ], [ 26.846102569554905, 47.495508841965716 ], [ 26.846150485911959, 47.495508709429451 ], [ 26.84620098998781, 47.495500888693499 ], [ 26.846251494048627, 47.495493067935612 ], [ 26.846335987621174, 47.495465516868329 ], [ 26.846431611630152, 47.495423592186327 ], [ 26.8465328091464, 47.495393499078048 ], [ 26.846617451299739, 47.495368329506036 ], [ 26.846720409578921, 47.495337722402297 ], [ 26.846853784561667, 47.495298066472017 ], [ 26.846952722208222, 47.495285516118066 ], [ 26.847051659806748, 47.495272965679987 ], [ 26.847219097539991, 47.495251722746012 ], [ 26.847318206859033, 47.495239151352912 ], [ 26.847373927803893, 47.495251642087659 ], [ 26.84747399828327, 47.495274078580358 ], [ 26.847537889792186, 47.495264550706921 ], [ 26.847620871636781, 47.495276517335498 ], [ 26.847661722166333, 47.495282407364385 ], [ 26.847692242357969, 47.49529319401401 ], [ 26.847797888379521, 47.495330565585469 ], [ 26.84787329548395, 47.495339224987212 ], [ 26.847928057980802, 47.495345505150908 ], [ 26.847982820802002, 47.495351794280246 ], [ 26.848037583323809, 47.495358074392136 ], [ 26.848082729192825, 47.495340828877161 ], [ 26.848143784557326, 47.495339856514057 ], [ 26.848186941411271, 47.495340284746206 ], [ 26.848210508545243, 47.495350381311241 ], [ 26.848261604802602, 47.495372283631603 ], [ 26.848338480279335, 47.495393424461817 ], [ 26.848486348195912, 47.495434099346227 ], [ 26.848717069765865, 47.495497564708288 ], [ 26.84887694666395, 47.495541538418529 ], [ 26.849036823823006, 47.495585511905844 ], [ 26.849167265361398, 47.495643080108678 ], [ 26.849279101188895, 47.495709590290694 ], [ 26.84945563439301, 47.49577715645934 ], [ 26.849484643121549, 47.495801749348303 ], [ 26.849483954038845, 47.495832771221771 ], [ 26.849521340401438, 47.495864670676106 ], [ 26.849588283772022, 47.495878429925789 ], [ 26.849676191881414, 47.495896515156026 ], [ 26.849764113004827, 47.495914591116112 ], [ 26.849875545500144, 47.495920101976829 ], [ 26.849986964437608, 47.495925603950397 ], [ 26.85011977943876, 47.495932177147672 ], [ 26.850214244257998, 47.495936842635707 ], [ 26.85033558343342, 47.495942842850624 ], [ 26.850468442852886, 47.495930810203639 ], [ 26.850649827773253, 47.495914386955924 ], [ 26.850921699918079, 47.49588977281698 ], [ 26.851152482426205, 47.495884904059722 ], [ 26.851264349481042, 47.495876552061333 ], [ 26.851574794511933, 47.495853390220283 ], [ 26.851805464362659, 47.495853308092684 ], [ 26.852232755132498, 47.495853155140587 ], [ 26.852378690842194, 47.495827794699373 ], [ 26.852569489207436, 47.495783185109204 ], [ 26.852648709084008, 47.495752168995566 ], [ 26.852920217269986, 47.495678947916915 ], [ 26.853035740107646, 47.495662367014823 ], [ 26.853124299147478, 47.495615151695851 ], [ 26.853174671124876, 47.495588284449234 ], [ 26.853191314839631, 47.495556521931967 ], [ 26.853281521711047, 47.495519293270597 ], [ 26.853403950881532, 47.495498247396064 ], [ 26.853460794650605, 47.495530761477006 ], [ 26.85357040724519, 47.495528992700208 ], [ 26.853680033098037, 47.495527223608008 ], [ 26.853797498568273, 47.495469568900837 ], [ 26.853914963783541, 47.495411914075284 ], [ 26.854015804804362, 47.4953743620027 ], [ 26.854116645682069, 47.495336809842975 ], [ 26.854244600929597, 47.495281173216519 ], [ 26.854292223830836, 47.495262689152355 ], [ 26.854363916603827, 47.49527177255267 ], [ 26.854437661840404, 47.495267355354208 ], [ 26.854551364984136, 47.495245440095623 ], [ 26.854697004251722, 47.495241394146746 ], [ 26.85481680987456, 47.495238066816796 ], [ 26.854971387347533, 47.49523376969875 ], [ 26.855105197324416, 47.49523005627232 ], [ 26.855476697563674, 47.495262891697109 ], [ 26.856044952123387, 47.495256071359172 ], [ 26.856294415161749, 47.495180109102058 ], [ 26.856426725395053, 47.495139820378313 ], [ 26.856550875578215, 47.495117556090932 ], [ 26.856651598337979, 47.49513688846568 ], [ 26.85684706068804, 47.495107824074786 ], [ 26.857070189726421, 47.495074655024361 ], [ 26.85725784380471, 47.495057329377154 ], [ 26.857566097291727, 47.495006909112405 ], [ 26.857981432574746, 47.494972802569336 ], [ 26.858200562885273, 47.494954809481229 ], [ 26.858526436269489, 47.494931597817327 ], [ 26.858648237354917, 47.494924231118929 ], [ 26.858822396316864, 47.494925345996947 ], [ 26.859392844109919, 47.494928991007065 ], [ 26.859619737418335, 47.49492654275636 ], [ 26.85974499557695, 47.494936464767761 ], [ 26.859873158758241, 47.494928446034287 ], [ 26.860081458096182, 47.494947778548443 ], [ 26.860297366096695, 47.494955005368638 ], [ 26.86082328511284, 47.495021568030062 ], [ 26.860843393241026, 47.494986132215935 ], [ 26.860901042204262, 47.494884563829068 ], [ 26.860952356008902, 47.494884802524211 ], [ 26.861641807871319, 47.494888048390209 ], [ 26.861624311425768, 47.495009646994738 ], [ 26.86174032598236, 47.495012958768761 ], [ 26.862143100908355, 47.495024435199824 ], [ 26.86264286247944, 47.495038671842451 ], [ 26.862998626261891, 47.495048812694506 ], [ 26.863154628035449, 47.495056429162169 ], [ 26.863258552671653, 47.495056784752002 ], [ 26.863884503068054, 47.495058913732208 ], [ 26.864507983182179, 47.495070111525095 ], [ 26.864485453455437, 47.495255972596667 ], [ 26.865897309419811, 47.496259574680529 ], [ 26.866094948667662, 47.496437541385291 ], [ 26.866140138832446, 47.496414494342474 ], [ 26.866241370183552, 47.496386380654215 ], [ 26.86631462457229, 47.496352761134261 ], [ 26.866348580132961, 47.496337181863623 ], [ 26.866445546722456, 47.496292672968998 ], [ 26.866522681787615, 47.496234169523348 ], [ 26.866623285490967, 47.496186633125376 ], [ 26.866756605546936, 47.496174943247489 ], [ 26.866836579807146, 47.496197515462043 ], [ 26.866936855394457, 47.496197089804276 ], [ 26.867037131293873, 47.496196673051365 ], [ 26.86713112425215, 47.4961677214039 ], [ 26.867214123671673, 47.496125829655305 ], [ 26.867297109693123, 47.496083938060991 ], [ 26.867437878681788, 47.496084056910178 ], [ 26.86820413089438, 47.495971115511274 ], [ 26.868438896397024, 47.495848131947035 ], [ 26.868540005716998, 47.495798804406817 ], [ 26.868616735499803, 47.495750786997696 ], [ 26.868690861685252, 47.495785642387922 ], [ 26.868764974700049, 47.495820497943193 ], [ 26.868799050427089, 47.495860244581927 ], [ 26.868833112938123, 47.495899991423308 ], [ 26.868869814379817, 47.495916943566378 ], [ 26.86889652708799, 47.495917817855727 ], [ 26.868923239797034, 47.49591869213895 ], [ 26.868962558390184, 47.495911851300534 ], [ 26.869001876973044, 47.495905010448915 ], [ 26.869068248035532, 47.495881099307503 ], [ 26.869108212981445, 47.495857865352214 ], [ 26.869320317898374, 47.495734552232918 ], [ 26.869409633445308, 47.49571006436333 ], [ 26.869498978087346, 47.495711386964501 ], [ 26.869650600002629, 47.49571364038156 ], [ 26.869773417261477, 47.495616028551005 ], [ 26.869861232014333, 47.495565042773599 ], [ 26.869908842693807, 47.495546732382479 ], [ 26.869978711741183, 47.49554649716044 ], [ 26.870515795621166, 47.495517607953431 ], [ 26.870571937754274, 47.495505997123473 ], [ 26.870717351768924, 47.49543199574169 ], [ 26.870924502961394, 47.495319357380318 ], [ 26.871181769017021, 47.49522802400363 ], [ 26.871359882679489, 47.495091058645848 ], [ 26.871681314673005, 47.494950180097248 ], [ 26.871835404015023, 47.494855300355717 ], [ 26.871866179382661, 47.494829748608169 ], [ 26.871896955036526, 47.494804205843742 ], [ 26.871961513341191, 47.494788850959978 ], [ 26.871991918104573, 47.494761442875316 ], [ 26.872047956512105, 47.4947431305797 ], [ 26.87210399488081, 47.494724818257311 ], [ 26.872149364130461, 47.494708495333647 ], [ 26.872191196106115, 47.494700686194896 ], [ 26.872233027753463, 47.494692868049654 ], [ 26.872306022258218, 47.494679230145735 ], [ 26.872384522475127, 47.494659835548084 ], [ 26.872697522341642, 47.494568139230495 ], [ 26.872765673202128, 47.494549640107678 ], [ 26.872797730168713, 47.494540935908844 ], [ 26.872890420144952, 47.494481115473477 ], [ 26.872946159131263, 47.494422188248038 ], [ 26.872978537553077, 47.494413568774817 ], [ 26.873040703562602, 47.494397019369522 ], [ 26.873059425618543, 47.494377905435591 ], [ 26.873078160927854, 47.494358791284348 ], [ 26.873096882957061, 47.494339677344271 ], [ 26.873107673815348, 47.4943339792949 ], [ 26.873118451404412, 47.494328281458635 ], [ 26.873129242573953, 47.494322592398703 ], [ 26.873140033425202, 47.494316894346262 ], [ 26.873166280245211, 47.494303020860563 ], [ 26.873174280570144, 47.494290440523024 ], [ 26.873190482100771, 47.4942649527284 ], [ 26.87319187615428, 47.494247207064092 ], [ 26.873193256940255, 47.49422946161387 ], [ 26.873226629527565, 47.49421702948608 ], [ 26.873250953791903, 47.494197555188272 ], [ 26.873275291305077, 47.494178080671055 ], [ 26.873306200164389, 47.494153336057515 ], [ 26.873345320979698, 47.494122035342627 ], [ 26.873357478556745, 47.494095929069722 ], [ 26.873354238689032, 47.494057377266245 ], [ 26.873361643171986, 47.494022558115653 ], [ 26.873369047645621, 47.493987738964115 ], [ 26.873378285299665, 47.49394427154121 ], [ 26.873391225002731, 47.493883390043997 ], [ 26.873425559437479, 47.493830349982417 ], [ 26.873465674627511, 47.493799024169896 ], [ 26.873551091286338, 47.493793668638716 ], [ 26.873651106037645, 47.493808607422181 ], [ 26.873825715731694, 47.493830933280655 ], [ 26.873849359349258, 47.493817029697901 ], [ 26.873882318556781, 47.493824945207756 ], [ 26.873898647044847, 47.493817430324164 ], [ 26.873921414088439, 47.493840138770189 ], [ 26.87396640851016, 47.493841886205963 ], [ 26.873990299481434, 47.493841815264631 ], [ 26.874007154301385, 47.493837944457511 ], [ 26.874024009118848, 47.493834073647861 ], [ 26.874057725389825, 47.493837847474069 ], [ 26.874096260366471, 47.493833320637911 ], [ 26.87414513941793, 47.493794161013973 ], [ 26.87421797264869, 47.493779759786356 ], [ 26.874383070317396, 47.49374712568374 ], [ 26.87451837366892, 47.493666355379979 ], [ 26.874634058584117, 47.493578821576094 ], [ 26.874659671445013, 47.493503916505453 ], [ 26.87468462933175, 47.493465871809072 ], [ 26.874729720081483, 47.493397147541948 ], [ 26.874732022544237, 47.493345236329446 ], [ 26.874767008272393, 47.493278681524373 ], [ 26.874789092043084, 47.493236670780625 ], [ 26.874811175779417, 47.493194660032167 ], [ 26.874862902816261, 47.493169326729223 ], [ 26.874911824176042, 47.493127629055081 ], [ 26.874935811767568, 47.493098614501463 ], [ 26.874989280193102, 47.493069960271313 ], [ 26.875034961686314, 47.493059182005091 ], [ 26.875062884041338, 47.493052595182789 ], [ 26.875089786241098, 47.493021536268294 ], [ 26.875089074306064, 47.492988845364948 ], [ 26.87508790841482, 47.492934947964834 ], [ 26.875086728944154, 47.492881041786511 ], [ 26.875111736006616, 47.492846675772341 ], [ 26.875170801050899, 47.492827323399887 ], [ 26.875220741359595, 47.492789702543128 ], [ 26.875286574761564, 47.492772201977992 ], [ 26.87536382399297, 47.49277017985149 ], [ 26.875483365021235, 47.492767060305354 ], [ 26.87555997913136, 47.492744347280649 ], [ 26.875634241935817, 47.492673297827359 ], [ 26.875659030834733, 47.4926048293392 ], [ 26.87568380608861, 47.492536352067319 ], [ 26.875708594546367, 47.492467874574274 ], [ 26.875745068275805, 47.49236708154487 ], [ 26.875870710964499, 47.492248446355028 ], [ 26.875942042985386, 47.492236344405796 ], [ 26.876140758877654, 47.492202624446165 ], [ 26.876263828052846, 47.492181741848135 ], [ 26.876377086456845, 47.492143096651652 ], [ 26.876424616947244, 47.492115869238852 ], [ 26.876481526713015, 47.492107724738105 ], [ 26.876538423511462, 47.492099589415481 ], [ 26.876595320292122, 47.492091454065076 ], [ 26.876645780921297, 47.492073184711252 ], [ 26.876694606965287, 47.492034879483342 ], [ 26.876736912483189, 47.491986684534318 ], [ 26.876763985178016, 47.491945807220034 ], [ 26.876819593651199, 47.491861878731896 ], [ 26.876837807335832, 47.491857040887695 ], [ 26.87687012612966, 47.491856967979857 ], [ 26.876970138124317, 47.491871903933692 ], [ 26.877127754073332, 47.491892385485556 ], [ 26.877408918927738, 47.491878120561239 ], [ 26.877510258241223, 47.491898702398601 ], [ 26.877609005076387, 47.491949689430285 ], [ 26.877688276326221, 47.491989655880012 ], [ 26.877706626529047, 47.491992462752108 ], [ 26.877724976733759, 47.491995269621256 ], [ 26.878150949494845, 47.49184137229031 ], [ 26.878312640981811, 47.49180874264308 ], [ 26.878510607297017, 47.491805816901874 ], [ 26.878679653701401, 47.491780013006519 ], [ 26.878807200449373, 47.491729933377783 ], [ 26.878934746956151, 47.491679853609668 ], [ 26.879142350551543, 47.491635917416943 ], [ 26.879339493633665, 47.491635261719743 ], [ 26.879536623756724, 47.491634614893968 ], [ 26.879695729248294, 47.491634088885675 ], [ 26.879787452986914, 47.491753120778725 ], [ 26.879845662326783, 47.491817609681924 ], [ 26.879903885074317, 47.491882098338266 ], [ 26.879999032741026, 47.491842636400563 ], [ 26.880050550169628, 47.491834046707851 ], [ 26.880113310659084, 47.491823583476659 ], [ 26.880184400962019, 47.491817465523873 ], [ 26.880301067646055, 47.491807433232232 ], [ 26.880375692275418, 47.491792009439848 ], [ 26.880533361952594, 47.491759423862362 ], [ 26.880651432783981, 47.491735018965528 ], [ 26.880743571101885, 47.491720516624333 ], [ 26.880894886623622, 47.491696706211442 ], [ 26.881006559684231, 47.491671936831871 ], [ 26.881086070210067, 47.491654301194593 ], [ 26.881176920546938, 47.491634151559303 ], [ 26.881233508045135, 47.491615780861842 ], [ 26.881320974697754, 47.491587391149757 ], [ 26.881394461588808, 47.491569834965773 ], [ 26.881489265175638, 47.491558653523462 ], [ 26.881564514006172, 47.491555292208737 ], [ 26.881652259969709, 47.491551368333177 ], [ 26.881882790309898, 47.491541062396543 ], [ 26.882135380219072, 47.49153335806384 ], [ 26.88257622141699, 47.491522797118762 ], [ 26.882733755639986, 47.49151687650788 ], [ 26.882944999859561, 47.491517488310613 ], [ 26.883190945182211, 47.491518211310066 ], [ 26.883340079186919, 47.49150971823957 ], [ 26.883719961148994, 47.491488077937362 ], [ 26.884000168505693, 47.491486632635635 ], [ 26.884661669744233, 47.491483222795566 ], [ 26.88497831934102, 47.491481579088806 ], [ 26.885160598887854, 47.491480642139308 ], [ 26.885270157345612, 47.491474588833732 ], [ 26.88534019811997, 47.491470724905447 ], [ 26.885410225617676, 47.491466861150585 ], [ 26.885467733949348, 47.491463686587949 ], [ 26.885518067331887, 47.491454304003859 ], [ 26.885586518704265, 47.49144153217145 ], [ 26.885644747758707, 47.491436969335886 ], [ 26.885773463065249, 47.491426879674407 ], [ 26.885882097783814, 47.491418357751165 ], [ 26.885969180391655, 47.491417833088875 ], [ 26.886070236805015, 47.491417216181809 ], [ 26.886183993492288, 47.491416527694568 ], [ 26.88627126181364, 47.491415999786646 ], [ 26.886381594925709, 47.491415339768238 ], [ 26.886473401782844, 47.491414782909921 ], [ 26.886526971902622, 47.491417726530052 ], [ 26.886580555293843, 47.491420669909616 ], [ 26.886668039175202, 47.491425482154682 ], [ 26.886736846501435, 47.491432901128391 ], [ 26.886773408156213, 47.491433827062281 ], [ 26.886845800887578, 47.491435663785637 ], [ 26.886918193941483, 47.491437509455146 ], [ 26.887008402408807, 47.49143979408862 ], [ 26.887071880934091, 47.491445914050601 ], [ 26.88714367052691, 47.491452834456496 ], [ 26.887262103065616, 47.491464241214018 ], [ 26.887334744910088, 47.491471237606447 ], [ 26.887390325688457, 47.491482604892163 ], [ 26.887441023466142, 47.491487646026101 ], [ 26.887491721571536, 47.491492696129285 ], [ 26.887596074313787, 47.491503072051557 ], [ 26.887700427095297, 47.491513447879669 ], [ 26.88780653995925, 47.491528545163682 ], [ 26.887889775916868, 47.491531464348334 ], [ 26.887973011882675, 47.491534383473237 ], [ 26.888082043899789, 47.49153820530293 ], [ 26.88819108919677, 47.49154202681428 ], [ 26.888279209679162, 47.491541942355752 ], [ 26.888367329841792, 47.491541848838928 ], [ 26.888469559680317, 47.491541750541572 ], [ 26.888589044500279, 47.491541632220873 ], [ 26.888787344940813, 47.4915414274423 ], [ 26.888914886649932, 47.491541303593337 ], [ 26.889057665594837, 47.491547148173296 ], [ 26.889290895018959, 47.491547489472282 ], [ 26.889481128923411, 47.491547765710031 ], [ 26.889634951366425, 47.49154798683476 ], [ 26.889816182107953, 47.491560140654251 ], [ 26.889980055073849, 47.491560053691998 ], [ 26.890111925968302, 47.491559983967328 ], [ 26.890328069580562, 47.491559872764498 ], [ 26.890648927535505, 47.491571702849079 ], [ 26.890720776002794, 47.491571656746537 ], [ 26.890942360916039, 47.491571518715233 ], [ 26.891049295431873, 47.491574949100801 ], [ 26.891116749191774, 47.491577115555103 ], [ 26.891184202637636, 47.491579272978768 ], [ 26.891233916055825, 47.491580873821071 ], [ 26.891304373038448, 47.491583135163786 ], [ 26.891383242590386, 47.49159616317953 ], [ 26.891466700028761, 47.491601199379936 ], [ 26.891516407460063, 47.49160898983628 ], [ 26.89156612785246, 47.491616771063612 ], [ 26.891649364257628, 47.49161744740168 ], [ 26.891732600664064, 47.491618123680063 ], [ 26.89184422426095, 47.491619029823582 ], [ 26.891994354896156, 47.491628169629656 ], [ 26.892155658336478, 47.491626736020827 ], [ 26.892313750330498, 47.49163355043131 ], [ 26.892471855627505, 47.491640364409726 ], [ 26.892629960642317, 47.491647169181149 ], [ 26.892755269607324, 47.491652565435437 ], [ 26.892927453355046, 47.49165998583355 ], [ 26.893108738825365, 47.491677009766299 ], [ 26.893171165352776, 47.491677772610977 ], [ 26.89330806309588, 47.491679452542442 ], [ 26.893444960525784, 47.491681123320852 ], [ 26.893561659989423, 47.491682547758302 ], [ 26.893678372723386, 47.491683971861868 ], [ 26.893787569579679, 47.491685311589116 ], [ 26.893889587759045, 47.491681487392782 ], [ 26.894020935525994, 47.491684615547769 ], [ 26.894173884431389, 47.491688254616122 ], [ 26.894345806246818, 47.491701740875683 ], [ 26.894449819166404, 47.49170511686431 ], [ 26.894624768530893, 47.491710789243356 ], [ 26.894738562170488, 47.491714482095745 ], [ 26.894892780886146, 47.491719484955262 ], [ 26.895031969929253, 47.49172400433978 ], [ 26.895144687157824, 47.491727660393821 ], [ 26.895250524974184, 47.491738679936248 ], [ 26.895319404783383, 47.491745849741896 ], [ 26.89539899648862, 47.491754140042651 ], [ 26.895507032564129, 47.491765384345484 ], [ 26.895601538751848, 47.491768302830302 ], [ 26.895696031363094, 47.491771212463448 ], [ 26.895790537249304, 47.491774121802777 ], [ 26.895913838797981, 47.491777919067729 ], [ 26.896080101534874, 47.49178304744391 ], [ 26.896160203154466, 47.491785517106123 ], [ 26.896240304460669, 47.491787977721721 ], [ 26.896399325141552, 47.491792882117032 ], [ 26.896527564503682, 47.49180563059133 ], [ 26.896632332016743, 47.491810431744817 ], [ 26.896824423417215, 47.491819230327202 ], [ 26.896923620055546, 47.491823771416122 ], [ 26.897132782823046, 47.491833352010936 ], [ 26.897319739809532, 47.491846318162594 ], [ 26.897507587367137, 47.491849993982868 ], [ 26.89763410780472, 47.491852477264992 ], [ 26.897766897478004, 47.491855073795996 ], [ 26.897917829293842, 47.491863922950877 ], [ 26.898059903550649, 47.491865575589706 ], [ 26.898212919869124, 47.491867354943011 ], [ 26.898385483252813, 47.491869363097557 ], [ 26.898524011989824, 47.491870974210549 ], [ 26.898680720115628, 47.491872800503629 ], [ 26.898736824661981, 47.491867114292369 ], [ 26.898804220229874, 47.491848621096445 ], [ 26.89889586424837, 47.491844215540034 ], [ 26.899029341192673, 47.491837784810016 ], [ 26.899200967896398, 47.491829523993076 ], [ 26.899305751897568, 47.49183962144879 ], [ 26.899422480045395, 47.491838853357493 ], [ 26.899562192533025, 47.491837924812081 ], [ 26.899822389946518, 47.491852251981825 ], [ 26.900088553376577, 47.491854830309222 ], [ 26.900423498642692, 47.491858080883659 ], [ 26.90060653989714, 47.491859851156498 ], [ 26.900727405086755, 47.491867893614675 ], [ 26.900955681759015, 47.491867761805196 ], [ 26.901214062948512, 47.491867622122022 ], [ 26.901368258145638, 47.491878257623775 ], [ 26.902239289385818, 47.491881876091632 ], [ 26.903389881887122, 47.491929817098161 ], [ 26.904639143989332, 47.492022063762036 ], [ 26.906496104693371, 47.492197257926705 ], [ 26.907271536241989, 47.492270396526855 ], [ 26.908616505976617, 47.492371193489298 ], [ 26.908742837099378, 47.492353506428692 ], [ 26.909011892521143, 47.492230667247355 ], [ 26.909160451379609, 47.492167613096527 ], [ 26.909259918396831, 47.492129990174313 ], [ 26.90943949516841, 47.492062052950814 ], [ 26.909550879271833, 47.492009542239529 ], [ 26.909613253401123, 47.492029198944728 ], [ 26.909692154465979, 47.492054071547919 ], [ 26.909825911521487, 47.492081037123448 ], [ 26.909930975707912, 47.492102213191238 ], [ 26.910071672170616, 47.492130575693373 ], [ 26.910270049018784, 47.492170574715182 ], [ 26.910351956082408, 47.492187084535274 ], [ 26.910430618892779, 47.492183441363295 ], [ 26.910528734892029, 47.492178884074583 ], [ 26.910620791817809, 47.492195262577908 ], [ 26.910712835210916, 47.492211632234806 ], [ 26.910829726819795, 47.492232432807697 ], [ 26.911073676011398, 47.492275827433517 ], [ 26.911540320994465, 47.492358826837865 ], [ 26.911765907858275, 47.492402801397922 ], [ 26.911977138347105, 47.492443971225086 ], [ 26.912251377762637, 47.492509859585773 ], [ 26.91231867847004, 47.492528785904952 ], [ 26.912515230288264, 47.492584051418156 ], [ 26.912603368952471, 47.492608832780427 ], [ 26.912732955833199, 47.4926452741975 ], [ 26.912838690590753, 47.492661398501482 ], [ 26.913046904003576, 47.492693160707162 ], [ 26.913200701599322, 47.492716616222033 ], [ 26.913545741328818, 47.492780857376324 ], [ 26.914252593983999, 47.492912451641516 ], [ 26.914495912075271, 47.4929528896444 ], [ 26.914624161221887, 47.492974200765964 ], [ 26.914781628369624, 47.493000364601002 ], [ 26.91496158352119, 47.49303026855749 ], [ 26.915235776638067, 47.493075836357626 ], [ 26.91550998348011, 47.493121403286679 ], [ 26.915743287866167, 47.493160168681683 ], [ 26.916100158347529, 47.493227292795872 ], [ 26.916747747448632, 47.493349090588211 ], [ 26.917209331541834, 47.493435902499854 ], [ 26.917297118327948, 47.493430871405508 ], [ 26.917346281630444, 47.493419686002191 ], [ 26.917841516943195, 47.493516816269349 ], [ 26.918236516775089, 47.493594288510366 ], [ 26.918850935949145, 47.493714778649483 ], [ 26.919488001456418, 47.493830410643035 ], [ 26.919596791548791, 47.493850157890357 ], [ 26.919729178167486, 47.493874183901667 ], [ 26.919881620528891, 47.493901845443972 ], [ 26.920045861780451, 47.493931659671759 ], [ 26.920154924529783, 47.493954910561833 ], [ 26.920183996360805, 47.493955311164221 ], [ 26.920230506049254, 47.493955953998977 ], [ 26.920280497975643, 47.493939400663166 ], [ 26.920352251929113, 47.493915631756273 ], [ 26.920424005818155, 47.493891862805334 ], [ 26.920517810599868, 47.493860792478188 ], [ 26.920598601151141, 47.493826257864669 ], [ 26.920800001775333, 47.493740164520659 ], [ 26.920946568094791, 47.493689120680763 ], [ 26.921072905992904, 47.493645123008029 ], [ 26.921265997992215, 47.493577879324889 ], [ 26.921323338489554, 47.493529157954121 ], [ 26.921380691824538, 47.493480427343883 ], [ 26.92145385602911, 47.493440206588673 ], [ 26.921616974678084, 47.49335052626968 ], [ 26.921805351501082, 47.493282882928149 ], [ 26.921961150456873, 47.493226943656566 ], [ 26.922022265522081, 47.493199364409115 ], [ 26.922134804359203, 47.493148594752796 ], [ 26.922256904750252, 47.493111935211907 ], [ 26.922401864311116, 47.493089300407931 ], [ 26.922504267426888, 47.49307329925827 ], [ 26.922567750258573, 47.493054335226496 ], [ 26.922686114040463, 47.493018978668978 ], [ 26.922956905990045, 47.492977803342853 ], [ 26.923248117928388, 47.492960309886094 ], [ 26.923413048935661, 47.492897802695076 ], [ 26.92356569671465, 47.492873428594628 ], [ 26.923962307900258, 47.492810084703947 ], [ 26.92449968726071, 47.492724270472884 ], [ 26.924794120521231, 47.492667008639302 ], [ 26.925116067602534, 47.492627687666719 ], [ 26.925310232041351, 47.492603971963 ], [ 26.925504396302461, 47.49258025593555 ], [ 26.926442426866171, 47.492465669987389 ], [ 26.926662711687428, 47.492451459621108 ], [ 26.926831743609213, 47.492430578737455 ], [ 26.927043697414565, 47.492404396535285 ], [ 26.92730260836418, 47.492327025977879 ], [ 26.927542300326376, 47.492271377044723 ], [ 26.927653642885542, 47.492115046489843 ], [ 26.928014469748668, 47.492109654534275 ], [ 26.929258140525118, 47.492173237116511 ], [ 26.929624982147494, 47.49222215172535 ], [ 26.929932188027607, 47.492288017061121 ], [ 26.930607394761637, 47.492483464538381 ], [ 26.931436706485748, 47.492772022259658 ], [ 26.933031361078758, 47.493554804913217 ], [ 26.933820658040528, 47.493935660921359 ], [ 26.934530585037692, 47.494281758369929 ], [ 26.935109554829687, 47.494587256507138 ], [ 26.935344114986098, 47.494733498343919 ], [ 26.935917108147908, 47.495155598421185 ], [ 26.936513641942309, 47.49565539350953 ], [ 26.93662579736295, 47.495709750680724 ], [ 26.940901891411407, 47.496992237175775 ], [ 26.941053950441539, 47.497000426760096 ], [ 26.941277127853667, 47.496944207159196 ], [ 26.941541862754363, 47.496905671928403 ], [ 26.941661875836438, 47.496903663904014 ], [ 26.9418719053369, 47.496900149451868 ], [ 26.942000528654503, 47.496897996992594 ], [ 26.94212915195952, 47.496895844390785 ], [ 26.942341593467287, 47.496903876373857 ], [ 26.94258359843764, 47.49692282979332 ], [ 26.94280487491805, 47.496929957313689 ], [ 26.943031220219183, 47.496949765753605 ], [ 26.943291951510179, 47.496972578578841 ], [ 26.943444917374116, 47.49698596789009 ], [ 26.943543832665849, 47.49698676733459 ], [ 26.943671364217902, 47.496987798122611 ], [ 26.943828338044735, 47.496998240877055 ], [ 26.943953786672566, 47.497006584517791 ], [ 26.944076822867665, 47.497018666053052 ], [ 26.944173026399781, 47.497031736809717 ], [ 26.944236877116236, 47.497040401398081 ], [ 26.944316055107091, 47.49705801269365 ], [ 26.944502877787919, 47.497079173210182 ], [ 26.944611732164397, 47.497091500816673 ], [ 26.94473667598217, 47.497105645902195 ], [ 26.944837399199603, 47.497117056959652 ], [ 26.944950273775085, 47.497137323872778 ], [ 26.945132861579527, 47.497170106029948 ], [ 26.945256771399894, 47.497187191794538 ], [ 26.945402656478414, 47.497207318749432 ], [ 26.945512797431494, 47.497222511863647 ], [ 26.945605068991707, 47.49724167510135 ], [ 26.945695823513287, 47.497253099610745 ], [ 26.945727057400656, 47.49725702924129 ], [ 26.945772614607865, 47.497262760931633 ], [ 26.94582462655579, 47.497269302027128 ], [ 26.945873925382482, 47.49726807052285 ], [ 26.945968637097938, 47.497265708602313 ], [ 26.94605900383721, 47.49725814744459 ], [ 26.946176353672485, 47.497257348981165 ], [ 26.946328316684522, 47.497242142036463 ], [ 26.946426307008849, 47.497235046503278 ], [ 26.946500431041891, 47.497226201025263 ], [ 26.946582326437564, 47.497221138672998 ], [ 26.946642526224998, 47.497217420844095 ], [ 26.946788740505511, 47.497208382455661 ], [ 26.946905848226798, 47.497191510333764 ], [ 26.947074114137337, 47.497167257170176 ], [ 26.947304089808451, 47.497134114175481 ], [ 26.947363637765335, 47.49712455010102 ], [ 26.947576640984423, 47.49708868650616 ], [ 26.947684567596905, 47.49707051922254 ], [ 26.947819447292272, 47.497056838577478 ], [ 26.947980025009844, 47.497031102741694 ], [ 26.948157799372073, 47.497002612904211 ], [ 26.948335559944489, 47.496974114027203 ], [ 26.948480629679516, 47.496950860036257 ], [ 26.948686449945889, 47.496915366902606 ], [ 26.948828928974159, 47.496900414889822 ], [ 26.94896258904696, 47.496871189209514 ], [ 26.949128396441491, 47.496834936836528 ], [ 26.949294203935871, 47.496798693218793 ], [ 26.949486376832699, 47.49675668042363 ], [ 26.949612292208748, 47.496739666579664 ], [ 26.949894624030364, 47.496701518313948 ], [ 26.950046658057278, 47.496672720352862 ], [ 26.950198678649997, 47.496643922416482 ], [ 26.95037579819196, 47.496591437123342 ], [ 26.950470076137989, 47.496553317161442 ], [ 26.950590234502961, 47.496549138254856 ], [ 26.950633790831709, 47.496555333509157 ], [ 26.950713110930245, 47.496566631421693 ], [ 26.950763557046937, 47.496591324856333 ], [ 26.950843457653825, 47.496630448526531 ], [ 26.950894070959563, 47.496642660754269 ], [ 26.950944684617301, 47.496654881950825 ], [ 26.950984422589961, 47.496664470026708 ], [ 26.95102416090586, 47.496674067079937 ], [ 26.951072311897882, 47.496675947502972 ], [ 26.951120462893076, 47.496677827905991 ], [ 26.951183649610833, 47.496695892336113 ], [ 26.951246822774849, 47.4967139479633 ], [ 26.951280910924417, 47.496716064764712 ], [ 26.951325523786981, 47.496718841264958 ], [ 26.951381112917677, 47.496708504998146 ], [ 26.951405426912885, 47.496703993661605 ], [ 26.95143211435877, 47.496692155127604 ], [ 26.951458802121937, 47.496680325578609 ], [ 26.95149084533713, 47.496666111817213 ], [ 26.951525161693592, 47.496663222576437 ], [ 26.951559477716952, 47.496660324334457 ], [ 26.951615299371422, 47.496655615941187 ], [ 26.951653414328153, 47.496656405379895 ], [ 26.951701719121527, 47.496657410280825 ], [ 26.951736635276511, 47.496650237484666 ], [ 26.951786294958431, 47.496640027740064 ], [ 26.951835509472126, 47.496638687153911 ], [ 26.951900797148003, 47.496636905252139 ], [ 26.951966085148285, 47.496635132304739 ], [ 26.95201763431437, 47.496642443125914 ], [ 26.952075633651344, 47.496632677752181 ], [ 26.95208975386754, 47.496622408964036 ], [ 26.952116623893918, 47.496602875069783 ], [ 26.952141771752618, 47.496576190819745 ], [ 26.952168471854929, 47.496555643150799 ], [ 26.952217637394352, 47.496517812842647 ], [ 26.952248854854595, 47.496507157437414 ], [ 26.952304850634231, 47.496502859626155 ], [ 26.952359791286202, 47.496502735989033 ], [ 26.952431497144218, 47.496502582155678 ], [ 26.95248704860855, 47.496513334119619 ], [ 26.952547603793679, 47.496535292651018 ], [ 26.952594402557185, 47.496557878477446 ], [ 26.952633385308591, 47.496569673879726 ], [ 26.952660631115133, 47.496586129103619 ], [ 26.952674817839849, 47.496591810172305 ], [ 26.952688091357999, 47.496587421368957 ], [ 26.952707962324638, 47.496580852317507 ], [ 26.952721717791817, 47.496569689924407 ], [ 26.952750313588158, 47.496560670906142 ], [ 26.952772071810013, 47.496553800185637 ], [ 26.952799492746678, 47.496554382351071 ], [ 26.952826914013286, 47.496554973501127 ], [ 26.952866145340767, 47.49656232030047 ], [ 26.952905376678867, 47.496569667086533 ], [ 26.952954385182082, 47.496562706589415 ], [ 26.953003407268529, 47.49655575483952 ], [ 26.953047811979207, 47.496560459462266 ], [ 26.953092229964334, 47.496565163844664 ], [ 26.953137368506898, 47.496562361877686 ], [ 26.953205170914632, 47.496570883055242 ], [ 26.95326786503837, 47.496572229886077 ], [ 26.953337932797222, 47.49657374045568 ], [ 26.953420170106433, 47.496575513951029 ], [ 26.953502420687066, 47.496577287164605 ], [ 26.953555214856014, 47.496584153503107 ], [ 26.953644622903969, 47.496595765406816 ], [ 26.953717527169577, 47.496595707560338 ], [ 26.953765105235355, 47.496591010967862 ], [ 26.953812683292526, 47.496586314355881 ], [ 26.953860007949586, 47.496594622143149 ], [ 26.953907319354208, 47.496602930134465 ], [ 26.953932104349555, 47.496607290023896 ], [ 26.953963726983385, 47.496626523184545 ], [ 26.953995362906916, 47.496645756112919 ], [ 26.954026985586346, 47.496664989255727 ], [ 26.954055678911111, 47.496696291235629 ], [ 26.954092709226931, 47.496710943974776 ], [ 26.954129739233405, 47.496725587710664 ], [ 26.954195555701549, 47.496751622236538 ], [ 26.95428968712184, 47.496788857518318 ], [ 26.954335050631713, 47.496792187010136 ], [ 26.954370811091302, 47.49678885876051 ], [ 26.954391974777959, 47.496777724342245 ], [ 26.954421135285145, 47.496762388751961 ], [ 26.954442624687598, 47.496751086898783 ], [ 26.954498848569749, 47.496721512610428 ], [ 26.954525819314629, 47.496698593715976 ], [ 26.954639382980048, 47.496646713514309 ], [ 26.954720723599035, 47.496609554711014 ], [ 26.954771327868325, 47.496597969277772 ], [ 26.954828449993606, 47.496558510371969 ], [ 26.954918124563545, 47.496522731467309 ], [ 26.954980559123076, 47.496497820532099 ], [ 26.955042980357128, 47.49647290978703 ], [ 26.955114691881576, 47.496460968591165 ], [ 26.95522735657249, 47.496407771441241 ], [ 26.955260518756635, 47.496379943837148 ], [ 26.95529368123599, 47.496352125214557 ], [ 26.955338161144351, 47.496345851783282 ], [ 26.95541718487674, 47.496316486629631 ], [ 26.955475712284098, 47.496294727111213 ], [ 26.955559620686746, 47.496263543191404 ], [ 26.955643515723825, 47.496232359434813 ], [ 26.955727410661947, 47.496201175618005 ], [ 26.955781799311776, 47.496180952148698 ], [ 26.955836201516586, 47.496160737421484 ], [ 26.955890590413251, 47.496140522892603 ], [ 26.955935759287524, 47.496123729529607 ], [ 26.95602324242849, 47.496091216485745 ], [ 26.956110712195237, 47.496058703599935 ], [ 26.956252399988088, 47.496006032804949 ], [ 26.956329620615904, 47.495968438487715 ], [ 26.956435115428857, 47.495917070373103 ], [ 26.956520303749468, 47.49587558099077 ], [ 26.956605505533549, 47.495834100313502 ], [ 26.956690707184613, 47.495792619574118 ], [ 26.956798716018994, 47.495720075589709 ], [ 26.956930635359761, 47.495654118672668 ], [ 26.95700822235213, 47.495615321155825 ], [ 26.957085796294784, 47.495576532802303 ], [ 26.957206647749715, 47.495516106238171 ], [ 26.957385349846341, 47.495426751123595 ], [ 26.957560032899693, 47.495316897170291 ], [ 26.957676976343684, 47.495243346928419 ], [ 26.957774290769812, 47.495210396769238 ], [ 26.957893839074835, 47.495195847409931 ], [ 26.957999077825274, 47.495126749738816 ], [ 26.958234049460007, 47.495112573519556 ], [ 26.958589516730672, 47.49499657216645 ], [ 26.958865648601812, 47.494923059705933 ], [ 26.959359634131616, 47.494791546446415 ], [ 26.959658170088215, 47.494692364159349 ], [ 26.959890997869692, 47.494671932098179 ], [ 26.960250021694669, 47.494638733762706 ], [ 26.960641009157296, 47.494634377349733 ], [ 26.961046015738688, 47.494681648463676 ], [ 26.961276039694802, 47.494654297583693 ], [ 26.961636266292992, 47.494645869426819 ], [ 26.961910667109233, 47.494639449052244 ], [ 26.962371507360928, 47.494628660711136 ], [ 26.962654794716791, 47.49461194904962 ], [ 26.962972799145646, 47.494593191951743 ], [ 26.963164595572081, 47.494554788312385 ], [ 26.964858665070413, 47.494215586479221 ], [ 26.965723079404707, 47.494058529029211 ], [ 26.966382619740749, 47.493892323704891 ], [ 26.967042142313062, 47.493726105885749 ], [ 26.967441778847423, 47.493625396392353 ], [ 26.96801176987293, 47.493539978695487 ], [ 26.968216087395792, 47.493601082443277 ], [ 26.968278659188744, 47.493634784262298 ], [ 26.968341231060517, 47.493668486046509 ], [ 26.968450880297176, 47.493712787987462 ], [ 26.968536219589726, 47.493754803231376 ], [ 26.968632542874975, 47.49378763538779 ], [ 26.968728866277903, 47.493820467462953 ], [ 26.968874299646394, 47.493870045709563 ], [ 26.968960183941309, 47.493890504351889 ], [ 26.969027707477473, 47.493906587221886 ], [ 26.969087530638269, 47.493908621956841 ], [ 26.969211695738899, 47.493912839566427 ], [ 26.969346345428654, 47.493901548763205 ], [ 26.969533597741801, 47.493885847283472 ], [ 26.969891308032029, 47.493908627630198 ], [ 26.97014576042254, 47.493940474375293 ], [ 26.970476619034052, 47.49401536775833 ], [ 26.97071922355353, 47.494057769622621 ], [ 26.971027651514607, 47.494131270043013 ], [ 26.97203515746644, 47.494434146219504 ], [ 26.97316657101381, 47.494800960467302 ], [ 26.973852336398618, 47.49501241523997 ], [ 26.974488839356667, 47.495208672143718 ], [ 26.974759134070762, 47.495292015182265 ], [ 26.97500966256429, 47.495382855379781 ], [ 26.975260191905491, 47.495473695026718 ], [ 26.975951611328341, 47.495724401741008 ], [ 26.976643037207126, 47.495975104261433 ], [ 26.976843956390219, 47.496028522673512 ], [ 26.977105292724183, 47.49612351966411 ], [ 26.977235961404816, 47.496171022430119 ], [ 26.977366630316453, 47.496218525046395 ], [ 26.977546580574394, 47.496050653650535 ], [ 26.977866044499372, 47.495752632249228 ], [ 26.978310019801494, 47.495338448812582 ], [ 26.978617910993574, 47.49505120707996 ], [ 26.97929176795131, 47.494408669048234 ], [ 26.979455268147635, 47.49425276535144 ], [ 26.979834149475895, 47.493891480879014 ], [ 26.980213038620043, 47.493530185938816 ], [ 26.980556392361606, 47.493248685145197 ], [ 26.981523604267977, 47.492393778755535 ], [ 26.981930230521289, 47.492034352258692 ], [ 26.982722300849325, 47.491334209916452 ], [ 26.983095742398316, 47.491004099555518 ], [ 26.983301294628216, 47.490822397483868 ], [ 26.98337171784453, 47.490760142068737 ], [ 26.983582822021759, 47.490828282257745 ], [ 26.983727815204755, 47.49088156516293 ], [ 26.984027463816581, 47.490980947787733 ], [ 26.984504434339414, 47.491131241388182 ], [ 26.984862956676661, 47.491244216624423 ], [ 26.985540329362649, 47.491457662472307 ], [ 26.986045020535641, 47.491602509258819 ], [ 26.986150406993026, 47.491632756220952 ], [ 26.986255793568802, 47.49166300308611 ], [ 26.986558310602092, 47.491732964853071 ], [ 26.986841159522495, 47.491798377394183 ], [ 26.9870795967236, 47.491853519827409 ], [ 26.987186771784184, 47.491878305708532 ], [ 26.98729394694308, 47.491903091489597 ], [ 26.987482469111391, 47.491946681495662 ], [ 26.987738794747422, 47.491992402512125 ], [ 26.987866957727089, 47.492015262806476 ], [ 26.987995120814425, 47.492038122958242 ], [ 26.988251460913339, 47.49208385159757 ], [ 26.988436991213341, 47.492125732470086 ], [ 26.989013771104101, 47.492255930464928 ], [ 26.989043701267828, 47.492262686763709 ], [ 26.989474943445973, 47.492346151610541 ], [ 26.98979799351639, 47.492421528832736 ], [ 26.990166848435127, 47.492492152006591 ], [ 26.990535704649034, 47.49256278298958 ], [ 26.991117315052804, 47.492062600050637 ], [ 26.99144442847691, 47.491781281929747 ], [ 26.991771538457698, 47.491499962881441 ], [ 26.992216486596682, 47.491138654096225 ], [ 26.992480691585442, 47.49089693690113 ], [ 26.9928032530755, 47.490601819890884 ], [ 26.993413657081707, 47.490081202366937 ], [ 26.99420300688271, 47.489363473491593 ], [ 26.994634777583858, 47.488970865704886 ], [ 26.995065023018043, 47.488600090511738 ], [ 26.995430083743646, 47.488285476703503 ], [ 26.995746093575896, 47.48797220018443 ], [ 26.996206339076181, 47.487576055438346 ], [ 26.996934844453861, 47.486909483211214 ], [ 26.997603878413361, 47.486297307697129 ], [ 26.997818804985044, 47.485992467901461 ], [ 26.997987256787777, 47.485855344729629 ], [ 26.998192596363086, 47.485727905308728 ], [ 26.999121653401382, 47.485247273082287 ], [ 26.999090473004408, 47.485168593859086 ], [ 26.999098470663881, 47.485056950241486 ], [ 26.999199077221618, 47.484978807306724 ], [ 26.999219082630137, 47.484862827256336 ], [ 26.999239100882175, 47.484746837978314 ], [ 26.999262660660317, 47.484610266056066 ], [ 26.999278120757143, 47.484520670825219 ], [ 26.999324014385895, 47.484469493649009 ], [ 26.999369907927065, 47.484418316454374 ], [ 26.999407866733744, 47.484293758939053 ], [ 26.999445825367708, 47.48416920140648 ], [ 26.99990196743477, 47.48374627419404 ], [ 26.999904718705405, 47.483692246184376 ], [ 26.999953931824184, 47.483652288956577 ], [ 27.000003144869439, 47.483612331707853 ], [ 27.000074181601004, 47.483597621021076 ], [ 27.000121792971818, 47.48354150614918 ], [ 27.000178019609447, 47.483502777431077 ], [ 27.000246552238075, 47.483500921199642 ], [ 27.000307224806608, 47.483474927164202 ], [ 27.000341745168292, 47.483440621131585 ], [ 27.000404597738779, 47.483347158694507 ], [ 27.000495359764773, 47.483261806916786 ], [ 27.000558220512954, 47.483174588000878 ], [ 27.000612640834202, 47.483099057438444 ], [ 27.000652389638908, 47.483043878615348 ], [ 27.000692151962589, 47.482988708540354 ], [ 27.000713279948567, 47.482901687337616 ], [ 27.000727523330937, 47.482843052694591 ], [ 27.000782249005084, 47.482791942999903 ], [ 27.000878659231027, 47.482701887141445 ], [ 27.000899013379438, 47.482661095642918 ], [ 27.000933443656919, 47.482624766694862 ], [ 27.000977984726827, 47.482592977669391 ], [ 27.001011888636729, 47.482568794417176 ], [ 27.001028831520866, 47.482543554163847 ], [ 27.00104043898769, 47.482494969339825 ], [ 27.001052033508536, 47.482446393733667 ], [ 27.001078458854014, 47.482335754517784 ], [ 27.001104870830613, 47.482225115520635 ], [ 27.001119986926405, 47.482161814424721 ], [ 27.001136937550427, 47.482090816433534 ], [ 27.001149518972529, 47.482038130254892 ], [ 27.001203264443138, 47.481998418157531 ], [ 27.001225028788877, 47.481969046156813 ], [ 27.001209008349097, 47.481939651129387 ], [ 27.001201069849699, 47.481925096326094 ], [ 27.001231927555224, 47.481888010187298 ], [ 27.001268827099377, 47.481864449935109 ], [ 27.0013097087575, 47.481788225844475 ], [ 27.001339241808573, 47.48173317797248 ], [ 27.001336840420411, 47.481714811996405 ], [ 27.001321793077217, 47.481694369979813 ], [ 27.001337126015024, 47.481661960020226 ], [ 27.001339733620174, 47.481633845104973 ], [ 27.001356841816488, 47.481590392467396 ], [ 27.001334432801954, 47.481550608419212 ], [ 27.001346427183545, 47.481521890741796 ], [ 27.001363448795896, 47.481506185647461 ], [ 27.001384845770257, 47.481463144847808 ], [ 27.001437908008484, 47.481419746736812 ], [ 27.001505864228555, 47.481376091662774 ], [ 27.001557855973726, 47.481330696683131 ], [ 27.001567747288856, 47.481302878950409 ], [ 27.001580579471803, 47.481266787428119 ], [ 27.001610685318671, 47.481254941103359 ], [ 27.001676877935083, 47.481249867534167 ], [ 27.001736830681981, 47.481231298459122 ], [ 27.001970712338917, 47.481158878527069 ], [ 27.002026109356425, 47.481150113425613 ], [ 27.002080819698946, 47.481177491203155 ], [ 27.002217588546575, 47.481165693401891 ], [ 27.002290674707524, 47.481152295455388 ], [ 27.002358267930525, 47.4811255060932 ], [ 27.002593990909087, 47.480942077849207 ], [ 27.002644912394977, 47.480862216181499 ], [ 27.002685256398031, 47.480798956192494 ], [ 27.002731489753529, 47.480758230423348 ], [ 27.002767901255233, 47.48069556909342 ], [ 27.002855424903029, 47.480669784902055 ], [ 27.002948142085856, 47.480676272402029 ], [ 27.003009931471432, 47.480653631392876 ], [ 27.003018986645735, 47.480603578917929 ], [ 27.003033129916162, 47.480525404629397 ], [ 27.003052416068837, 47.480418801685957 ], [ 27.003134103300233, 47.480333055526252 ], [ 27.003215789932391, 47.480247300317146 ], [ 27.003320176611268, 47.48013770747017 ], [ 27.003442340102321, 47.480081644300029 ], [ 27.003564503335326, 47.480025581001996 ], [ 27.003567667501947, 47.479980524448727 ], [ 27.003541282804242, 47.479939855790114 ], [ 27.003514897809367, 47.479899178133671 ], [ 27.003501405056827, 47.479857603081463 ], [ 27.003521615517563, 47.479813421741291 ], [ 27.003601276383666, 47.479763499417366 ], [ 27.00366492436434, 47.479723606095632 ], [ 27.003704320832753, 47.47967473893025 ], [ 27.003716301048623, 47.479616376808437 ], [ 27.003725756041636, 47.479570275930357 ], [ 27.003762125200598, 47.479539382620878 ], [ 27.003813979481539, 47.479516912745439 ], [ 27.003837528340789, 47.479482120306713 ], [ 27.003870720191337, 47.479433072343411 ], [ 27.003896644778038, 47.479394757101211 ], [ 27.003898925304735, 47.479343499007669 ], [ 27.003900161654933, 47.479315659589822 ], [ 27.00394433716863, 47.479282031313112 ], [ 27.003971104565125, 47.47922694947632 ], [ 27.00401051013306, 47.479145855542527 ], [ 27.004155394482424, 47.478980097132258 ], [ 27.004303478571785, 47.478895605216749 ], [ 27.004394734989376, 47.478843538681097 ], [ 27.004528315414376, 47.478720619841098 ], [ 27.004728208687187, 47.478622762654958 ], [ 27.004800195202549, 47.478501159682125 ], [ 27.004832176444236, 47.478447130114077 ], [ 27.004930491908013, 47.478357307573837 ], [ 27.005080759339908, 47.478281548758126 ], [ 27.005146217332108, 47.478217871759611 ], [ 27.005163233356718, 47.478149139068123 ], [ 27.005217937986401, 47.478065594024855 ], [ 27.005295583652913, 47.478025007977294 ], [ 27.005383373083244, 47.477930571668651 ], [ 27.00550641983601, 47.477883010903341 ], [ 27.005578143490698, 47.477766135246775 ], [ 27.005608978806315, 47.47771589490376 ], [ 27.005653582806698, 47.477690193697789 ], [ 27.005752763462837, 47.477586401420332 ], [ 27.00584026354764, 47.477403171359342 ], [ 27.005963253686808, 47.477273011471233 ], [ 27.006175737656058, 47.477093809833491 ], [ 27.006330934535509, 47.477010595690295 ], [ 27.006456269370705, 47.476781276952927 ], [ 27.006587957908451, 47.476737767032205 ], [ 27.00667342985297, 47.476651331908322 ], [ 27.006826833872942, 47.476496200660392 ], [ 27.006960361941267, 47.476416266420102 ], [ 27.007059345663897, 47.476310191145366 ], [ 27.00712356258698, 47.476167479501861 ], [ 27.007256935787805, 47.476012955080257 ], [ 27.007417192020863, 47.475879197788494 ], [ 27.00763166391393, 47.475660723820205 ], [ 27.007677999094874, 47.47555136652241 ], [ 27.007808275177283, 47.475453529893024 ], [ 27.008023387841458, 47.475436824432521 ], [ 27.008248849937779, 47.475440883986288 ], [ 27.008389852208161, 47.475457705259053 ], [ 27.008300088635881, 47.475542110772246 ], [ 27.008195291728285, 47.475640658509178 ], [ 27.008077729009546, 47.475751194928307 ], [ 27.007986157574699, 47.475837304877146 ], [ 27.0079010544822, 47.475954944560982 ], [ 27.007837570688203, 47.476042700497842 ], [ 27.007739581046927, 47.476207904251446 ], [ 27.007666858742979, 47.476330502636515 ], [ 27.007501901574408, 47.476549496318988 ], [ 27.007471480526718, 47.476665667602845 ], [ 27.007476674211944, 47.476745820205707 ], [ 27.007503184202857, 47.476803174931746 ], [ 27.007583330655216, 47.476898548668125 ], [ 27.007747821046522, 47.477016070345883 ], [ 27.007979883692443, 47.477181850709655 ], [ 27.008255260204976, 47.477378585577441 ], [ 27.007726129467965, 47.477847309141907 ], [ 27.007661429567097, 47.477931028382429 ], [ 27.007534380606288, 47.478068925566667 ], [ 27.007467700657813, 47.478141306998161 ], [ 27.007364582096304, 47.478226446544213 ], [ 27.007237329098341, 47.478312426397743 ], [ 27.007128426665471, 47.478386005942582 ], [ 27.007007652671653, 47.478450928905922 ], [ 27.006870094344169, 47.478540622350984 ], [ 27.006779373440239, 47.478599789072632 ], [ 27.006678005529412, 47.478652509237214 ], [ 27.006580314021981, 47.478724994656851 ], [ 27.006510689393021, 47.478776661831347 ], [ 27.006411932975549, 47.478881167108071 ], [ 27.006334560031164, 47.478998140926862 ], [ 27.006230793052179, 47.47915502203 ], [ 27.006139933757236, 47.479328368877944 ], [ 27.006092862511384, 47.47946489037566 ], [ 27.006072533872494, 47.479555254753954 ], [ 27.006054012148034, 47.479637562746383 ], [ 27.006033442419739, 47.47972892992253 ], [ 27.005996712307983, 47.479839091897517 ], [ 27.005948876425052, 47.479915447010619 ], [ 27.005901040068391, 47.479991793111829 ], [ 27.005857141017064, 47.480080378722541 ], [ 27.005817140187482, 47.480161114697303 ], [ 27.005782311247302, 47.480258333321977 ], [ 27.005747482521102, 47.48035556092438 ], [ 27.005702035211886, 47.480482382571637 ], [ 27.005656600953721, 47.480609203967106 ], [ 27.00562950695204, 47.480684858468315 ], [ 27.005602399612695, 47.480760513190731 ], [ 27.005554153969332, 47.480895165344656 ], [ 27.005505921350437, 47.481029817243844 ], [ 27.005443226410918, 47.481114813945091 ], [ 27.005372499963823, 47.481210691586696 ], [ 27.0053240066444, 47.481322199173434 ], [ 27.00526732771301, 47.481452489540409 ], [ 27.005196174400336, 47.481616084202365 ], [ 27.005183624390011, 47.481800420206334 ], [ 27.005166929650429, 47.482045349158497 ], [ 27.005183444589701, 47.482281571048397 ], [ 27.005198303842857, 47.482494231980354 ], [ 27.005220816618614, 47.482816170416569 ], [ 27.005236219012286, 47.483036559141738 ], [ 27.005262689548648, 47.483415369688309 ], [ 27.00524261112481, 47.483611972328298 ], [ 27.005229643361318, 47.483738978976497 ], [ 27.005161226265805, 47.483865306503183 ], [ 27.005129908923816, 47.483957884710946 ], [ 27.005113127551187, 47.484007495027434 ], [ 27.00511471728495, 47.484063175564614 ], [ 27.005146437525244, 47.4841083489721 ], [ 27.005218238499118, 47.484178200572345 ], [ 27.005419069849122, 47.484324597723926 ], [ 27.005619901964749, 47.484470985519948 ], [ 27.005712497209629, 47.484548484489004 ], [ 27.005825915007108, 47.484629465031531 ], [ 27.005936879616449, 47.484716137848402 ], [ 27.006047858188996, 47.484802819315071 ], [ 27.006173521613515, 47.484889291748942 ], [ 27.006291673904034, 47.484978952830382 ], [ 27.006404074434297, 47.485064241860897 ], [ 27.006474053889253, 47.485117354205336 ], [ 27.006552813127758, 47.48518404374208 ], [ 27.006621414234111, 47.485242137055401 ], [ 27.006675305847118, 47.485299773984863 ], [ 27.006736132310916, 47.485383678472949 ], [ 27.006762979073518, 47.485436484014365 ], [ 27.006789642670917, 47.485510866969719 ], [ 27.006827567897226, 47.485461664443839 ], [ 27.006876223542733, 47.485398529239397 ], [ 27.006918755433958, 47.485321860831682 ], [ 27.006935012492551, 47.485292556050233 ], [ 27.006976004199988, 47.485238793045141 ], [ 27.006998572213593, 47.485204376884283 ], [ 27.007021139859891, 47.485169951727862 ], [ 27.007074746325745, 47.485120585816283 ], [ 27.007114011704786, 47.48508443231011 ], [ 27.007168810897312, 47.485033966106364 ], [ 27.007268224307346, 47.484942422511956 ], [ 27.007313899891539, 47.48489216805438 ], [ 27.007355184268082, 47.484856771246264 ], [ 27.007438825100909, 47.484768631249523 ], [ 27.007509445350518, 47.484694229626989 ], [ 27.007600758098981, 47.484598012609638 ], [ 27.007752396704841, 47.484455389888375 ], [ 27.007810078542995, 47.484401148809781 ], [ 27.00786775992562, 47.484346898711394 ], [ 27.007991773634743, 47.484214380258116 ], [ 27.008065939246453, 47.484135130623123 ], [ 27.008139991878295, 47.484063458177395 ], [ 27.008200739495063, 47.48400465644103 ], [ 27.008243872827716, 47.483955309275409 ], [ 27.008337771387815, 47.483861215091174 ], [ 27.008438805532528, 47.483745512997871 ], [ 27.008485842946822, 47.483691653742881 ], [ 27.00855201531208, 47.483629258151879 ], [ 27.008656235684541, 47.483518889762351 ], [ 27.008768642208132, 47.483414452366929 ], [ 27.008847951873442, 47.483340754105242 ], [ 27.008960126703549, 47.483236527447261 ], [ 27.009115436333204, 47.483066138140842 ], [ 27.009185111982287, 47.482989682501419 ], [ 27.009399663300758, 47.482805158562314 ], [ 27.009582449400273, 47.482622623879642 ], [ 27.009772938628409, 47.482445551448926 ], [ 27.009849000437981, 47.482374841659663 ], [ 27.01001477935165, 47.482220733799302 ], [ 27.010132410067897, 47.482111382193494 ], [ 27.010269703982154, 47.481970929748307 ], [ 27.010344867749545, 47.481894036381128 ], [ 27.010432426688009, 47.48180446762575 ], [ 27.010550642426804, 47.481696598890395 ], [ 27.01065151131424, 47.481604550108727 ], [ 27.010752379854523, 47.481512501238733 ], [ 27.010876341696981, 47.481399377400614 ], [ 27.01101600717616, 47.481271937236265 ], [ 27.011180227488008, 47.481122074089093 ], [ 27.011256618895278, 47.481044016207967 ], [ 27.011339437645617, 47.480959387150421 ], [ 27.011448900193681, 47.480854584134498 ], [ 27.011530233989518, 47.480776692281353 ], [ 27.011599323434623, 47.480710546553546 ], [ 27.011706017960528, 47.480608382344549 ], [ 27.011837816359158, 47.48048217513039 ], [ 27.011982602203506, 47.480343542875424 ], [ 27.01211861334189, 47.480213303669792 ], [ 27.012204672071714, 47.480130902937013 ], [ 27.012290730197225, 47.480048493148914 ], [ 27.012184334298386, 47.479977050561054 ], [ 27.012049698799423, 47.47988663754743 ], [ 27.011915063757069, 47.479796224370865 ], [ 27.011771746041255, 47.479714148682987 ], [ 27.011575219871002, 47.479591466157359 ], [ 27.011459153035016, 47.479519012006485 ], [ 27.01131484427712, 47.479428918800473 ], [ 27.011143938622098, 47.479322219541082 ], [ 27.011011261803539, 47.479229108326585 ], [ 27.010873952421512, 47.479143346667762 ], [ 27.010781933817242, 47.47907616100656 ], [ 27.01068327970841, 47.478999463696788 ], [ 27.010590276973563, 47.478939600340688 ], [ 27.010408542856769, 47.478822624385849 ], [ 27.010155949840939, 47.478660038553734 ], [ 27.009815620906977, 47.478440978722269 ], [ 27.009708101929487, 47.478358928116592 ], [ 27.00960043981754, 47.478289268483849 ], [ 27.009570419874692, 47.478269851563923 ], [ 27.009680989641009, 47.478191310560078 ], [ 27.009955537647677, 47.477869696122262 ], [ 27.010092085506425, 47.477709724421025 ], [ 27.010311077052759, 47.477453182809228 ], [ 27.010590319221926, 47.477126042295801 ], [ 27.010902283172012, 47.476760565277509 ], [ 27.010970910785833, 47.476680176839658 ], [ 27.011090174342996, 47.476500485531695 ], [ 27.011197111202431, 47.476384885114541 ], [ 27.011385828381076, 47.476180903607677 ], [ 27.011506840523342, 47.47605009715393 ], [ 27.011704729718652, 47.475796995402327 ], [ 27.011902603788972, 47.475543893532176 ], [ 27.012325053546405, 47.475085385447379 ], [ 27.01245496537808, 47.474944392081468 ], [ 27.012734328185264, 47.474641175272787 ], [ 27.012935507876318, 47.474422804784091 ], [ 27.013452307062806, 47.473861863730974 ], [ 27.013710039863401, 47.473582114578491 ], [ 27.014119699260508, 47.473137451508599 ], [ 27.01424804634577, 47.472998138517546 ], [ 27.014286605018643, 47.472956281564656 ], [ 27.014169420162457, 47.472947043156992 ], [ 27.014651940484438, 47.472134483218198 ], [ 27.015007050774031, 47.4715364772199 ], [ 27.015247745567216, 47.471131145452389 ], [ 27.015432536428182, 47.47081993756386 ], [ 27.015598650975427, 47.470540191870157 ], [ 27.015896645048464, 47.47011347609876 ], [ 27.016122660994242, 47.469789818644273 ], [ 27.016591703088245, 47.469118157954391 ], [ 27.016421262899943, 47.469173032465442 ], [ 27.01614291980685, 47.469138635081102 ], [ 27.015910201112799, 47.469097416310859 ], [ 27.015675582170559, 47.469044174326726 ], [ 27.015483160507326, 47.469000509123603 ], [ 27.015038649959251, 47.468917021227178 ], [ 27.014724075800871, 47.468832804504459 ], [ 27.014575564861449, 47.469087853000921 ], [ 27.014092310937357, 47.46892458456707 ], [ 27.013771531768452, 47.468816199533968 ], [ 27.01323002185579, 47.468633237079629 ], [ 27.013044153962106, 47.468886169850805 ], [ 27.012750816033318, 47.469340354865942 ], [ 27.012420366431151, 47.469851997813379 ], [ 27.01220684911765, 47.470182574515547 ], [ 27.011682202749085, 47.470928181077753 ], [ 27.011224365571152, 47.471578816773608 ], [ 27.010908253310554, 47.472028038078399 ], [ 27.01071149263236, 47.47230764201452 ], [ 27.010563269481732, 47.472557704518671 ], [ 27.010007024780023, 47.472494999976192 ], [ 27.010225099054015, 47.47222276524333 ], [ 27.010323768532412, 47.472068244428641 ], [ 27.010503301052331, 47.471787068370311 ], [ 27.01071932343503, 47.471485538491677 ], [ 27.010860719248438, 47.47128817144236 ], [ 27.011142121707554, 47.470895386154737 ], [ 27.011299712702517, 47.470675425594351 ], [ 27.011534570487342, 47.470347584570156 ], [ 27.011695825978549, 47.470122494635739 ], [ 27.011910727846324, 47.469771562039924 ], [ 27.012029851104465, 47.469577026758422 ], [ 27.011846793184318, 47.469525491845538 ], [ 27.011663735274794, 47.469473947649128 ], [ 27.011502341211649, 47.469393453582306 ], [ 27.011340947633897, 47.46931295928475 ], [ 27.011112271751703, 47.469244454398805 ], [ 27.010922863020102, 47.469187711011166 ], [ 27.010690059667755, 47.469131116680458 ], [ 27.01057919543323, 47.469104167359845 ], [ 27.010313236635024, 47.469039509953781 ], [ 27.009907117917841, 47.468917604435312 ], [ 27.009575087306878, 47.468851597963457 ], [ 27.009449625157476, 47.468826654833371 ], [ 27.009260262453324, 47.468789008230004 ], [ 27.009019783392318, 47.468717698744747 ], [ 27.008849132165022, 47.468667086873609 ], [ 27.008369941360929, 47.468437777637483 ], [ 27.008151607991298, 47.468333298508327 ], [ 27.007826764594853, 47.468177851105523 ], [ 27.007552225512484, 47.468046462478547 ], [ 27.007304107212256, 47.467971206107464 ], [ 27.0069999907405, 47.467817458032577 ], [ 27.0067786371288, 47.467705561226623 ], [ 27.006616835414178, 47.467623762939837 ], [ 27.00636749470041, 47.467512745328996 ], [ 27.006298535711068, 47.467475908391421 ], [ 27.00622661451073, 47.467424160911463 ], [ 27.006160704774544, 47.467363267609507 ], [ 27.00588531194342, 47.467178610599028 ], [ 27.005693489817236, 47.46702734377287 ], [ 27.005473444389452, 47.466911967097168 ], [ 27.005290890509521, 47.466816247767362 ], [ 27.005272618242028, 47.466752299253614 ], [ 27.005218527751317, 47.466655294745777 ], [ 27.005262094975421, 47.466505904953962 ], [ 27.005483627222006, 47.46648761735414 ], [ 27.005701269693606, 47.466446688573811 ], [ 27.006008465989563, 47.466358776763869 ], [ 27.006314742844644, 47.466246093745795 ], [ 27.006569444774339, 47.466152385680928 ], [ 27.006808847977855, 47.465989899975966 ], [ 27.007002271182582, 47.465858618597409 ], [ 27.007213641956621, 47.465733621013079 ], [ 27.007444364977008, 47.465613101442649 ], [ 27.007675100210591, 47.465492581186062 ], [ 27.007839592336637, 47.465391497638954 ], [ 27.008051363034252, 47.465240922519627 ], [ 27.008162538757404, 47.465161859015438 ], [ 27.008325077171136, 47.465014924666569 ], [ 27.008427773494429, 47.464922098575251 ], [ 27.008517201863437, 47.464841242999981 ], [ 27.008568970043463, 47.464748911701903 ], [ 27.008668314350814, 47.464571672034232 ], [ 27.00873734403369, 47.464318016181565 ], [ 27.008791093518816, 47.464120486296089 ], [ 27.008919639737954, 47.463893302967946 ], [ 27.009012441513676, 47.463771039013615 ], [ 27.009105256125824, 47.463648774752684 ], [ 27.009157777733069, 47.463562062106838 ], [ 27.009210285574571, 47.463475340674215 ], [ 27.009234449010108, 47.463301804730889 ], [ 27.009236272041772, 47.463093073184908 ], [ 27.009237503082286, 47.462952808927909 ], [ 27.00921339712751, 47.462809087892836 ], [ 27.009163687852919, 47.462643561097316 ], [ 27.010128299290827, 47.463195711437905 ], [ 27.011308528082523, 47.463871249972136 ], [ 27.012061274668113, 47.464346886751443 ], [ 27.012370050643355, 47.46454198937716 ], [ 27.012847944534045, 47.464333760822711 ], [ 27.01309873988307, 47.464259413186838 ], [ 27.013250268530289, 47.464196270565274 ], [ 27.01348092474251, 47.464144808736123 ], [ 27.013623460089548, 47.464113013817659 ], [ 27.013815633529578, 47.46407013655962 ], [ 27.013939840809989, 47.464024129508303 ], [ 27.014035171305835, 47.463988817135487 ], [ 27.014188654845292, 47.463990146786749 ], [ 27.014355857325626, 47.463971822785169 ], [ 27.014431649568728, 47.463940843971642 ], [ 27.014515494099449, 47.463891929481896 ], [ 27.014620988532354, 47.463814163869067 ], [ 27.014726482657984, 47.463736398160393 ], [ 27.0148482516061, 47.463672591693651 ], [ 27.014969076068315, 47.463630151048569 ], [ 27.01514577877553, 47.463585551979747 ], [ 27.015240162221701, 47.463561735040969 ], [ 27.015337309730974, 47.463516970295238 ], [ 27.015473905563745, 47.463429171834711 ], [ 27.015635317940777, 47.463325431397351 ], [ 27.015835751080509, 47.463238988354455 ], [ 27.016016158535571, 47.463161179108944 ], [ 27.016215097046743, 47.463095948982634 ], [ 27.016476236534825, 47.462971580477998 ], [ 27.01681385474966, 47.462835202405415 ], [ 27.016993385043854, 47.46276268801163 ], [ 27.017274863562665, 47.462631423275567 ], [ 27.017421625785524, 47.462581412416895 ], [ 27.017568387730982, 47.462531401373575 ], [ 27.01771057189189, 47.462499265573932 ], [ 27.017881447740209, 47.462485613875238 ], [ 27.018016253344857, 47.462489197665668 ], [ 27.018190090371924, 47.462507531844764 ], [ 27.018282649866038, 47.462517293446474 ], [ 27.018422496697607, 47.462548571382882 ], [ 27.018589064734083, 47.462559914927553 ], [ 27.018710511715394, 47.462534067700972 ], [ 27.01878078007309, 47.462496065591971 ], [ 27.018936591716503, 47.46241178816765 ], [ 27.019042166436716, 47.462332532516662 ], [ 27.019218547052542, 47.462233357730625 ], [ 27.019426612532229, 47.462139568994218 ], [ 27.019708431410713, 47.462053978424812 ], [ 27.019872666951514, 47.462004101019602 ], [ 27.020077735083252, 47.46196924781907 ], [ 27.020238840066149, 47.461974746184588 ], [ 27.020427269516361, 47.46198117190535 ], [ 27.020558805969848, 47.461972726869973 ], [ 27.020697679798904, 47.461945395382102 ], [ 27.020772583787402, 47.461914427810171 ], [ 27.020847487688425, 47.461883460190272 ], [ 27.021151710758598, 47.461742909696369 ], [ 27.021564958837001, 47.461571974245871 ], [ 27.021746176798572, 47.461497011779265 ], [ 27.021927407505633, 47.461422048800166 ], [ 27.022018016208502, 47.46138457181619 ], [ 27.02210862478341, 47.461347094761777 ], [ 27.022272971318166, 47.461334207134463 ], [ 27.022406128524707, 47.461323770407319 ], [ 27.022625301305833, 47.461182719469932 ], [ 27.02283593091569, 47.461006720248761 ], [ 27.023059628245068, 47.460772345855077 ], [ 27.023199381024352, 47.460625931233146 ], [ 27.023425837752477, 47.460462295424833 ], [ 27.023531612309444, 47.460346261770034 ], [ 27.023637386068, 47.460230219026158 ], [ 27.023732489775107, 47.460074910989157 ], [ 27.023917693660433, 47.459874431868712 ], [ 27.024013247290586, 47.459650595415859 ], [ 27.024214692357937, 47.459474753746647 ], [ 27.024444654237811, 47.459273996438462 ], [ 27.024630811194712, 47.45914981105998 ], [ 27.024949001384979, 47.458986460201729 ], [ 27.02531654504639, 47.458797775153513 ], [ 27.025644438078068, 47.458629439565904 ], [ 27.026046822889615, 47.458422860633526 ], [ 27.026295559716562, 47.458295159202692 ], [ 27.026532510971688, 47.458134509563472 ], [ 27.026647763121485, 47.458026611401024 ], [ 27.026924317240425, 47.457767688587452 ], [ 27.027032355358269, 47.457666528797297 ], [ 27.027256333059928, 47.457532195326515 ], [ 27.027298381880893, 47.457414122815763 ], [ 27.027331250786109, 47.457279989319126 ], [ 27.027357596949891, 47.457172492681906 ], [ 27.027377339268174, 47.457091940224913 ], [ 27.027395244388785, 47.457018896300298 ], [ 27.027383517068579, 47.456937535358499 ], [ 27.027387805906919, 47.45681999682305 ], [ 27.027361074859513, 47.456714876389178 ], [ 27.027353835639314, 47.456616522809334 ], [ 27.027348430261469, 47.456543040604224 ], [ 27.02736249784984, 47.4564300994912 ], [ 27.027357632000069, 47.456302041620411 ], [ 27.027339579906716, 47.456151272112393 ], [ 27.027329451852587, 47.45606660831357 ], [ 27.027316526369944, 47.456010261686124 ], [ 27.027308900987933, 47.455948172361445 ], [ 27.027302327205145, 47.455894557734659 ], [ 27.027295740180332, 47.455840943337904 ], [ 27.027299955374069, 47.455767895750178 ], [ 27.027295628263328, 47.455702887754107 ], [ 27.027292004035889, 47.455648348868309 ], [ 27.02728836690217, 47.455593819203905 ], [ 27.027256633414751, 47.45551063063094 ], [ 27.027229968783754, 47.455440749851036 ], [ 27.027203317480247, 47.455370868830911 ], [ 27.027184490151431, 47.455301273914664 ], [ 27.027160393896217, 47.455225320297217 ], [ 27.027143862579425, 47.455173211222025 ], [ 27.027123129381241, 47.455071602610495 ], [ 27.027083656151412, 47.454952966469108 ], [ 27.027063022968633, 47.454890996477118 ], [ 27.027050371115685, 47.454813205381157 ], [ 27.027014853035293, 47.454667383397492 ], [ 27.027003161919929, 47.454619418253664 ], [ 27.026983516323455, 47.45453874439864 ], [ 27.026959816515038, 47.454441434124618 ], [ 27.026950637854924, 47.454379641796876 ], [ 27.026936428313412, 47.454332071532889 ], [ 27.026900049415048, 47.45425052048116 ], [ 27.026882359513824, 47.454210847339468 ], [ 27.026849987233444, 47.45415619899596 ], [ 27.02681761502016, 47.454101550641731 ], [ 27.026756474287613, 47.454039280772861 ], [ 27.027179556410086, 47.453779370663277 ], [ 27.027304009236726, 47.453649277310568 ], [ 27.027568367842179, 47.453427533760767 ], [ 27.027722997012145, 47.453297830085781 ], [ 27.027854477399739, 47.453134225674475 ], [ 27.028060058513248, 47.452976388010541 ], [ 27.028188593118472, 47.452877711472361 ], [ 27.028341007250503, 47.452811599886942 ], [ 27.028530716463177, 47.452650485126128 ], [ 27.028623598576246, 47.452518054387973 ], [ 27.028651876737776, 47.452376371105707 ], [ 27.028622564336416, 47.452324422749761 ], [ 27.028593239079232, 47.452272483607686 ], [ 27.028571749405845, 47.452234406622992 ], [ 27.028633403710597, 47.452136431420101 ], [ 27.02864869600895, 47.452047778183697 ], [ 27.028664001172476, 47.451959115719752 ], [ 27.028720549272204, 47.451845116278228 ], [ 27.028820657915553, 47.451741627980624 ], [ 27.028931674346236, 47.451683626159877 ], [ 27.029042677279708, 47.451625624465386 ], [ 27.029158017426649, 47.451600763426782 ], [ 27.029226613569527, 47.451553885911849 ], [ 27.02929056938947, 47.451465559736107 ], [ 27.029365986033074, 47.451437249413473 ], [ 27.029441415851203, 47.45140893881026 ], [ 27.029488683473247, 47.45136451262097 ], [ 27.029502667222225, 47.451343332083205 ], [ 27.029498869758811, 47.451312188195068 ], [ 27.029485225789131, 47.451270807158529 ], [ 27.029475870317786, 47.451242441607633 ], [ 27.029489100910482, 47.451214013729285 ], [ 27.02951652135614, 47.451184473844904 ], [ 27.029539303974271, 47.451159936427949 ], [ 27.029568063460939, 47.451117129622133 ], [ 27.029607098427665, 47.451077705778786 ], [ 27.02963507853547, 47.451062884039921 ], [ 27.029745551680239, 47.450912546441359 ], [ 27.029798836195734, 47.450796525218202 ], [ 27.029838523768081, 47.4507101079043 ], [ 27.029940062685231, 47.450602140041141 ], [ 27.030014435358868, 47.450465884384982 ], [ 27.030110401661002, 47.450414370663985 ], [ 27.030255295264073, 47.450442981774295 ], [ 27.030367098980975, 47.45046504640851 ], [ 27.030459702186043, 47.450426942714635 ], [ 27.030637137537209, 47.450353921117106 ], [ 27.030820574337049, 47.450341721380262 ], [ 27.03095073787356, 47.450385119589257 ], [ 27.031066943273483, 47.450383084664445 ], [ 27.031211976903421, 47.450334867326099 ], [ 27.031363073661062, 47.45036544671089 ], [ 27.031496820259846, 47.450324912147522 ], [ 27.031594792334339, 47.450280487617484 ], [ 27.031672787785563, 47.45026250404598 ], [ 27.031727141016255, 47.450266302297877 ], [ 27.031781480657127, 47.450270091765447 ], [ 27.031823102976695, 47.450261058442699 ], [ 27.031896664708629, 47.450218248878116 ], [ 27.031970212725209, 47.450175430508402 ], [ 27.03207906355221, 47.450095214095526 ], [ 27.032182012779817, 47.450043585277307 ], [ 27.032249619151699, 47.44999730804372 ], [ 27.032284392807835, 47.449936266310516 ], [ 27.032311951418805, 47.449850159571852 ], [ 27.032344796055856, 47.449806731630638 ], [ 27.032422647189829, 47.449751898619333 ], [ 27.032483147844378, 47.449721400427457 ], [ 27.032557053788185, 47.449694625929169 ], [ 27.032681461345089, 47.449629395091549 ], [ 27.032821943539005, 47.449566590451163 ], [ 27.032893814797934, 47.449534462229444 ], [ 27.03295581387691, 47.449506753560783 ], [ 27.033005169393672, 47.44947025155345 ], [ 27.033077616925326, 47.449416700398615 ], [ 27.033144637539344, 47.449344296776601 ], [ 27.03320872200068, 47.449275075519708 ], [ 27.033272806296502, 47.449205854226761 ], [ 27.033369957904721, 47.449062710103888 ], [ 27.033520173959904, 47.448921262605936 ], [ 27.033566295109271, 47.448846894943415 ], [ 27.033626715809081, 47.448780580704266 ], [ 27.033687136359699, 47.448714266433136 ], [ 27.033786163328184, 47.448658980164012 ], [ 27.034012637525954, 47.448530356802969 ], [ 27.034119772824148, 47.448456798295069 ], [ 27.034221999367034, 47.448345980364415 ], [ 27.034287766704196, 47.448244600852306 ], [ 27.034324719763443, 47.448182368595887 ], [ 27.034361672737631, 47.448120136326885 ], [ 27.034520926756102, 47.447955667655314 ], [ 27.034571392988841, 47.447865217753005 ], [ 27.034600842804434, 47.447835798429793 ], [ 27.034630292587718, 47.447806379099006 ], [ 27.034724397349184, 47.44774732764094 ], [ 27.034880742513508, 47.447616198170564 ], [ 27.03503927978505, 47.447436491472004 ], [ 27.035163078843247, 47.447248397171307 ], [ 27.035227083396556, 47.447139130669662 ], [ 27.035271636930847, 47.44708670632015 ], [ 27.035349682128675, 47.447008277807186 ], [ 27.035415759026364, 47.446883814952798 ], [ 27.035465041957519, 47.446758927040776 ], [ 27.035644760946074, 47.446545289022232 ], [ 27.035891769986133, 47.446293662940775 ], [ 27.036263462020692, 47.446002842738828 ], [ 27.036592492812524, 47.445702163021117 ], [ 27.036946625833849, 47.445378549017491 ], [ 27.037300754232763, 47.445054924934105 ], [ 27.037409676651265, 47.444899586289047 ], [ 27.037504517743223, 47.444688416848997 ], [ 27.037624309882879, 47.444521856724045 ], [ 27.037830324540757, 47.444398514340868 ], [ 27.037947105993787, 47.444293123130883 ], [ 27.037986307527223, 47.444091981876134 ], [ 27.038041822067605, 47.443807161035707 ], [ 27.038163079281869, 47.443505413073154 ], [ 27.038387207637889, 47.443182126516284 ], [ 27.038543040822436, 47.44289163732401 ], [ 27.038587548272886, 47.442808667642176 ], [ 27.038668020348378, 47.442652055300769 ], [ 27.03872887369533, 47.442599495875172 ], [ 27.038733677174843, 47.442564152299504 ], [ 27.038719822986899, 47.442525726863991 ], [ 27.038688005099189, 47.442437459095338 ], [ 27.038767698827819, 47.442289308494317 ], [ 27.038815469642763, 47.442149447446653 ], [ 27.03886323986983, 47.442009577382706 ], [ 27.038976220386459, 47.441876388161099 ], [ 27.039223624945734, 47.441662111650416 ], [ 27.039511873962429, 47.44141245991478 ], [ 27.039601235472453, 47.441250877076264 ], [ 27.039644401120931, 47.441106841022382 ], [ 27.039735997051768, 47.440883679415357 ], [ 27.040024326979712, 47.440599881301004 ], [ 27.040275003336468, 47.44040311589356 ], [ 27.040513001300624, 47.44020603317388 ], [ 27.040750997511509, 47.440008949964387 ], [ 27.040902219144836, 47.439836695587147 ], [ 27.040969402838872, 47.439655033688297 ], [ 27.041060473992403, 47.439569219064175 ], [ 27.041151544854266, 47.439483404367884 ], [ 27.041310224948433, 47.43922363937584 ], [ 27.041420269174125, 47.438947402093817 ], [ 27.04154615966965, 47.438710364492977 ], [ 27.041802513922409, 47.438390956520038 ], [ 27.041902982452189, 47.438257273647821 ], [ 27.042087583751123, 47.438272844796877 ], [ 27.042159179882137, 47.438329732476049 ], [ 27.042187271334065, 47.43835205325658 ], [ 27.042260050995473, 47.438537962986835 ], [ 27.042282064141602, 47.438594189785867 ], [ 27.042356772461588, 47.438785017422937 ], [ 27.042524534663727, 47.43907576951171 ], [ 27.042616362852083, 47.439234914828461 ], [ 27.042708191594688, 47.439394060058355 ], [ 27.043075471676293, 47.439940886868669 ], [ 27.043442772610184, 47.440487712106489 ], [ 27.04367115113989, 47.440766355044772 ], [ 27.043774626450357, 47.441067603971248 ], [ 27.043845387953528, 47.441273638435959 ], [ 27.043905791711275, 47.441404838540713 ], [ 27.044083203432972, 47.441753889573427 ], [ 27.044307290043236, 47.442117952235733 ], [ 27.044474373971372, 47.442389396772299 ], [ 27.044704469547042, 47.44269034683807 ], [ 27.044861046272672, 47.442895128480039 ], [ 27.045064287631444, 47.443119501175687 ], [ 27.045197440624154, 47.44330682740614 ], [ 27.04528807683338, 47.44353673026837 ], [ 27.045436756341939, 47.443842272596427 ], [ 27.045662499132135, 47.444199933452254 ], [ 27.04588673269371, 47.444518141738463 ], [ 27.045986887765341, 47.44466029050907 ], [ 27.046076648684647, 47.444815317303366 ], [ 27.046191384648349, 47.445067241660368 ], [ 27.046291393983626, 47.445286829691469 ], [ 27.046410375275038, 47.445514522024268 ], [ 27.046485557692485, 47.445629625231156 ], [ 27.046549849879341, 47.445768195732384 ], [ 27.046662471139843, 47.445964861492705 ], [ 27.046756785261426, 47.446103630814193 ], [ 27.047049534580875, 47.446483012573921 ], [ 27.047258910973692, 47.446754345204148 ], [ 27.047321213108642, 47.446835072864005 ], [ 27.047418776094723, 47.447010042073074 ], [ 27.047538251671909, 47.447336466201996 ], [ 27.047733082219111, 47.447868714923175 ], [ 27.047831394049787, 47.448031659573061 ], [ 27.048175507872042, 47.448636810011941 ], [ 27.04845351760855, 47.449182001545651 ], [ 27.04873374048438, 47.44971386474451 ], [ 27.049102231989153, 47.45026661517376 ], [ 27.049421737873651, 47.45074588809706 ], [ 27.049523263917475, 47.450933534073705 ], [ 27.049571536227134, 47.451073528456263 ], [ 27.049624630389253, 47.451284837474653 ], [ 27.049691674127516, 47.451467019695187 ], [ 27.049743745055196, 47.451608503329375 ], [ 27.049818294757046, 47.45171327793566 ], [ 27.049872351938852, 47.452045947738497 ], [ 27.049929037172461, 47.452251237105713 ], [ 27.049967712914299, 47.452573994107667 ], [ 27.049986422601147, 47.452730237435013 ], [ 27.049914307062718, 47.452991335085663 ], [ 27.049882900591037, 47.453105026855745 ], [ 27.049897753576136, 47.453439864861856 ], [ 27.049876312434616, 47.453907572467259 ], [ 27.049891569272898, 47.45408131284475 ], [ 27.049893919991582, 47.454321354905886 ], [ 27.049934380038948, 47.454943597528754 ], [ 27.049971705873784, 47.45551772574585 ], [ 27.049944518146638, 47.455805820593049 ], [ 27.049888176686444, 47.456183428404323 ], [ 27.049883582794834, 47.456369422414994 ], [ 27.049933223004931, 47.456684346760269 ], [ 27.049963462772684, 47.456876175908477 ], [ 27.049980054310172, 47.45712156211993 ], [ 27.049976899442736, 47.457290796329012 ], [ 27.049896802722699, 47.457711334285264 ], [ 27.049841719377536, 47.458000551628182 ], [ 27.049822655227565, 47.458272937888118 ], [ 27.049798012846097, 47.458625261488628 ], [ 27.049702650571749, 47.459004538988211 ], [ 27.049685794138675, 47.459204928634833 ], [ 27.049649247084627, 47.459639334496465 ], [ 27.049628546299886, 47.460255207215894 ], [ 27.0495829159828, 47.460826490664012 ], [ 27.049569084543322, 47.461394665963297 ], [ 27.049525147799919, 47.461981061015436 ], [ 27.049478189730422, 47.462607626555652 ], [ 27.049478491216821, 47.463209425124361 ], [ 27.049419756781042, 47.463977045099348 ], [ 27.049396194739558, 47.464682909382404 ], [ 27.04934931364707, 47.465319162485898 ], [ 27.049331773670868, 47.465557089741125 ], [ 27.049309150386744, 47.46586404108502 ], [ 27.049299810430234, 47.465990792581799 ], [ 27.049246050012901, 47.466100613891527 ], [ 27.049162146412268, 47.466212883995006 ], [ 27.049223891140475, 47.466207969570192 ], [ 27.049824768620915, 47.465937918321124 ], [ 27.050183112394478, 47.465793941823861 ], [ 27.050350770159199, 47.465738940403128 ], [ 27.050802497263156, 47.465547580025628 ], [ 27.051000212593255, 47.465472774859386 ], [ 27.051224264198691, 47.465413518152559 ], [ 27.051506357407725, 47.465301745193948 ], [ 27.051841958273243, 47.465134818671238 ], [ 27.051990275760659, 47.465061038480314 ], [ 27.052205268316573, 47.464987437063606 ], [ 27.052480230509939, 47.464927673052571 ], [ 27.052735324585555, 47.464872227613036 ], [ 27.052857928193273, 47.464821204677918 ], [ 27.053243138844575, 47.464628699489616 ], [ 27.053393580127757, 47.464580880961329 ], [ 27.053702236267135, 47.464518664193797 ], [ 27.053890088767069, 47.464494231426706 ], [ 27.054034182831629, 47.464448017929094 ], [ 27.054323545420988, 47.464330297233907 ], [ 27.054712394694366, 47.464184605567731 ], [ 27.055056382202949, 47.464064997714971 ], [ 27.055598040396209, 47.463876667357432 ], [ 27.056083345359152, 47.463808011766922 ], [ 27.056270631431257, 47.463516349406063 ], [ 27.057225976947581, 47.463331959321351 ], [ 27.058394638378719, 47.463106393881013 ], [ 27.059331361308281, 47.462925573630642 ], [ 27.060146877260639, 47.462802598530139 ], [ 27.060597356320205, 47.46273466834274 ], [ 27.061537785418864, 47.462523768469886 ], [ 27.063740822393903, 47.462114117870428 ], [ 27.063772308054098, 47.462031226638636 ], [ 27.064726320074584, 47.461898368370868 ], [ 27.064370994928893, 47.462876686644556 ], [ 27.064841265399107, 47.463051809022758 ], [ 27.065114765555805, 47.463134804308986 ], [ 27.065558394354603, 47.463378289051711 ], [ 27.066041092664172, 47.46360346023264 ], [ 27.066945772670742, 47.463977315891626 ], [ 27.067249533002865, 47.46410283535927 ], [ 27.067603415273933, 47.464163924230313 ], [ 27.067877514086288, 47.464286057096459 ], [ 27.068184448377888, 47.464322924642318 ], [ 27.068486355029791, 47.464315319162239 ], [ 27.069178307996079, 47.464454504697279 ], [ 27.069881325706476, 47.464572048968002 ], [ 27.070584346446008, 47.464689588948353 ], [ 27.071303836431266, 47.464861145190994 ], [ 27.07198775722042, 47.464962580345947 ], [ 27.072593332863629, 47.46507655855887 ], [ 27.072857668879301, 47.464947038568049 ], [ 27.073200524445298, 47.464809438890448 ], [ 27.073406112412627, 47.46468988355889 ], [ 27.073611699456904, 47.464570327864642 ], [ 27.073817285578023, 47.464450771807748 ], [ 27.073972168838392, 47.464360705244786 ], [ 27.074121219569417, 47.464363933215523 ], [ 27.074274380424487, 47.464416903636995 ], [ 27.074715792120472, 47.464044290859128 ], [ 27.075169196612642, 47.463859390208199 ], [ 27.075500605498309, 47.463724237562275 ], [ 27.075853839185449, 47.463654937993923 ], [ 27.076346734698568, 47.463690961549702 ], [ 27.076839630841569, 47.463726983005472 ], [ 27.079441236393237, 47.46410545358507 ], [ 27.079430103884572, 47.464194930030814 ], [ 27.080172822223116, 47.464244745001153 ], [ 27.082254692378449, 47.464384354568296 ], [ 27.082126926683721, 47.464838726715705 ], [ 27.082109979756204, 47.465073824730574 ], [ 27.082097772510917, 47.465243236275853 ], [ 27.082085562686128, 47.465412651453043 ], [ 27.082033738940943, 47.466131784909933 ], [ 27.081994132821197, 47.466681379665253 ], [ 27.081957924617527, 47.467183777333972 ], [ 27.081921714628045, 47.467686178517134 ], [ 27.081852473524524, 47.468053102444941 ], [ 27.081844491130823, 47.468231358410421 ], [ 27.081829478185799, 47.46856636849509 ], [ 27.081783747236138, 47.468833013147659 ], [ 27.081813198908844, 47.469057264446114 ], [ 27.081767674523995, 47.46928026112333 ], [ 27.081801864111039, 47.469504193441715 ], [ 27.081742121773541, 47.469725654826171 ], [ 27.081745774279639, 47.469832491023766 ], [ 27.081763420476374, 47.470349174947692 ], [ 27.08172348292862, 47.471199761063751 ], [ 27.081711118519621, 47.47174917431169 ], [ 27.081640001620972, 47.472137210955985 ], [ 27.081560571445028, 47.472472746569856 ], [ 27.081546965830302, 47.472892832814061 ], [ 27.081506870639526, 47.473199619029742 ], [ 27.08148533610628, 47.473400933982589 ], [ 27.081415274498042, 47.474056133200584 ], [ 27.081382555500586, 47.474571326752368 ], [ 27.081358686303933, 47.474662358588951 ], [ 27.081334817028292, 47.474753390417838 ], [ 27.081309001109137, 47.474950778381071 ], [ 27.081283171750666, 47.475148166562583 ], [ 27.081237935654652, 47.475493992312799 ], [ 27.081230315511888, 47.475827465165985 ], [ 27.081191984015021, 47.476292763054758 ], [ 27.081100810584147, 47.477399391662395 ], [ 27.08094407471927, 47.47835704613555 ], [ 27.080953353064984, 47.478594794176942 ], [ 27.080961490121229, 47.47880329570129 ], [ 27.080933408940247, 47.478948838658404 ], [ 27.080895282217966, 47.479146428990191 ], [ 27.080855385029622, 47.480565048877388 ], [ 27.080736574296154, 47.481013804280551 ], [ 27.080564439088455, 47.48198570508287 ], [ 27.080448964790548, 47.482750704116285 ], [ 27.080438092129331, 47.48310299277005 ], [ 27.080353017695845, 47.483418267109172 ], [ 27.080175759951686, 47.48538890422914 ], [ 27.080100436209651, 47.486125993315973 ], [ 27.080095853961865, 47.4861524453462 ], [ 27.080123967436673, 47.486146097845378 ], [ 27.080278088886082, 47.486111301193624 ], [ 27.08047019679757, 47.486085760260302 ], [ 27.080511179850912, 47.486081872865917 ], [ 27.080583987134176, 47.486074965828813 ], [ 27.080644490057576, 47.486092156242329 ], [ 27.080668489097473, 47.486098974664934 ], [ 27.08076747965552, 47.486127098792679 ], [ 27.08080047650774, 47.486136472883587 ], [ 27.08113288838922, 47.486230907199008 ], [ 27.081409293033868, 47.486309431161068 ], [ 27.081400696299422, 47.486349648530535 ], [ 27.081189463050066, 47.487337724195299 ], [ 27.081035136442669, 47.488059532275258 ], [ 27.080962085686625, 47.488401208026218 ], [ 27.080889034031305, 47.488742883692105 ], [ 27.080450889863961, 47.490453489566775 ], [ 27.08040466833388, 47.490752384724125 ], [ 27.080344707981475, 47.490973739198601 ], [ 27.080305401234941, 47.491216855626895 ], [ 27.080235064307651, 47.491523020589867 ], [ 27.08017187824273, 47.491798153025265 ], [ 27.080113370809684, 47.492002027297538 ], [ 27.080088703806954, 47.492087993722315 ], [ 27.080080698879886, 47.492175397838707 ], [ 27.080089156190176, 47.492232925140037 ], [ 27.080106495762831, 47.492265326903713 ], [ 27.080135032852951, 47.492282269239837 ], [ 27.080172548512426, 47.492300364148846 ], [ 27.080166827149814, 47.492369067825457 ], [ 27.080070258717925, 47.492365373896497 ], [ 27.079917070878523, 47.492359518924687 ], [ 27.079844497828933, 47.492357409980237 ], [ 27.079562283856426, 47.492371959910663 ], [ 27.079182938061535, 47.492391515552711 ], [ 27.079105121584313, 47.492397912170262 ], [ 27.078866498040632, 47.492417518296328 ], [ 27.078525341051936, 47.492445564378748 ], [ 27.078061603183208, 47.492483677102811 ], [ 27.077664476581461, 47.49252625428305 ], [ 27.077120830721299, 47.492560737784338 ], [ 27.076665598383144, 47.492589614815962 ], [ 27.076401507826944, 47.492606360792955 ], [ 27.076263689066998, 47.492615097773282 ], [ 27.076232655883871, 47.492647187057877 ], [ 27.076181128939343, 47.492700452763437 ], [ 27.076155306186951, 47.492739196438869 ], [ 27.076151939982253, 47.492804088029736 ], [ 27.076120538200982, 47.493410165353417 ], [ 27.076085931094177, 47.494078126244311 ], [ 27.076046721171799, 47.494834806266688 ], [ 27.076004244481798, 47.495654531416861 ], [ 27.0759594226875, 47.496519390414448 ], [ 27.07589988402232, 47.497298538547597 ], [ 27.075861273380752, 47.497803844079392 ], [ 27.075835537364462, 47.49814072328477 ], [ 27.075837971714286, 47.498230828058759 ], [ 27.075829741764906, 47.498267322510195 ], [ 27.075758679691415, 47.49832636240486 ], [ 27.075750721518059, 47.498849742805362 ], [ 27.075737397678839, 47.499725840969035 ], [ 27.075664620571796, 47.500550424806121 ], [ 27.075557967551092, 47.50175868107339 ], [ 27.075515304482384, 47.502241898841241 ], [ 27.075505474490999, 47.502505258720205 ], [ 27.075486722381214, 47.503007229893051 ], [ 27.075470655497909, 47.503437367315286 ], [ 27.075438864765527, 47.503801965153457 ], [ 27.075426349575874, 47.503945607249726 ], [ 27.075437231625941, 47.503947859765908 ], [ 27.075462180803232, 47.503953009583206 ], [ 27.075521166871223, 47.503965170951439 ], [ 27.075577574296958, 47.503982029765154 ], [ 27.075594126507031, 47.503997936986465 ], [ 27.075595660335988, 47.50411127844739 ], [ 27.075515502044883, 47.504598954029554 ], [ 27.075378600497142, 47.505431754327859 ], [ 27.075331691632115, 47.505717094886656 ], [ 27.075284782290829, 47.50600243539774 ], [ 27.075180110505762, 47.506639157957721 ], [ 27.075089225162113, 47.507051712238116 ], [ 27.075043906021826, 47.507341463965922 ], [ 27.074949024045342, 47.507844426358012 ], [ 27.074750055022541, 47.508899160810365 ], [ 27.074515286003798, 47.509497110279511 ], [ 27.073996033279311, 47.510414761202469 ], [ 27.073215088970031, 47.511794804900269 ], [ 27.072585511852395, 47.512751818579225 ], [ 27.072542118827695, 47.512817793159748 ], [ 27.072618467845668, 47.512844571648337 ], [ 27.072897734662757, 47.512946663759251 ], [ 27.073395297705961, 47.513116523907797 ], [ 27.073700949735475, 47.513227382423914 ], [ 27.074068622198354, 47.513375179196871 ], [ 27.07432649156285, 47.513462013882474 ], [ 27.074714010302035, 47.513592503980206 ], [ 27.075094770302126, 47.513731822524235 ], [ 27.075284345135099, 47.513808405258153 ], [ 27.075334963684998, 47.513842407643921 ], [ 27.075369166690631, 47.513893401576723 ], [ 27.075459258142061, 47.514027758902358 ], [ 27.075556556757963, 47.514230515748679 ], [ 27.075636539639934, 47.514397154217228 ], [ 27.075745309866253, 47.5146049328591 ], [ 27.075848458104257, 47.514802006812104 ], [ 27.075969340008808, 47.515032924237524 ], [ 27.076042274822061, 47.515188685405413 ], [ 27.076115209718477, 47.515344437523716 ], [ 27.076193742378511, 47.515488429630842 ], [ 27.0762827025065, 47.515679495210456 ], [ 27.076358040052796, 47.515806225560056 ], [ 27.076472973183282, 47.516042835834718 ], [ 27.076607126936597, 47.516274756645934 ], [ 27.076712331302925, 47.516456615416786 ], [ 27.076845305044618, 47.516686487791013 ], [ 27.076961298377782, 47.516920550475191 ], [ 27.077085831141275, 47.51714369107286 ], [ 27.077273623429889, 47.517505860068724 ], [ 27.077405166023567, 47.517741470319891 ], [ 27.077549674403574, 47.518000302908227 ], [ 27.077673039097647, 47.518221286519612 ], [ 27.077797478207877, 47.518417356694563 ], [ 27.077927733450412, 47.518667168267832 ], [ 27.078051616441623, 47.518904759201732 ], [ 27.078186548075788, 47.519139570092655 ], [ 27.078295620454604, 47.519329392187529 ], [ 27.078418970037898, 47.519544041497582 ], [ 27.078534299160605, 47.519744745362772 ], [ 27.078677256994528, 47.51999350984601 ], [ 27.078851706661077, 47.520297076198489 ], [ 27.078949583166683, 47.520467386252179 ], [ 27.079041423557864, 47.52059634724953 ], [ 27.079133264397818, 47.52072530816401 ], [ 27.079256041263474, 47.520841425240214 ], [ 27.079478345973687, 47.521104745497453 ], [ 27.07969190495022, 47.521430425641725 ], [ 27.079725259238504, 47.521485502669606 ], [ 27.07990593346339, 47.521783841175839 ], [ 27.079964772053636, 47.52188099725177 ], [ 27.080044589674518, 47.522012817925535 ], [ 27.080064817482931, 47.522026926719178 ], [ 27.080085045302159, 47.52204103550919 ], [ 27.08010051480246, 47.522051824296 ], [ 27.080117178250777, 47.52205798624199 ], [ 27.080133842854682, 47.522064143666462 ], [ 27.080171136629197, 47.522068976824897 ], [ 27.080190779083662, 47.522545350512182 ], [ 27.080195390221757, 47.522657183054882 ], [ 27.080255783295847, 47.522818715299728 ], [ 27.080396023181002, 47.523043072148774 ], [ 27.080523529891622, 47.523247073375714 ], [ 27.080699351290541, 47.523481849972129 ], [ 27.08085378920471, 47.523688049086573 ], [ 27.080915299094745, 47.5238073769439 ], [ 27.081142769569265, 47.524248575103215 ], [ 27.081342711343574, 47.5245134352108 ], [ 27.081536353577647, 47.524839315954679 ], [ 27.082049455440309, 47.526062794373807 ], [ 27.082296179554366, 47.526489744735848 ], [ 27.082436568691584, 47.526732693473853 ], [ 27.082571679338816, 47.5269618907409 ], [ 27.082661073140347, 47.527090946615488 ], [ 27.082848110153574, 47.527410168971869 ], [ 27.082985580291194, 47.527681257222945 ], [ 27.083095387147296, 47.527897781659249 ], [ 27.083110974618947, 47.527954649252216 ], [ 27.083229268255831, 47.52819386397951 ], [ 27.08331846757083, 47.528374213246678 ], [ 27.083420082595737, 47.528558514085525 ], [ 27.083542043336461, 47.52882823357551 ], [ 27.083615971902034, 47.52896317123421 ], [ 27.083777276244795, 47.529280649673915 ], [ 27.083927454017648, 47.529585309336611 ], [ 27.083999832867434, 47.529774272983587 ], [ 27.08410956618366, 47.529962565917018 ], [ 27.084249053428216, 47.530182020015253 ], [ 27.084424382327704, 47.530477167667158 ], [ 27.084638387416476, 47.530819941954228 ], [ 27.084732706809021, 47.530971021672073 ], [ 27.084829733275868, 47.531126425104084 ], [ 27.084907675301356, 47.531267344602014 ], [ 27.085091238385267, 47.5315992299128 ], [ 27.085288909977905, 47.532006712933615 ], [ 27.085390777845305, 47.532181848701022 ], [ 27.085555369060192, 47.532494533136472 ], [ 27.085663776897167, 47.532710081428448 ], [ 27.085736140167942, 47.532853952523027 ], [ 27.085849260268269, 47.533078862525286 ], [ 27.085969065132939, 47.533317039419821 ], [ 27.086055707707665, 47.53348930828956 ], [ 27.086164072282031, 47.533655842665517 ], [ 27.086246825276511, 47.533804420919694 ], [ 27.086348709128707, 47.533962164823031 ], [ 27.086393017704555, 47.534030751244501 ], [ 27.086440368029528, 47.534104069237252 ], [ 27.08661711115246, 47.534377703761848 ], [ 27.086819542905832, 47.534643049063675 ], [ 27.08691170993718, 47.534804970670315 ], [ 27.086959371972181, 47.534871800697751 ], [ 27.087007034127854, 47.53493863070284 ], [ 27.087116624275826, 47.535139662555423 ], [ 27.087203112409249, 47.53529833023827 ], [ 27.087284017850269, 47.535446743000499 ], [ 27.087404933596602, 47.535668560280079 ], [ 27.087528584861648, 47.535895402385158 ], [ 27.087637984206005, 47.536060297302278 ], [ 27.087738305615812, 47.536211518411747 ], [ 27.087875904311861, 47.536418928279716 ], [ 27.087967688367169, 47.536566856984379 ], [ 27.088045430526961, 47.536704628974121 ], [ 27.088089395838207, 47.536816171239515 ], [ 27.088190352124606, 47.537038715518996 ], [ 27.088304268236978, 47.537289852059018 ], [ 27.088339676098137, 47.537353235766922 ], [ 27.088458999043723, 47.537632434603807 ], [ 27.088550165574265, 47.53787797032394 ], [ 27.088617832071037, 47.53809848603936 ], [ 27.088724235557951, 47.538267410314923 ], [ 27.088823483861429, 47.53840429996982 ], [ 27.088949932043004, 47.538549399927369 ], [ 27.089154734769462, 47.53879252142108 ], [ 27.089218390067082, 47.53886808187265 ], [ 27.089282032270155, 47.5389436425246 ], [ 27.089356604982559, 47.538914842445259 ], [ 27.089418943974696, 47.538915897683857 ], [ 27.089472180565252, 47.538937899133451 ], [ 27.089510815516086, 47.538971058395965 ], [ 27.089539405304144, 47.539008590919849 ], [ 27.089562728443497, 47.539045984318072 ], [ 27.089641018426764, 47.539253694780811 ], [ 27.08987247795389, 47.539639265976916 ], [ 27.090078422780014, 47.539982318745231 ], [ 27.090362304289634, 47.540455211867851 ], [ 27.090613549128694, 47.540873713083151 ], [ 27.090925375370841, 47.541450958175474 ], [ 27.090993889056403, 47.541570734421875 ], [ 27.091062403054266, 47.541690510619482 ], [ 27.09141363752412, 47.542376048598904 ], [ 27.091502235362974, 47.542519803303847 ], [ 27.091545530283422, 47.542549387207153 ], [ 27.091603031064373, 47.542564149491817 ], [ 27.091661105211347, 47.542567466603892 ], [ 27.091734858381226, 47.542560316921644 ], [ 27.091782775317874, 47.542546912166294 ], [ 27.091885645182916, 47.542492904724348 ], [ 27.092203742949437, 47.542325879609358 ], [ 27.092325822555456, 47.542282636510329 ], [ 27.092475028015571, 47.542229790706294 ], [ 27.092574340635366, 47.54221781639874 ], [ 27.092686132723596, 47.542225526774679 ], [ 27.0927772880334, 47.542249056402319 ], [ 27.092943142356575, 47.542291868778435 ], [ 27.093331872365582, 47.542357400649955 ], [ 27.093588241904733, 47.542384122268317 ], [ 27.093754892530129, 47.542396483260447 ], [ 27.093950117242866, 47.542402615730389 ], [ 27.094124675077278, 47.542398126681526 ], [ 27.094272579731555, 47.542394316104073 ], [ 27.094774877055119, 47.542364705456343 ], [ 27.095465024609016, 47.542324018976458 ], [ 27.097158978318891, 47.54222412980085 ], [ 27.097339905689392, 47.542669959462685 ], [ 27.097593501102178, 47.54317610336436 ], [ 27.097847114335245, 47.543682237339205 ], [ 27.098298116521288, 47.544605012740654 ], [ 27.098874712355187, 47.545730550725693 ], [ 27.099210926411125, 47.546361483905955 ], [ 27.099470777116625, 47.546849111951374 ], [ 27.100040349929948, 47.547919998706341 ], [ 27.100217807473886, 47.547926244273661 ], [ 27.100349192490643, 47.547918622444868 ], [ 27.101334550067005, 47.547670575942298 ], [ 27.102161397030791, 47.547536194540292 ], [ 27.10281399249163, 47.547341581543293 ], [ 27.103081490661797, 47.547261802746092 ], [ 27.103258455544083, 47.547221665537869 ], [ 27.103540592411285, 47.547208367066958 ], [ 27.103896804549617, 47.547191575381319 ], [ 27.104329749428352, 47.54732151370002 ], [ 27.104449279346063, 47.547341443085557 ], [ 27.104795596795249, 47.547326438410735 ], [ 27.105126774111461, 47.547256215497057 ], [ 27.105398974446658, 47.547221833440361 ], [ 27.105718126835406, 47.547210773353427 ], [ 27.106788255983478, 47.547104172360264 ], [ 27.107365425947279, 47.546950631685078 ], [ 27.107879760933859, 47.546716070885388 ], [ 27.108879874886785, 47.546528293634289 ], [ 27.111124826131341, 47.546106761388955 ], [ 27.112640205599064, 47.545235851583087 ], [ 27.112933429910225, 47.544955575223227 ], [ 27.112975922824948, 47.544897159784057 ], [ 27.113018415647154, 47.544838744328814 ], [ 27.113043932831136, 47.54481980061091 ], [ 27.113080106376319, 47.544812232733712 ], [ 27.113206288582091, 47.544821388881971 ], [ 27.113399409397655, 47.544814058926931 ], [ 27.113441855525537, 47.54479547270882 ], [ 27.113470386289489, 47.5447503655082 ], [ 27.113509022387973, 47.544750606817608 ], [ 27.113627882286487, 47.544751375897221 ], [ 27.113741492024086, 47.544727679352114 ], [ 27.11384031086995, 47.544633006840634 ], [ 27.113898896767097, 47.544500902645289 ], [ 27.114036897064942, 47.544476761696139 ], [ 27.114189994596767, 47.544549033598365 ], [ 27.114342347151986, 47.544531630386039 ], [ 27.114495556473607, 47.544465224126277 ], [ 27.114649785798932, 47.544471321793765 ], [ 27.115013772601106, 47.544423333381211 ], [ 27.115237246119783, 47.544377706066392 ], [ 27.115417698844833, 47.544340869310979 ], [ 27.115620768238667, 47.544299400661657 ], [ 27.115832294553041, 47.544309904649971 ], [ 27.116091744688809, 47.544308954590484 ], [ 27.11630279175338, 47.544277325716166 ], [ 27.116463711836865, 47.544253204901231 ], [ 27.116573335661958, 47.544219213971715 ], [ 27.116631313891741, 47.54418160318162 ], [ 27.116665355860416, 47.544143178220153 ], [ 27.116679533332231, 47.544117449955365 ], [ 27.116688985276433, 47.544073130604708 ], [ 27.116700008385656, 47.544059632441773 ], [ 27.116723933956731, 47.544044477549505 ], [ 27.116828000794726, 47.544027132700684 ], [ 27.117068108829692, 47.543999929739591 ], [ 27.117219163242954, 47.544006738641606 ], [ 27.11736525056498, 47.543956823489907 ], [ 27.117455480008651, 47.543925992408653 ], [ 27.117591217767931, 47.543918532442547 ], [ 27.117719642531274, 47.543887904141343 ], [ 27.118008144370101, 47.543786978794245 ], [ 27.118248878246778, 47.543702758558744 ], [ 27.118393212945602, 47.543695986484423 ], [ 27.118419310904066, 47.54370404818885 ], [ 27.118735318861646, 47.544581573168095 ], [ 27.119211968998783, 47.545659266368695 ], [ 27.119589089733736, 47.546572235806863 ], [ 27.119612559309246, 47.546629035591245 ], [ 27.11968403437195, 47.546595324404485 ], [ 27.1197926687958, 47.546551101271142 ], [ 27.119863217879569, 47.546536515954628 ], [ 27.119912001128512, 47.546542273802245 ], [ 27.120000961376455, 47.546543555352784 ], [ 27.120110254711744, 47.54651621576528 ], [ 27.120176433141708, 47.546499658812856 ], [ 27.12023131179955, 47.546469633134308 ], [ 27.120298393760791, 47.546421391080074 ], [ 27.120336746865366, 47.546393817371914 ], [ 27.120405328471396, 47.546381219946575 ], [ 27.120511920951568, 47.546365813997731 ], [ 27.120593719027585, 47.546356429814523 ], [ 27.120660363806639, 47.546367259144574 ], [ 27.120709685935623, 47.546358863934152 ], [ 27.120768800937, 47.546334122671404 ], [ 27.120858067818673, 47.54629675694936 ], [ 27.120973685887016, 47.546281437605323 ], [ 27.121029102447725, 47.54626359230074 ], [ 27.12109916078148, 47.546212371452235 ], [ 27.121265862760826, 47.546090514728924 ], [ 27.12131948453462, 47.546051316812004 ], [ 27.121426806577862, 47.545995231393469 ], [ 27.121522616438099, 47.545962693797435 ], [ 27.121599271756001, 47.545922651994942 ], [ 27.121646835044885, 47.545897815478646 ], [ 27.121658216910312, 47.545863005995244 ], [ 27.121677888470813, 47.545802818141489 ], [ 27.121695504041814, 47.545783387130115 ], [ 27.12173611141354, 47.545756059639672 ], [ 27.121800107645267, 47.54573079678412 ], [ 27.121913275459338, 47.545705049052273 ], [ 27.122048562268048, 47.545668514673253 ], [ 27.12212648938505, 47.545658390439641 ], [ 27.122183662338891, 47.545646963132427 ], [ 27.122206278481595, 47.545626648919658 ], [ 27.122209138264239, 47.545593731524527 ], [ 27.122212498550223, 47.545555038064457 ], [ 27.122219175948644, 47.545537885160883 ], [ 27.122250086247583, 47.545513640690373 ], [ 27.122301042200188, 47.545490595208101 ], [ 27.122392668282725, 47.545479464644096 ], [ 27.122573447035958, 47.545457491430383 ], [ 27.122642074891214, 47.545437100630622 ], [ 27.122703375739121, 47.545407909982345 ], [ 27.122845113322125, 47.545379560713165 ], [ 27.12298685075136, 47.545351211271715 ], [ 27.12306222025396, 47.545343607277339 ], [ 27.123084587327828, 47.545320058610734 ], [ 27.123135200807148, 47.545266789935447 ], [ 27.12315457669369, 47.5452298817996 ], [ 27.123158845076375, 47.545198647992336 ], [ 27.12310078844251, 47.545135274967649 ], [ 27.12307052241842, 47.545072725231201 ], [ 27.123075143834054, 47.545046010335533 ], [ 27.123088584253068, 47.54503152269244 ], [ 27.123140971081337, 47.545000398569314 ], [ 27.123354767744253, 47.544892171211046 ], [ 27.123373858277329, 47.5448614400214 ], [ 27.123396041442739, 47.544846945383568 ], [ 27.123430725531744, 47.544845042471678 ], [ 27.123541645267387, 47.544838947154823 ], [ 27.123600698379271, 47.544835707776116 ], [ 27.123645944779852, 47.544809797192435 ], [ 27.123678950242581, 47.544776481258346 ], [ 27.123780240374309, 47.544733189343383 ], [ 27.123851082760407, 47.544713719950529 ], [ 27.123883311639354, 47.544695577692366 ], [ 27.123936118444142, 47.544647360678532 ], [ 27.124004186647667, 47.54463229637124 ], [ 27.124099964913285, 47.544632361406009 ], [ 27.124241355283129, 47.544646319488585 ], [ 27.12437928255418, 47.54472564821257 ], [ 27.124623065376948, 47.544698641280078 ], [ 27.124850659663583, 47.544633585948652 ], [ 27.125082364563106, 47.54454437060388 ], [ 27.125558989644407, 47.544417760780668 ], [ 27.12578886964031, 47.544322828478641 ], [ 27.126218717244683, 47.544207463666851 ], [ 27.126335412266361, 47.544184327989086 ], [ 27.12642627743956, 47.54425832648797 ], [ 27.126455774229992, 47.544248987389004 ], [ 27.126536116130666, 47.544223548427233 ], [ 27.126671383830651, 47.544180720181657 ], [ 27.12681818662379, 47.544162214627399 ], [ 27.126863502879168, 47.544191307678524 ], [ 27.126885654694195, 47.544185701731607 ], [ 27.127068367335134, 47.544139457734211 ], [ 27.12716693276726, 47.544135474601596 ], [ 27.127293270246462, 47.544145827164087 ], [ 27.12736818015442, 47.54412378896442 ], [ 27.127818913267518, 47.543991211506416 ], [ 27.127901443855485, 47.543988970112181 ], [ 27.127924659829652, 47.544005998310446 ], [ 27.127940808473916, 47.544060951445424 ], [ 27.127969388264862, 47.544077872323825 ], [ 27.12824237701053, 47.544105490559758 ], [ 27.128316322676273, 47.544110189808166 ], [ 27.128346050688261, 47.544093351680765 ], [ 27.128389564181713, 47.54406870353565 ], [ 27.128445644252213, 47.544062916118968 ], [ 27.128502042633933, 47.544067082257214 ], [ 27.128554870862366, 47.544053077383403 ], [ 27.128708463454309, 47.543996721504904 ], [ 27.128868597254552, 47.543949440165939 ], [ 27.128946887010269, 47.54391492342284 ], [ 27.129145117446559, 47.543800609922741 ], [ 27.129306662565455, 47.543743792500258 ], [ 27.129379134241628, 47.543731253306426 ], [ 27.12943013261097, 47.543718685084777 ], [ 27.129458552999989, 47.543723975705547 ], [ 27.129474888101928, 47.543734067347792 ], [ 27.129478506924809, 47.543763078521231 ], [ 27.129488591623812, 47.543785322483288 ], [ 27.129549304252883, 47.543831567827105 ], [ 27.129604589607023, 47.543846442003968 ], [ 27.129665781748411, 47.543828288629676 ], [ 27.129706784073296, 47.543764811012537 ], [ 27.129747772664146, 47.543701324633496 ], [ 27.129848576697679, 47.54365468945246 ], [ 27.130065307796578, 47.543580745309853 ], [ 27.130305424212992, 47.543480919784244 ], [ 27.130481843827319, 47.543384808761843 ], [ 27.130808781073302, 47.54334318141364 ], [ 27.13103521295486, 47.543323757746073 ], [ 27.131376010382375, 47.543322674734533 ], [ 27.13147772706705, 47.543304523128832 ], [ 27.131545080045562, 47.543310843814091 ], [ 27.131603821751405, 47.5433360448542 ], [ 27.131698480626252, 47.543409402858636 ], [ 27.131735861475473, 47.543438369840366 ], [ 27.131773242365352, 47.543467336809442 ], [ 27.131871138123099, 47.543506384526161 ], [ 27.131949989526706, 47.543524765429041 ], [ 27.131997452524914, 47.543528446186222 ], [ 27.132025575851738, 47.543530628752542 ], [ 27.132149568670147, 47.543527901790412 ], [ 27.132196893889567, 47.543534113089642 ], [ 27.13228454090245, 47.54354053745805 ], [ 27.132362838682965, 47.543567979003825 ], [ 27.132606160022917, 47.543661664379783 ], [ 27.132695869017454, 47.543685387343949 ], [ 27.132822355538984, 47.54370177698366 ], [ 27.132945405771459, 47.543724923218093 ], [ 27.133029481179616, 47.543774174309519 ], [ 27.133068000428707, 47.543820249808235 ], [ 27.133119230671763, 47.54395803876421 ], [ 27.133210558052355, 47.544206452979139 ], [ 27.133234361838234, 47.544291808810151 ], [ 27.133266187308944, 47.544336288851703 ], [ 27.133322506636716, 47.544349073013947 ], [ 27.133418538367451, 47.544325635125183 ], [ 27.133439529519642, 47.544409099296992 ], [ 27.133456030792182, 47.544456460956916 ], [ 27.133505983291531, 47.544434049703042 ], [ 27.133620872443711, 47.544382501065606 ], [ 27.133762001803106, 47.544342831604382 ], [ 27.133853251156726, 47.544290259732506 ], [ 27.133922181080511, 47.544288812842566 ], [ 27.134002696545434, 47.544266793257222 ], [ 27.134089241614237, 47.544261936583453 ], [ 27.134172542924315, 47.544278578785388 ], [ 27.134225853170825, 47.544270329389434 ], [ 27.13427676122674, 47.544228683122341 ], [ 27.134417381466864, 47.544177002521835 ], [ 27.134717267594755, 47.544117481114391 ], [ 27.134805829398843, 47.544108583255252 ], [ 27.134936903398987, 47.54410513832709 ], [ 27.135067977018831, 47.544101684261037 ], [ 27.135232743970029, 47.544020975827479 ], [ 27.135254743074679, 47.54401390460729 ], [ 27.135316217924434, 47.544007807714955 ], [ 27.135519012014992, 47.543987694477387 ], [ 27.135742167052808, 47.543941214628454 ], [ 27.135810626215601, 47.543920432200409 ], [ 27.135898695718002, 47.543853585315873 ], [ 27.135960744642226, 47.543811472411605 ], [ 27.13601529002629, 47.54379494941449 ], [ 27.13607382581672, 47.543786809942496 ], [ 27.136164733122744, 47.543735726970354 ], [ 27.13636395467546, 47.543593204817235 ], [ 27.13649986158266, 47.54355726277376 ], [ 27.136571634039957, 47.543554493442272 ], [ 27.136685638466471, 47.543589920864079 ], [ 27.136726185970808, 47.543582184098788 ], [ 27.136823090427249, 47.543563675523323 ], [ 27.136937882009072, 47.543589911494713 ], [ 27.137088737633512, 47.543579145492401 ], [ 27.137256367725922, 47.543582429347801 ], [ 27.137328537615414, 47.543573012607091 ], [ 27.137366413860185, 47.543546404563777 ], [ 27.137424849696995, 47.543505347020584 ], [ 27.137479778709082, 47.543492109084497 ], [ 27.137536585452082, 47.543434311474655 ], [ 27.137637828955832, 47.543331305510449 ], [ 27.13776233238481, 47.543240736545371 ], [ 27.137836602307807, 47.543228041969883 ], [ 27.13791315186274, 47.543226452381411 ], [ 27.137987166340945, 47.543239817098758 ], [ 27.138057058617182, 47.543261039903591 ], [ 27.138100636925607, 47.543291717083342 ], [ 27.138265107117153, 47.543407535459792 ], [ 27.138310381895383, 47.543439422871515 ], [ 27.138405214989294, 47.543476200365959 ], [ 27.138450296945432, 47.543476827452402 ], [ 27.138550347236546, 47.54345660407192 ], [ 27.138636495973483, 47.543453829545975 ], [ 27.138741102449721, 47.543394556994997 ], [ 27.138774563183489, 47.54339167337551 ], [ 27.138953982293749, 47.543376204212215 ], [ 27.139215125180236, 47.543295144818401 ], [ 27.139425803958655, 47.543209814661203 ], [ 27.139628412751801, 47.543171650050489 ], [ 27.139845970528103, 47.543105094584533 ], [ 27.139922559899425, 47.543012293500432 ], [ 27.140056040944476, 47.543002032805809 ], [ 27.14037537911063, 47.543010225740325 ], [ 27.140489381868516, 47.542987755142207 ], [ 27.140576592511639, 47.542932112448149 ], [ 27.140663803333961, 47.542876478678913 ], [ 27.140773684797264, 47.5427859061136 ], [ 27.140859099394682, 47.542732203634891 ], [ 27.140944500904123, 47.542678510328628 ], [ 27.140987748902997, 47.542662958026611 ], [ 27.14103100979186, 47.542647396473498 ], [ 27.141164158672829, 47.542623951321019 ], [ 27.141393405812806, 47.542522080818927 ], [ 27.141752202732704, 47.542288868885272 ], [ 27.141825980337412, 47.542196964040215 ], [ 27.142029353807658, 47.542113554170776 ], [ 27.14228571136848, 47.542047564670519 ], [ 27.142326977875847, 47.542036942677761 ], [ 27.14248974508051, 47.542027925477541 ], [ 27.142557349085678, 47.542024180320581 ], [ 27.14310982693048, 47.541848594620966 ], [ 27.143257346748413, 47.54182805760658 ], [ 27.143609882604956, 47.541816465510777 ], [ 27.144152649157625, 47.541819163736719 ], [ 27.144354283661166, 47.541793964152134 ], [ 27.144398666887032, 47.541775960451076 ], [ 27.144482091789811, 47.541734968474522 ], [ 27.144524316755057, 47.541567792650127 ], [ 27.144562795915906, 47.541416115507417 ], [ 27.144599680681218, 47.541263784037234 ], [ 27.144632818044112, 47.541126942291974 ], [ 27.144730338181919, 47.540911196719826 ], [ 27.145038132631857, 47.540461436668913 ], [ 27.145345921934073, 47.540011675762365 ], [ 27.145454912942601, 47.539736833336065 ], [ 27.145710651983464, 47.539160809270925 ], [ 27.145966385591276, 47.538584784553045 ], [ 27.146302252865095, 47.537965568307158 ], [ 27.146638125712936, 47.537346350752536 ], [ 27.146658056657706, 47.537299297696002 ], [ 27.146691721083897, 47.537205036268659 ], [ 27.146833016379652, 47.536809442170636 ], [ 27.146999761481297, 47.536144965867443 ], [ 27.14712687818551, 47.535638405655774 ], [ 27.147282467304873, 47.535018327330768 ], [ 27.147445878851414, 47.534521126575186 ], [ 27.147593338418108, 47.534039884067624 ], [ 27.14780346641616, 47.53343236275618 ], [ 27.147975544467428, 47.532996107010803 ], [ 27.148073983562909, 47.532783741436248 ], [ 27.148472204302639, 47.531924613776134 ], [ 27.148652710824383, 47.531426878165504 ], [ 27.148810788326209, 47.531029809202124 ], [ 27.148972611159866, 47.530644627409814 ], [ 27.149098131937599, 47.53037147142544 ], [ 27.149295389092021, 47.529898021656216 ], [ 27.149394835786143, 47.529641119503665 ], [ 27.149509940046261, 47.529401255224087 ], [ 27.149578353148353, 47.529292394957636 ], [ 27.149658365783058, 47.529187233460227 ], [ 27.14969307318291, 47.529240139976096 ], [ 27.149731597666708, 47.529276709476633 ], [ 27.149767608021168, 47.529310887379161 ], [ 27.149869692109821, 47.529385550948064 ], [ 27.14996697808558, 47.529463101319749 ], [ 27.150070241982089, 47.529537032109843 ], [ 27.150286907213587, 47.52967505200094 ], [ 27.150416749211264, 47.529757774886569 ], [ 27.150505579216574, 47.529809777452094 ], [ 27.150863689665901, 47.530019408750768 ], [ 27.151338651316347, 47.530321835133314 ], [ 27.151749245813178, 47.530570392044439 ], [ 27.152048661718442, 47.530754980871343 ], [ 27.152363869612589, 47.530949307606441 ], [ 27.152862461211981, 47.5312223377883 ], [ 27.153254297391182, 47.531441610693705 ], [ 27.153480238105928, 47.531571094548475 ], [ 27.153547289179887, 47.53162805125298 ], [ 27.153652912530738, 47.531699326025567 ], [ 27.153768437724054, 47.53176316551945 ], [ 27.153953316721804, 47.531865331146925 ], [ 27.154128008849547, 47.531975413820064 ], [ 27.154288214507293, 47.532095166793333 ], [ 27.154413677370989, 47.532199370034043 ], [ 27.154564847687777, 47.532316744211762 ], [ 27.154779283936268, 47.532465746340591 ], [ 27.155001386852966, 47.532609504532928 ], [ 27.155172389321013, 47.532714633903055 ], [ 27.155314401392193, 47.53280193872795 ], [ 27.155456400290092, 47.532889234628527 ], [ 27.155559689793961, 47.532987721508896 ], [ 27.155629567612753, 47.533054350124708 ], [ 27.155819639938947, 47.533195003863355 ], [ 27.156323546406131, 47.533509072221463 ], [ 27.157070380900841, 47.533974530939894 ], [ 27.157749382565814, 47.534397710040125 ], [ 27.158019582267876, 47.534566101540484 ], [ 27.158391920848313, 47.53478172514388 ], [ 27.158635210255945, 47.534939990298426 ], [ 27.15882108600103, 47.535044603851418 ], [ 27.159065404229189, 47.535202624058876 ], [ 27.160051666183303, 47.534321801916583 ], [ 27.160746533263922, 47.533683147465254 ], [ 27.161386376276553, 47.533253367533035 ], [ 27.161559400589883, 47.533084972392459 ], [ 27.161677874894906, 47.533042355905863 ], [ 27.161855612178091, 47.532978421466282 ], [ 27.162070529145304, 47.532804027135512 ], [ 27.162438049385599, 47.53228600641188 ], [ 27.162601708417434, 47.532055338596905 ], [ 27.163304621169992, 47.531363398410399 ], [ 27.163720457329461, 47.531024760980038 ], [ 27.16385865624618, 47.530901635748073 ], [ 27.165104532782959, 47.529675964322429 ], [ 27.165281709356609, 47.529503426307045 ], [ 27.165408819448075, 47.529146685965443 ], [ 27.165451042627222, 47.529038172309164 ], [ 27.165940372599582, 47.527780542056149 ], [ 27.166132569421791, 47.527375325389059 ], [ 27.166370177314906, 47.527029180070684 ], [ 27.166393182698517, 47.527004603043544 ], [ 27.166652218191896, 47.52672786402745 ], [ 27.166862473434698, 47.526503227351292 ], [ 27.167502728057762, 47.525681867389082 ], [ 27.168419068360503, 47.524447210409079 ], [ 27.168641800568199, 47.52419405976417 ], [ 27.168723859257948, 47.524100776107289 ], [ 27.168788151318932, 47.523984144503373 ], [ 27.168889635258353, 47.523800042841842 ], [ 27.169624408659768, 47.52378263966694 ], [ 27.170739019028609, 47.52372880776273 ], [ 27.171688613173803, 47.523673473325253 ], [ 27.172180218063129, 47.523644822862636 ], [ 27.172415767268042, 47.523601214863369 ], [ 27.172522814227683, 47.523507568683449 ], [ 27.173068539886124, 47.523362650917242 ], [ 27.174521315034188, 47.523014702345144 ], [ 27.175472099006821, 47.522786969420949 ], [ 27.176812438715135, 47.522487784153675 ], [ 27.177040018959087, 47.522465188979794 ], [ 27.177583575175991, 47.522334028680433 ], [ 27.17863687970555, 47.522144819608535 ], [ 27.180071656246739, 47.521887066450901 ], [ 27.180003737315843, 47.521713585701427 ], [ 27.179935818468842, 47.521540095906289 ], [ 27.179962750222778, 47.521361540723959 ], [ 27.18003931042902, 47.521164041501436 ], [ 27.180036768861779, 47.520753145134435 ], [ 27.180090022061538, 47.520534958778349 ], [ 27.180000882426523, 47.520016915877498 ], [ 27.180048825282217, 47.519877318528884 ], [ 27.179965051505143, 47.519391365753748 ], [ 27.179721206547434, 47.51843724018034 ], [ 27.179592028544231, 47.517813622628069 ], [ 27.17958167399545, 47.517358067662002 ], [ 27.180461153118266, 47.517227682582359 ], [ 27.182226214092843, 47.517038699182301 ], [ 27.183401510114638, 47.516795287510469 ], [ 27.184109522870244, 47.516753094457684 ], [ 27.184869405429769, 47.516648984197111 ], [ 27.185591204047647, 47.516568038034919 ], [ 27.186313000392492, 47.516487087399852 ], [ 27.18666280229613, 47.51646748773117 ], [ 27.186692475773718, 47.516893969560677 ], [ 27.186763617808801, 47.517375577110705 ], [ 27.1868347741101, 47.517857175273008 ], [ 27.186891494562651, 47.518038582870979 ], [ 27.186851521267595, 47.518159616414678 ], [ 27.186885150843086, 47.51834501287626 ], [ 27.187017566141797, 47.518688918661283 ], [ 27.187042886238359, 47.519074932819358 ], [ 27.18710373279642, 47.519577345834854 ], [ 27.18715990149208, 47.519792790084388 ], [ 27.187227844985586, 47.520462142573422 ], [ 27.187233506039536, 47.520517843981956 ], [ 27.188667950545771, 47.520318407854845 ], [ 27.188903720712311, 47.520285625689702 ], [ 27.190443342220632, 47.520155552206617 ], [ 27.191604138432776, 47.520084168289173 ], [ 27.192513041057481, 47.520028266601031 ], [ 27.193158993528279, 47.519967820637135 ], [ 27.19405913780324, 47.519883582504846 ], [ 27.194705016191023, 47.519888168370017 ], [ 27.194705141087315, 47.519888169607071 ], [ 27.196221693669496, 47.519898930473964 ], [ 27.196782008685329, 47.519875379848671 ], [ 27.197032889001758, 47.51985798310789 ], [ 27.197607117583626, 47.519818161295341 ], [ 27.197704446797168, 47.519811411417258 ], [ 27.198110815739579, 47.519686204663927 ], [ 27.198297857395801, 47.519628574129428 ], [ 27.198553407643196, 47.519549832425277 ], [ 27.19908335244191, 47.51951426815458 ], [ 27.199903288524403, 47.519381454010556 ], [ 27.200325729873938, 47.519355803012026 ], [ 27.200704982321714, 47.519332777793821 ], [ 27.201966087153341, 47.519202811197665 ], [ 27.203125949805425, 47.519102220474203 ], [ 27.2034993135245, 47.519034195980737 ], [ 27.203766123393706, 47.519021113826916 ], [ 27.204220845593508, 47.51908945695785 ], [ 27.204997172281477, 47.519245959218814 ], [ 27.20528299775594, 47.5193248394093 ], [ 27.205742477163657, 47.519385753680169 ], [ 27.206369438410235, 47.519468862904034 ], [ 27.207155721213152, 47.519608607094888 ], [ 27.208422133261394, 47.519966196263987 ], [ 27.20984775037261, 47.520339985149384 ], [ 27.210382174592326, 47.520446877348107 ], [ 27.211920122519459, 47.52084737299618 ], [ 27.212456739633456, 47.52100714324591 ], [ 27.213746832930603, 47.520964900716272 ], [ 27.215726037194056, 47.520900070479733 ], [ 27.217173314298091, 47.520777885266824 ], [ 27.217220451376694, 47.520773905119007 ], [ 27.217287797857058, 47.520756876487859 ], [ 27.218400480137319, 47.520475517207082 ], [ 27.218768483997053, 47.520563104228344 ], [ 27.2189907309814, 47.520388856870909 ], [ 27.219657588136108, 47.519983196965946 ], [ 27.220457797487548, 47.519541306058748 ], [ 27.220878558373421, 47.51930894184737 ], [ 27.221189535886577, 47.519078569179129 ], [ 27.221517546712288, 47.518717871667704 ], [ 27.221684971799689, 47.518421184073269 ], [ 27.221859895979154, 47.517828980371419 ], [ 27.222017306225467, 47.517387847700668 ], [ 27.222017431487739, 47.517107201090042 ], [ 27.222115731454462, 47.516651553985099 ], [ 27.222313985005986, 47.515986593256379 ], [ 27.222519140272411, 47.515068296275388 ], [ 27.222576670789824, 47.514632583762356 ], [ 27.222696501345379, 47.513507296554202 ], [ 27.222741219040358, 47.513471817692995 ], [ 27.223239465001313, 47.513076510451612 ], [ 27.223968759639686, 47.513296146197199 ], [ 27.226416998722165, 47.514033420895196 ], [ 27.22943091449859, 47.514955385761219 ], [ 27.229513216659136, 47.514980552929359 ], [ 27.22932405898678, 47.515264390628758 ], [ 27.228785719832157, 47.516060873977104 ], [ 27.228569932487275, 47.516412771418416 ], [ 27.228236299526145, 47.516919520758179 ], [ 27.227974163236269, 47.517317651810707 ], [ 27.2274782765015, 47.518070784080102 ], [ 27.226781118794285, 47.519110291353215 ], [ 27.226577899175332, 47.519413314339552 ], [ 27.226188707276723, 47.52003973039163 ], [ 27.22574104361102, 47.520715166345319 ], [ 27.225499309910614, 47.521079889490579 ], [ 27.22515633713088, 47.521573644867438 ], [ 27.224808875305385, 47.522116518836583 ], [ 27.22472537951948, 47.522274424407726 ], [ 27.224671385130698, 47.52243810733578 ], [ 27.225429145121296, 47.522646634516299 ], [ 27.226460848357146, 47.522943264144722 ], [ 27.227608213970729, 47.523283108808137 ], [ 27.229108621536504, 47.523727500526071 ], [ 27.23008635929148, 47.524023155303503 ], [ 27.230988770330615, 47.524296011876103 ], [ 27.231783745563391, 47.524543792351338 ], [ 27.232537987018368, 47.52478389374874 ], [ 27.23341803716291, 47.525084809558415 ], [ 27.233803305321221, 47.525216534383155 ], [ 27.234268534851822, 47.525353556485221 ], [ 27.234978543403948, 47.525596571948419 ], [ 27.236248785405483, 47.526031322649324 ], [ 27.23688160095999, 47.52626588109289 ], [ 27.23701592501121, 47.526324813964493 ], [ 27.237352338783563, 47.526516831031323 ], [ 27.23781621226755, 47.526093557695951 ], [ 27.23869673574708, 47.525213970071405 ], [ 27.239317111578409, 47.524594226439966 ], [ 27.239490942287652, 47.52439239804913 ], [ 27.239845675221609, 47.524480966546058 ], [ 27.240028913296658, 47.524575147075261 ], [ 27.24216990713046, 47.521999485177474 ], [ 27.242347997787384, 47.522068362871074 ], [ 27.243088871121646, 47.52233037319408 ], [ 27.24356808118791, 47.522490291343338 ], [ 27.244575633447326, 47.52293441949508 ], [ 27.24456910796178, 47.523008699342192 ], [ 27.245035634660582, 47.523209352485274 ], [ 27.24553909589266, 47.523441327684729 ], [ 27.246340926202155, 47.523781303132793 ], [ 27.247207290554112, 47.524178486464585 ], [ 27.247639190925867, 47.524376488756545 ], [ 27.247878107130024, 47.524486007426283 ], [ 27.24929755389228, 47.525136714712161 ], [ 27.249988815748758, 47.525471700253895 ], [ 27.252194092698325, 47.526452182291401 ], [ 27.252459068100489, 47.526569985102043 ], [ 27.252367368150946, 47.5269168553233 ], [ 27.253298662440486, 47.527233271810125 ], [ 27.254292372077536, 47.527556862952018 ], [ 27.25528609366842, 47.527880445441134 ], [ 27.256605911188554, 47.52831019726348 ], [ 27.258504141567681, 47.52888842368187 ], [ 27.259099297649033, 47.529069711546015 ], [ 27.259016185506535, 47.529210414512349 ], [ 27.258812517203239, 47.529555186356454 ], [ 27.258674968977957, 47.529788034468446 ], [ 27.25846859418164, 47.530137374764351 ], [ 27.258186120694106, 47.530629133802137 ], [ 27.25805073882352, 47.530832689484946 ], [ 27.257941582013377, 47.530996840633385 ], [ 27.257816583728196, 47.531168686370435 ], [ 27.257662771608086, 47.531368749284283 ], [ 27.257845379816541, 47.531472127237862 ], [ 27.257948575723919, 47.531561763722657 ], [ 27.25811066136399, 47.531868126805051 ], [ 27.258203353425202, 47.532043340298486 ], [ 27.258131982272136, 47.532139665509995 ], [ 27.257944290162261, 47.532392921488899 ], [ 27.257726992901294, 47.532686159964797 ], [ 27.257440707801972, 47.533017060673266 ], [ 27.257384820655989, 47.533081657593421 ], [ 27.257374364977029, 47.533140863468915 ], [ 27.257272347559141, 47.533222579068976 ], [ 27.257152896682236, 47.533292622533281 ], [ 27.257073305084216, 47.533407901652971 ], [ 27.257019608881066, 47.533485654420815 ], [ 27.256972036919084, 47.533595371493888 ], [ 27.256875947234388, 47.533689405353918 ], [ 27.256793573625117, 47.533789227461597 ], [ 27.256775946453033, 47.533882356529951 ], [ 27.256697051378591, 47.533959573370439 ], [ 27.256587210742016, 47.534067090932005 ], [ 27.256429063999555, 47.534247307689476 ], [ 27.256056169984081, 47.534702679524287 ], [ 27.255836107302912, 47.534959646738287 ], [ 27.25571133981861, 47.535105330931977 ], [ 27.255406182728859, 47.535301826368396 ], [ 27.255115559745541, 47.535488960614089 ], [ 27.255073127408192, 47.535516281169201 ], [ 27.254311364741703, 47.535106228986891 ], [ 27.252227645486826, 47.536539414396792 ], [ 27.252189253458141, 47.536604820791759 ], [ 27.25222592562767, 47.536641644814694 ], [ 27.252034991732486, 47.536768419256056 ], [ 27.251712863102139, 47.536982283183335 ], [ 27.251496634909191, 47.537164761974509 ], [ 27.251219215292448, 47.537398882255999 ], [ 27.250969886522707, 47.537609280836485 ], [ 27.250636788609455, 47.53792372487991 ], [ 27.250389850318047, 47.538156838187852 ], [ 27.250183468394194, 47.538333905207537 ], [ 27.249970991840982, 47.538507635112062 ], [ 27.249631479831113, 47.538760489938738 ], [ 27.249303093866938, 47.53900505782461 ], [ 27.248753432220202, 47.5394143997706 ], [ 27.248617438445333, 47.539524314246542 ], [ 27.249117535961933, 47.539777014497233 ], [ 27.249150268324186, 47.539793546583645 ], [ 27.248885079664493, 47.540079660347331 ], [ 27.248397450717583, 47.540695925905226 ], [ 27.246424938569138, 47.542504881065497 ], [ 27.24633745951709, 47.542691353766592 ], [ 27.246357687903842, 47.542872818266844 ], [ 27.246582135372051, 47.543070475122981 ], [ 27.249406348767433, 47.544875147428705 ], [ 27.249637126524838, 47.545063966704298 ], [ 27.249209274043675, 47.545360537850463 ], [ 27.248217293277115, 47.546129694880094 ], [ 27.24808276431121, 47.546256152287668 ], [ 27.247898949800991, 47.546483619113431 ], [ 27.247839722716826, 47.546637426429704 ], [ 27.247838037968489, 47.546796372473359 ], [ 27.247835754066386, 47.547011291234696 ], [ 27.248057099568136, 47.547361773686355 ], [ 27.248433129390282, 47.547706354019255 ], [ 27.248712793467586, 47.547918807932994 ], [ 27.249049428863952, 47.548111155947161 ], [ 27.249378801229195, 47.54825516807616 ], [ 27.2498077401393, 47.548374802433024 ], [ 27.250093655577562, 47.548454543653229 ], [ 27.250264937130417, 47.548744066095871 ], [ 27.250144819574039, 47.549290593494973 ], [ 27.250203242698905, 47.549833147502511 ], [ 27.250116012576125, 47.550096496707042 ], [ 27.250051809696167, 47.550290338887429 ], [ 27.250100432279591, 47.550505251561582 ], [ 27.250305430169188, 47.550778618572444 ], [ 27.250462094985735, 47.550893882904447 ], [ 27.25067359194081, 47.551005996794274 ], [ 27.250883253624995, 47.55109135294795 ], [ 27.251269749440386, 47.551202897912788 ], [ 27.251445104568703, 47.5512535062621 ], [ 27.251590500795672, 47.551336976439778 ], [ 27.251699801631059, 47.551470026954782 ], [ 27.251970214245478, 47.551727808203161 ], [ 27.252292869359461, 47.551917107193233 ], [ 27.252563922579569, 47.552015349613804 ], [ 27.252817970186644, 47.552068486752972 ], [ 27.253080616409129, 47.55209650791403 ], [ 27.25350951656543, 47.55211136001364 ], [ 27.253741854042488, 47.552119400919835 ], [ 27.253858940527426, 47.552145558392446 ], [ 27.253948561992818, 47.55220288358727 ], [ 27.254050166935183, 47.552304663952867 ], [ 27.254103986494595, 47.552416890765834 ], [ 27.25413668895504, 47.552623860639379 ], [ 27.254162650391827, 47.552970666101253 ], [ 27.254136083775709, 47.553186182136635 ], [ 27.254055584890299, 47.553369663409534 ], [ 27.253856186760572, 47.553627977232303 ], [ 27.253527314030915, 47.553848614399165 ], [ 27.253013106221331, 47.554032171965346 ], [ 27.25258167249973, 47.554098789419619 ], [ 27.251979805346718, 47.554237006962204 ], [ 27.251587822269503, 47.55438327918997 ], [ 27.251167388309284, 47.554700566806858 ], [ 27.250757792767363, 47.555015618387181 ], [ 27.250420235067793, 47.555241318090211 ], [ 27.250109588681227, 47.555370245969343 ], [ 27.249888283329913, 47.555390522168302 ], [ 27.249641077069597, 47.555356787343243 ], [ 27.249350611355933, 47.55526427636358 ], [ 27.248955209796712, 47.555082559352947 ], [ 27.248713084299016, 47.554981571006678 ], [ 27.248504105313863, 47.554925230837334 ], [ 27.248329064734172, 47.554919713578713 ], [ 27.248110805694353, 47.554948519490438 ], [ 27.247809199023269, 47.555049591576399 ], [ 27.247580202192445, 47.555175339418817 ], [ 27.247351131747994, 47.555346882614622 ], [ 27.247086109199991, 47.555628253944761 ], [ 27.246948859007912, 47.555773979382295 ], [ 27.246695628453011, 47.555940959462909 ], [ 27.246640783178993, 47.555998674394701 ], [ 27.24657635329206, 47.556124960422636 ], [ 27.246555021450014, 47.556257780996567 ], [ 27.246564731302083, 47.556456578214167 ], [ 27.246718701382076, 47.556855608718152 ], [ 27.246908622331063, 47.557152907777777 ], [ 27.24713968864938, 47.557436544599035 ], [ 27.24738230010303, 47.557637887527648 ], [ 27.247619249406654, 47.557804260543882 ], [ 27.247859636842268, 47.557892482195953 ], [ 27.248039970177025, 47.557892805525221 ], [ 27.248182948392671, 47.557818412639605 ], [ 27.248281582359589, 47.557716223025558 ], [ 27.248420111185066, 47.557510146972469 ], [ 27.248479210720479, 47.557391142735881 ], [ 27.248485250873298, 47.557229009055703 ], [ 27.248491809673954, 47.557052731142292 ], [ 27.248574019629498, 47.556929599536147 ], [ 27.248734360530936, 47.556849111619051 ], [ 27.248924894370948, 47.556808794765061 ], [ 27.249280187946535, 47.556795065778942 ], [ 27.249606534221694, 47.556828176791591 ], [ 27.249922835752379, 47.556891837191792 ], [ 27.25018499507803, 47.556944589104873 ], [ 27.25053766182171, 47.556965833285979 ], [ 27.250852523910247, 47.556949554310862 ], [ 27.251222581140485, 47.556930413921293 ], [ 27.251572613180645, 47.556912317456906 ], [ 27.25178032134891, 47.556948100827491 ], [ 27.251972211101865, 47.55701271092699 ], [ 27.252116570242045, 47.557119952460781 ], [ 27.252269092189202, 47.557360352083087 ], [ 27.252363882909201, 47.557647296952346 ], [ 27.252415918154728, 47.557878066569884 ], [ 27.252529670596218, 47.558036149206131 ], [ 27.252725000326208, 47.558257534905934 ], [ 27.252798383530013, 47.558393512298181 ], [ 27.252815724042112, 47.55853779255947 ], [ 27.252770452355346, 47.558646670114562 ], [ 27.252667335833795, 47.558771532845569 ], [ 27.252459045753902, 47.558908350431317 ], [ 27.25213787757912, 47.559055994170365 ], [ 27.251820439378232, 47.559144841698654 ], [ 27.251238635555985, 47.559264500578628 ], [ 27.250891113282837, 47.559352651251004 ], [ 27.250639942731553, 47.55936515848034 ], [ 27.25039064850333, 47.559340957329596 ], [ 27.250146377608214, 47.559299447178702 ], [ 27.249889715141116, 47.559238347406776 ], [ 27.249592997368097, 47.559092165474851 ], [ 27.24938021030842, 47.558946165237948 ], [ 27.249190050958443, 47.558846807204382 ], [ 27.249050034927674, 47.558781907493561 ], [ 27.248936789784718, 47.558757928933026 ], [ 27.248781060344843, 47.558759289711219 ], [ 27.248628572460134, 47.5587807406148 ], [ 27.24849249726331, 47.558832022177505 ], [ 27.248349759747168, 47.55891593847074 ], [ 27.248231564055654, 47.559052533205744 ], [ 27.24808513028222, 47.55927672875999 ], [ 27.247879682464728, 47.559529264295669 ], [ 27.247567808878873, 47.559808574084173 ], [ 27.24731670261518, 47.560000444402647 ], [ 27.247230861475657, 47.560102610368958 ], [ 27.247202545377611, 47.560188395187517 ], [ 27.247280152036844, 47.56029121243688 ], [ 27.247423551546099, 47.560353727569051 ], [ 27.247641304602077, 47.560414344412628 ], [ 27.247830370182381, 47.56044339722343 ], [ 27.247977551972845, 47.560497255398232 ], [ 27.24806004623159, 47.560555586719779 ], [ 27.248132501040967, 47.560644324011427 ], [ 27.248193121485695, 47.560737033113789 ], [ 27.248267138739031, 47.560932551459715 ], [ 27.248326533973572, 47.561153508254918 ], [ 27.248353255069013, 47.561191038801915 ], [ 27.248540632558658, 47.56140240967045 ], [ 27.248777410535048, 47.561626813709175 ], [ 27.248880167098516, 47.561791482424688 ], [ 27.248893877215789, 47.561872117140588 ], [ 27.248886040709724, 47.561976957006031 ], [ 27.248835997102169, 47.562111557384561 ], [ 27.248711750651143, 47.562295701278032 ], [ 27.248575831372538, 47.562381383940263 ], [ 27.248394454596522, 47.562495738118464 ], [ 27.248503421848326, 47.562574933164015 ], [ 27.248791596450427, 47.5627308740155 ], [ 27.24910127668705, 47.562866622398829 ], [ 27.249449197951002, 47.56303594336643 ], [ 27.249797134701659, 47.563205263003603 ], [ 27.251550678573683, 47.564697896986431 ], [ 27.25167848831347, 47.564528633953394 ], [ 27.251901631438493, 47.564278025264414 ], [ 27.25219742357087, 47.563958827080299 ], [ 27.252306798410618, 47.56381073068593 ], [ 27.252461285703042, 47.563624295926594 ], [ 27.252644289073238, 47.563438603285583 ], [ 27.25311819846948, 47.563694223725264 ], [ 27.253293357635275, 47.563804455852321 ], [ 27.253186628955351, 47.563902299076844 ], [ 27.253767599110152, 47.564192627770055 ], [ 27.253608038226453, 47.564377210395122 ], [ 27.253391237022917, 47.564558324173539 ], [ 27.252932653253154, 47.564930913729128 ], [ 27.253403585306156, 47.565154183904774 ], [ 27.253733572148807, 47.565313979607204 ], [ 27.253762434530454, 47.565319708256524 ], [ 27.253862362875637, 47.565232936816514 ], [ 27.254322134557405, 47.564919520216527 ], [ 27.253583137494186, 47.564479412768549 ], [ 27.254007134859705, 47.564010109251669 ], [ 27.255495165698086, 47.562514203761715 ], [ 27.25550656348873, 47.562502754201702 ], [ 27.256403709071019, 47.56293678055254 ], [ 27.25791460989463, 47.563727533957923 ], [ 27.259904566440241, 47.564558797371355 ], [ 27.25678917377212, 47.567680326823613 ], [ 27.257484291163731, 47.568034545933095 ], [ 27.260757195889425, 47.569702219779295 ], [ 27.26307587399566, 47.570973132287136 ], [ 27.263349884814605, 47.571114036706142 ], [ 27.263511633860222, 47.571177668056222 ], [ 27.263589865831765, 47.571199400142042 ], [ 27.263967254512952, 47.571162236482472 ], [ 27.264951133001578, 47.5710033197333 ], [ 27.265705476151783, 47.570881469056211 ], [ 27.266192308683323, 47.570839823519321 ], [ 27.266442221902707, 47.570818445825914 ], [ 27.266690150636162, 47.570788253364455 ], [ 27.266934187084402, 47.570745972524549 ], [ 27.267425485870088, 47.570621103096748 ], [ 27.267735710741228, 47.57058998888396 ], [ 27.268356836652721, 47.570440465643742 ], [ 27.269121961278458, 47.57027752694686 ], [ 27.269399692521237, 47.570218378995861 ], [ 27.269873082811767, 47.570138266857157 ], [ 27.270228655373174, 47.570090460913249 ], [ 27.271154271600871, 47.569972090638245 ], [ 27.272222358604498, 47.569802107922108 ], [ 27.272699271174417, 47.569707538144073 ], [ 27.273360041900084, 47.569606820981399 ], [ 27.274564719570868, 47.569396940070035 ], [ 27.274874799975954, 47.569355242571241 ], [ 27.275184879879756, 47.569313544247976 ], [ 27.275933740978417, 47.569212840733876 ], [ 27.276121170680209, 47.569187637399779 ], [ 27.27638486436857, 47.569103655253748 ], [ 27.276670217086487, 47.56906355778144 ], [ 27.277401423944866, 47.568960824649437 ], [ 27.277834072703957, 47.568888784291147 ], [ 27.278323333567172, 47.568807309412747 ], [ 27.278914582537066, 47.568749085383814 ], [ 27.279387197836282, 47.568711684802054 ], [ 27.27968153631728, 47.568718808397335 ], [ 27.2798870952398, 47.568701043381026 ], [ 27.280236866467813, 47.568689191281031 ], [ 27.280504000327202, 47.568689676427098 ], [ 27.280641000505561, 47.568679923208542 ], [ 27.280743795684465, 47.568659631455098 ], [ 27.280856827586966, 47.568620442882199 ], [ 27.281026575463869, 47.568549127631286 ], [ 27.281295612584167, 47.568416562657383 ], [ 27.281564648357939, 47.56828399706464 ], [ 27.281719539445888, 47.56816854572957 ], [ 27.28184552706492, 47.568277380354097 ], [ 27.282077595533032, 47.568477833381898 ], [ 27.282324478893518, 47.568378801149237 ], [ 27.282602871141638, 47.568331583249623 ], [ 27.282889633424553, 47.568323903680124 ], [ 27.283046478975919, 47.568319704439816 ], [ 27.283147663015672, 47.568348628559519 ], [ 27.28323823914284, 47.568407909962382 ], [ 27.283378816180907, 47.568512155543509 ], [ 27.283546095980032, 47.568620617240001 ], [ 27.283720398190169, 47.56872387530661 ], [ 27.283885080635812, 47.568865622346415 ], [ 27.284053459761534, 47.569036779457065 ], [ 27.284165575720746, 47.569182457059057 ], [ 27.284307880712618, 47.570519438638676 ], [ 27.284963130997117, 47.571917772220147 ], [ 27.285142915524293, 47.572292977064016 ], [ 27.285712829567224, 47.573482332555322 ], [ 27.287990831760833, 47.573967824601276 ], [ 27.288461347337794, 47.573163295485436 ], [ 27.288192251146299, 47.572564336199534 ], [ 27.28766996750295, 47.572271429152408 ], [ 27.288256862863243, 47.571565179878611 ], [ 27.288386011454872, 47.571409763211065 ], [ 27.288944175537004, 47.570738062195254 ], [ 27.290133545032582, 47.570989100368351 ], [ 27.290463915909502, 47.570703040034438 ], [ 27.291037457286318, 47.571024514431862 ], [ 27.29120140005497, 47.570888633192283 ], [ 27.29136534198809, 47.570752751721038 ], [ 27.291887897828534, 47.570250674487447 ], [ 27.29234489812653, 47.569768512542659 ], [ 27.293415659482662, 47.568626230619053 ], [ 27.293771873690901, 47.568221312633874 ], [ 27.294087840313452, 47.567887937193071 ], [ 27.2948566720987, 47.567076723419667 ], [ 27.294946677664779, 47.566966935860279 ], [ 27.294954230181766, 47.566957735631561 ], [ 27.295067283068189, 47.567004381816737 ], [ 27.295577018394713, 47.567221785565017 ], [ 27.296193273774964, 47.567509884352667 ], [ 27.296361075935703, 47.567572324983985 ], [ 27.296569918635747, 47.567660998625016 ], [ 27.296829693303657, 47.567797464107464 ], [ 27.297297823341239, 47.568069089407842 ], [ 27.297565134509163, 47.568210055603473 ], [ 27.297820369582812, 47.568323171581639 ], [ 27.298834332409786, 47.568779420857396 ], [ 27.29965722225672, 47.569167667607203 ], [ 27.300134307455199, 47.569392751817595 ], [ 27.300820837205226, 47.569675412680624 ], [ 27.301727601973887, 47.570060264601295 ], [ 27.302965240636823, 47.570585522781236 ], [ 27.303590971075948, 47.570882112947373 ], [ 27.304667794022972, 47.571409148722175 ], [ 27.304934429994645, 47.571546260852799 ], [ 27.305581680177177, 47.571866147318929 ], [ 27.301063224000178, 47.57600549385694 ], [ 27.307560172592705, 47.576697065756974 ], [ 27.309953062149255, 47.576966942722251 ], [ 27.311888207852125, 47.577185154476659 ], [ 27.311924375998917, 47.576955866284628 ], [ 27.311941263874797, 47.576848879923752 ], [ 27.312085241634271, 47.576669897688006 ], [ 27.312554987597181, 47.575909890394115 ], [ 27.312856628847189, 47.575245960883493 ], [ 27.313284152650784, 47.575369242230231 ], [ 27.314801570042501, 47.575849467430011 ], [ 27.315264449467332, 47.57602113336462 ], [ 27.315364593167708, 47.576081287946337 ], [ 27.316310475513831, 47.576625978583792 ], [ 27.319282766685259, 47.573797677276289 ], [ 27.319572709748101, 47.573933031135226 ], [ 27.321468466391927, 47.574821093525699 ], [ 27.321523185184535, 47.574788078287611 ], [ 27.32357419818717, 47.573550555038175 ], [ 27.32417683778127, 47.573103588654135 ], [ 27.324779453582117, 47.57265661042743 ], [ 27.325411963634799, 47.572058312182619 ], [ 27.325877854210226, 47.572262880444654 ], [ 27.326888412274737, 47.572706594662698 ], [ 27.327690110360059, 47.573058591258736 ], [ 27.327715264225539, 47.573068028763672 ], [ 27.327810427007382, 47.573103733245802 ], [ 27.328056328565268, 47.573195994043679 ], [ 27.328191012924318, 47.572822643569552 ], [ 27.328262756584724, 47.572623765505909 ], [ 27.328310863308317, 47.572490401682806 ], [ 27.328365082525433, 47.572331737099709 ], [ 27.328396372410268, 47.572253342137621 ], [ 27.328569244243969, 47.572269497388177 ], [ 27.328664763882312, 47.572278424269122 ], [ 27.328728187250746, 47.572287597957192 ], [ 27.329128274300928, 47.572345468244933 ], [ 27.329153085476918, 47.572349056149683 ], [ 27.329654161580084, 47.572421524620367 ], [ 27.330668410317479, 47.572568202473875 ], [ 27.331518837413412, 47.572702901834568 ], [ 27.33371332288425, 47.573050443698214 ], [ 27.335586772207311, 47.573347108554117 ], [ 27.338512480131264, 47.573830893437346 ], [ 27.340952854984256, 47.57423435637282 ], [ 27.342923742414953, 47.574535930056207 ], [ 27.346260693417165, 47.575111459286639 ], [ 27.346778154822239, 47.575318632842347 ], [ 27.349327801671667, 47.576302712555339 ], [ 27.349574556689202, 47.576422077566882 ], [ 27.350266535415852, 47.576660406335222 ], [ 27.350596581382316, 47.576774070813585 ], [ 27.351223085901101, 47.577000367582208 ], [ 27.352430285096503, 47.577444980984488 ], [ 27.352688454505738, 47.577528443930049 ], [ 27.353096755055951, 47.577728831049193 ], [ 27.353255000843806, 47.577806489979395 ], [ 27.353631019618582, 47.577936830562841 ], [ 27.354333917525743, 47.578158134568383 ], [ 27.355069106261876, 47.578377960799145 ], [ 27.356250883683884, 47.578745531863888 ], [ 27.356762331697272, 47.578922724304952 ], [ 27.356980629871064, 47.579034481945534 ], [ 27.357314897548772, 47.579162922990051 ], [ 27.358264576981739, 47.579542859309441 ], [ 27.359039720698519, 47.579818467785692 ], [ 27.359921094642608, 47.580116087598995 ], [ 27.360847067186167, 47.580428763948092 ], [ 27.361236312596507, 47.580519539148746 ], [ 27.361546534474204, 47.580565396221402 ], [ 27.362458170398408, 47.580711833838009 ], [ 27.362622385787404, 47.580747963258631 ], [ 27.362895653234172, 47.580808082126758 ], [ 27.363543301178026, 47.580918144808173 ], [ 27.364453179346327, 47.581113591640452 ], [ 27.365750149231495, 47.581392169966506 ], [ 27.367386776642761, 47.581743686507352 ], [ 27.368892719657673, 47.582077755459508 ], [ 27.371411975556242, 47.582553632361254 ], [ 27.37202067786091, 47.582688195617905 ], [ 27.372151586990906, 47.582721447088524 ], [ 27.372401380878035, 47.582784884301176 ], [ 27.37280909701521, 47.58283548566466 ], [ 27.373508427022063, 47.582937518493281 ], [ 27.373846451559821, 47.582996738179055 ], [ 27.374282288253273, 47.583079931813778 ], [ 27.374801857995724, 47.583179108893695 ], [ 27.375342319110729, 47.583295814536577 ], [ 27.376139889415107, 47.583468023798204 ], [ 27.376614927637171, 47.583556389737915 ], [ 27.377379865368344, 47.583698686274168 ], [ 27.377930922048787, 47.583819535650534 ], [ 27.378369302303199, 47.583926882118277 ], [ 27.378787757704664, 47.58401476951142 ], [ 27.379401173501545, 47.584143601671357 ], [ 27.379800988848778, 47.584222582350037 ], [ 27.380179473870157, 47.58430687523564 ], [ 27.380951170107256, 47.584516173125714 ], [ 27.381456985278916, 47.584641955100807 ], [ 27.382059156822663, 47.58480918752268 ], [ 27.382759904453152, 47.585013639726313 ], [ 27.383349937343695, 47.585185784051582 ], [ 27.383820546363673, 47.58533726321285 ], [ 27.384485647679305, 47.585567934504027 ], [ 27.385527445311237, 47.586087535066589 ], [ 27.385719512457445, 47.586183331489408 ], [ 27.385911580292941, 47.586279127584639 ], [ 27.386425418341233, 47.586575272053999 ], [ 27.386945024280521, 47.586866761206849 ], [ 27.387036118949922, 47.586948174977302 ], [ 27.387449738791119, 47.587220670043941 ], [ 27.388316224741111, 47.587718927655636 ], [ 27.389598236814592, 47.588456104054949 ], [ 27.390493296420122, 47.588970757726059 ], [ 27.391388373317692, 47.589485404233095 ], [ 27.391599983429273, 47.589383815533758 ], [ 27.391999638428238, 47.589191945764163 ], [ 27.392107153298319, 47.589141164256532 ], [ 27.39243331164602, 47.588987110805711 ], [ 27.393266627365652, 47.588590400147638 ], [ 27.393417012764466, 47.58853992609086 ], [ 27.39540724822373, 47.587871910907474 ], [ 27.395538145998472, 47.587827972890125 ], [ 27.397547796936909, 47.587153373819042 ], [ 27.398440156259465, 47.586735072618602 ], [ 27.399823022136854, 47.585418057098224 ], [ 27.400414085522851, 47.584996716318898 ], [ 27.4014252037496, 47.584445892096866 ], [ 27.401960088498175, 47.584119220731253 ], [ 27.402494966665017, 47.583792546918602 ], [ 27.40367170468118, 47.58322964780757 ], [ 27.404312269922588, 47.582985800695816 ], [ 27.404676162471734, 47.582913757120011 ], [ 27.406625263735592, 47.582783564479257 ], [ 27.408888911676943, 47.582660382712746 ], [ 27.411050031063233, 47.582579259633107 ], [ 27.412839369548223, 47.582728743450886 ], [ 27.414310131641251, 47.582919822009444 ], [ 27.416543052175051, 47.583297452459597 ], [ 27.4167645917953, 47.583213433551251 ], [ 27.417371970595873, 47.583263133712649 ], [ 27.41775710094436, 47.58341541884198 ], [ 27.418142241659108, 47.583567882437343 ], [ 27.418776647041074, 47.58367515219139 ], [ 27.420787503972871, 47.584015147684028 ], [ 27.422593192691995, 47.584101170012275 ], [ 27.42470682690124, 47.584131089013077 ], [ 27.425331259346095, 47.584067396235689 ], [ 27.425925074419869, 47.583922024532733 ], [ 27.42654543851474, 47.583738108969087 ], [ 27.427003272806363, 47.583537055160555 ], [ 27.427341695143532, 47.583314014078965 ], [ 27.428020446562133, 47.582765447057554 ], [ 27.42827679018437, 47.582535211867452 ], [ 27.428592309351444, 47.582071584306924 ], [ 27.42875508949281, 47.581522698852424 ], [ 27.428759361760662, 47.581169991815258 ], [ 27.428659235183396, 47.580550020298048 ], [ 27.427741520560911, 47.579563845141358 ], [ 27.426850128444244, 47.578947356056688 ], [ 27.42548810053211, 47.578231582073805 ], [ 27.424576708231967, 47.577806413875926 ], [ 27.423526361313691, 47.57723607187777 ], [ 27.422194450188563, 47.576168956758913 ], [ 27.421202626918902, 47.575286808235759 ], [ 27.419539891639925, 47.574108508062416 ], [ 27.418314802034637, 47.573362527275179 ], [ 27.4176147550012, 47.572773149447094 ], [ 27.417192277081458, 47.572208742258894 ], [ 27.416888535375186, 47.571802957042273 ], [ 27.416647412935991, 47.571378350281272 ], [ 27.416595706608859, 47.571114980721184 ], [ 27.416604560064407, 47.570803079511371 ], [ 27.416789903805483, 47.570156579011325 ], [ 27.417313550854441, 47.569058276841361 ], [ 27.417577934819192, 47.568581858711703 ], [ 27.417887044579235, 47.567931941983744 ], [ 27.417964882565421, 47.567655348299354 ], [ 27.418010965996864, 47.567222432386252 ], [ 27.418073037742612, 47.566639145820567 ], [ 27.418164045971686, 47.566178320413286 ], [ 27.418353062277109, 47.565635558267992 ], [ 27.418575191021713, 47.56517003089121 ], [ 27.418951564572499, 47.564640063547607 ], [ 27.419338687007713, 47.564296896210529 ], [ 27.420068819273862, 47.563779032243445 ], [ 27.420764708438792, 47.563394361631971 ], [ 27.421511824390791, 47.563056546607257 ], [ 27.421759840419483, 47.562944396691677 ], [ 27.423011927544369, 47.562712363495493 ], [ 27.424028554143828, 47.562675551362481 ], [ 27.425221526254074, 47.562720781773841 ], [ 27.42668999812512, 47.562854695394186 ], [ 27.426925714323549, 47.562798358370756 ], [ 27.427462279537075, 47.562824039458768 ], [ 27.42807395656877, 47.562936653307474 ], [ 27.428733602169494, 47.563127697306584 ], [ 27.42956177263299, 47.56337910985458 ], [ 27.430567394811558, 47.563478860192376 ], [ 27.431355957997802, 47.563361041081244 ], [ 27.432107486318611, 47.56316100162897 ], [ 27.43260199849303, 47.562805012417719 ], [ 27.432871396723804, 47.562405818704363 ], [ 27.432970008751727, 47.561972063715523 ], [ 27.432798794958945, 47.561548767091885 ], [ 27.432153921593116, 47.560932387893494 ], [ 27.431828474307693, 47.560621313411502 ], [ 27.431255991144972, 47.56029268414445 ], [ 27.430710807074568, 47.560070305119901 ], [ 27.429728652331555, 47.559853182070576 ], [ 27.429017343604364, 47.559645959010645 ], [ 27.428509212922236, 47.559352660900082 ], [ 27.428267511262586, 47.55921314819296 ], [ 27.427677178656687, 47.558516724745189 ], [ 27.427170768566338, 47.557919295270537 ], [ 27.425736792932945, 47.556838920675254 ], [ 27.425037912668994, 47.556312352843491 ], [ 27.424379178717007, 47.555702221639024 ], [ 27.424066575386558, 47.555280137033698 ], [ 27.423971359536029, 47.554705444941519 ], [ 27.423965400591424, 47.554373650968479 ], [ 27.424030866773201, 47.554120360439448 ], [ 27.424217331092066, 47.553817226682945 ], [ 27.424555323636877, 47.553516263553448 ], [ 27.42526258484499, 47.553098655837346 ], [ 27.42687400648456, 47.552681832576162 ], [ 27.428048580592442, 47.552419025082202 ], [ 27.428948566078816, 47.552117423228047 ], [ 27.429932087071784, 47.551572335504268 ], [ 27.430714955127751, 47.551350835527494 ], [ 27.431554895893147, 47.551269491389178 ], [ 27.434065614711162, 47.551129783971277 ], [ 27.435731244665334, 47.551037069021021 ], [ 27.436630827814394, 47.550986979900976 ], [ 27.437465257511949, 47.550754004783983 ], [ 27.438211990392624, 47.550410731885108 ], [ 27.43899992601505, 47.549981950617074 ], [ 27.439538217444102, 47.549553713453271 ], [ 27.439893333094151, 47.54914490695122 ], [ 27.440067419658721, 47.548802246834214 ], [ 27.44009479544199, 47.548521125817132 ], [ 27.440002938343081, 47.548246334750424 ], [ 27.439767438682566, 47.547904554307422 ], [ 27.439311469545324, 47.547493313189946 ], [ 27.438611319933486, 47.547024848448117 ], [ 27.438099294204211, 47.546770640889029 ], [ 27.437528063256607, 47.546582967877868 ], [ 27.437001370369714, 47.546532628045924 ], [ 27.436100692898155, 47.546582707987277 ], [ 27.43551888593635, 47.546688424924746 ], [ 27.434579138699497, 47.547015971308888 ], [ 27.433863455181012, 47.547338803510996 ], [ 27.433259509438521, 47.547579366002417 ], [ 27.432320878031415, 47.547690646814978 ], [ 27.431529581382858, 47.547617601249968 ], [ 27.430803523219961, 47.547392416346547 ], [ 27.430319416771006, 47.547062363759593 ], [ 27.430072632099762, 47.546822047282319 ], [ 27.429917894069845, 47.546330425092407 ], [ 27.429894953674289, 47.545828009362808 ], [ 27.430062941279107, 47.545338385947673 ], [ 27.430354557931928, 47.544809428890275 ], [ 27.431020036053798, 47.544174976277844 ], [ 27.432060314010076, 47.543405049630387 ], [ 27.432812963462496, 47.54301130965186 ], [ 27.433438151817811, 47.542684252660294 ], [ 27.435442820032364, 47.541915793445327 ], [ 27.437861288414531, 47.541229887136765 ], [ 27.438532051278901, 47.541039648136838 ], [ 27.439574696488016, 47.540743914952373 ], [ 27.440191857173378, 47.540336831755553 ], [ 27.440710214867313, 47.539870838504484 ], [ 27.441092009713078, 47.539527604524679 ], [ 27.441590283689553, 47.538652505356161 ], [ 27.442223302076826, 47.537540700018702 ], [ 27.442643416526064, 47.537040558652819 ], [ 27.442960207415691, 47.536663415952695 ], [ 27.443667857079173, 47.536135696845115 ], [ 27.444307009972587, 47.535659045140456 ], [ 27.445243328872028, 47.535256962345002 ], [ 27.446128769193667, 47.535004508846185 ], [ 27.447143436468885, 47.534811675967397 ], [ 27.447890585194187, 47.534803713247321 ], [ 27.448353563395834, 47.53486797895907 ], [ 27.448951527776632, 47.534991746842273 ], [ 27.450036487413744, 47.535452028836325 ], [ 27.45107084334083, 47.536061430502087 ], [ 27.45193861549301, 47.53667435107981 ], [ 27.452936758744134, 47.537120847727394 ], [ 27.453699919187912, 47.537209924397658 ], [ 27.454541545156967, 47.537254473271922 ], [ 27.455366437664743, 47.537132954172229 ], [ 27.456148297066918, 47.536917390192393 ], [ 27.456594585435798, 47.536634352881656 ], [ 27.456874991081669, 47.536355652793844 ], [ 27.45712862889286, 47.535871010169856 ], [ 27.457285311343618, 47.535367887365716 ], [ 27.457200575362791, 47.534938210516017 ], [ 27.457059290276725, 47.53461778051215 ], [ 27.456619094368858, 47.534050408960461 ], [ 27.455910370624988, 47.533625658351866 ], [ 27.454732747989539, 47.533295414671088 ], [ 27.45339749104015, 47.532960168626232 ], [ 27.450966632093198, 47.532424237216858 ], [ 27.449665379016768, 47.5322607828044 ], [ 27.447659730054582, 47.532158920782216 ], [ 27.446168937659255, 47.531999415186434 ], [ 27.4453866812112, 47.531743142639371 ], [ 27.444675085730776, 47.531405362770919 ], [ 27.444346012191581, 47.531118231476313 ], [ 27.444115614937473, 47.530733424056606 ], [ 27.444126984414815, 47.530368178185682 ], [ 27.444309813537238, 47.529953920638 ], [ 27.444646929608609, 47.529641574768 ], [ 27.445259675889808, 47.529287170666613 ], [ 27.447286714463218, 47.528114705528793 ], [ 27.448959243745932, 47.527034790798439 ], [ 27.449699164447043, 47.526497037424157 ], [ 27.450106529965261, 47.526200961782472 ], [ 27.450437815935832, 47.525807330291578 ], [ 27.450771702305719, 47.525002181330628 ], [ 27.450919684334185, 47.524465508638436 ], [ 27.45098883094067, 47.523664266394931 ], [ 27.450960879433275, 47.523056989814776 ], [ 27.451015383767796, 47.522515992376775 ], [ 27.451134502534707, 47.522207770570994 ], [ 27.451395667216072, 47.521886624129088 ], [ 27.451760189407448, 47.521687998154555 ], [ 27.45233146246612, 47.521484993387901 ], [ 27.452957179635259, 47.521378664275112 ], [ 27.453434865058604, 47.521352569418617 ], [ 27.454165316801575, 47.521360500579803 ], [ 27.454518890042834, 47.521423167327846 ], [ 27.454980486574964, 47.521584850294765 ], [ 27.455262083567153, 47.521832171460488 ], [ 27.455451042518487, 47.5221170728787 ], [ 27.45599739912419, 47.522693342543441 ], [ 27.457082538036495, 47.523161346653296 ], [ 27.458140938178783, 47.523548075274398 ], [ 27.459603227473089, 47.524214585859127 ], [ 27.460154620350746, 47.524576968080538 ], [ 27.461204369620798, 47.525266850691835 ], [ 27.462223879375053, 47.526074935158299 ], [ 27.463032585288968, 47.526778642443446 ], [ 27.464199750827635, 47.527400703001256 ], [ 27.46525289238097, 47.52767058447742 ], [ 27.466358521384407, 47.527526160117958 ], [ 27.466910814613495, 47.527343110891401 ], [ 27.467301146610318, 47.527081535307758 ], [ 27.46761954874092, 47.526778533815879 ], [ 27.467741144480783, 47.526415852147082 ], [ 27.467761851155327, 47.526105386368684 ], [ 27.467714730899512, 47.52570892538607 ], [ 27.46746123183658, 47.525350160793288 ], [ 27.467108914275169, 47.525031969448975 ], [ 27.466224738291775, 47.524571610389671 ], [ 27.464994848222524, 47.52420808568386 ], [ 27.463764974311871, 47.52384453874685 ], [ 27.462549811387479, 47.523378509613408 ], [ 27.461902916644156, 47.522987825028899 ], [ 27.461053201663255, 47.522390186621635 ], [ 27.460076581293652, 47.521534152866053 ], [ 27.459397229827264, 47.521014714008416 ], [ 27.457954240890324, 47.520265960366707 ], [ 27.45683772957976, 47.5194907894615 ], [ 27.456467840510154, 47.519073894188736 ], [ 27.456111409615541, 47.518574871972334 ], [ 27.455604587595527, 47.517681585898238 ], [ 27.455503909363291, 47.517368085035734 ], [ 27.455331975073459, 47.516832702530948 ], [ 27.455348140727136, 47.516358265806154 ], [ 27.455360379785578, 47.515998881769853 ], [ 27.455472865762609, 47.515572405828017 ], [ 27.456072414382575, 47.514986912019531 ], [ 27.456532162571232, 47.514610893432646 ], [ 27.456935699428975, 47.514206353329868 ], [ 27.457074285303133, 47.513955916350767 ], [ 27.457090325245854, 47.513688684380135 ], [ 27.457114861884133, 47.513280038946291 ], [ 27.457036414805707, 47.512921332639984 ], [ 27.456794507755294, 47.512376473950582 ], [ 27.456395413001669, 47.511770367165667 ], [ 27.455717136583793, 47.51102153787533 ], [ 27.455209146693928, 47.51035037616046 ], [ 27.454924265510709, 47.509973964942652 ], [ 27.454626770979814, 47.509436413790503 ], [ 27.454405736292269, 47.508916823171148 ], [ 27.454314629084724, 47.508379620214853 ], [ 27.45429684435609, 47.508049509287829 ], [ 27.45433601619191, 47.507759222233958 ], [ 27.45450232928658, 47.507377170569434 ], [ 27.454722558626081, 47.507096405585642 ], [ 27.454867483923653, 47.506911662075915 ], [ 27.455630147359113, 47.506052944249326 ], [ 27.456263038116727, 47.505462844444985 ], [ 27.456706858785132, 47.504974718005599 ], [ 27.457218692898326, 47.504518188277274 ], [ 27.457671071649969, 47.504163840597485 ], [ 27.458345344029144, 47.503759892441543 ], [ 27.458874105395218, 47.503443114692956 ], [ 27.460010348363085, 47.502978673760701 ], [ 27.460796851506522, 47.502587924013866 ], [ 27.461897773811256, 47.502179358991981 ], [ 27.462602198038159, 47.501931720868463 ], [ 27.463306615654009, 47.501684078506067 ], [ 27.464653677986288, 47.501293564559639 ], [ 27.465574368701709, 47.500975636366739 ], [ 27.466079116834063, 47.500742238270128 ], [ 27.466615936786621, 47.500421320752181 ], [ 27.46701055895468, 47.500150184433323 ], [ 27.467373437534228, 47.499859396267148 ], [ 27.467611997258842, 47.499594095696267 ], [ 27.467887364798184, 47.499229740375682 ], [ 27.468023432500516, 47.49890620919016 ], [ 27.468133844733174, 47.498643669138616 ], [ 27.468203381495353, 47.498183170399635 ], [ 27.468236755769183, 47.497962101155537 ], [ 27.468217750359866, 47.497430254654383 ], [ 27.468131151431372, 47.497049106556915 ], [ 27.46796447021033, 47.496640716660117 ], [ 27.467735798098829, 47.496191761338395 ], [ 27.467606932463148, 47.495938750814382 ], [ 27.46747806807268, 47.495685740110197 ], [ 27.46741404869632, 47.495341334048639 ], [ 27.467382987165845, 47.49517426193546 ], [ 27.467373974069577, 47.494901314377223 ], [ 27.46739881621582, 47.494586824819407 ], [ 27.467511472209353, 47.494183623057744 ], [ 27.46769864416213, 47.493687555801074 ], [ 27.468023127182196, 47.493225151384188 ], [ 27.468679953268154, 47.492615690327632 ], [ 27.469585575995207, 47.491966270841964 ], [ 27.470889953743335, 47.491136893898101 ], [ 27.471459633850294, 47.490774663273733 ], [ 27.471818184067487, 47.490480289279255 ], [ 27.472063124020377, 47.49027920349203 ], [ 27.472627582446506, 47.489471280314824 ], [ 27.47292666408045, 47.489043187088321 ], [ 27.473245048339614, 47.488139115735557 ], [ 27.473454095746945, 47.486954054813147 ], [ 27.473716712861883, 47.486479694116902 ], [ 27.473979325419631, 47.486005333679969 ], [ 27.474799700183286, 47.485303807213818 ], [ 27.475784931152873, 47.48508904939343 ], [ 27.476471477923088, 47.484978648207644 ], [ 27.476715136392034, 47.485046227378838 ], [ 27.478627831016325, 47.485576689123583 ], [ 27.480215095294913, 47.486349925200884 ], [ 27.481415345662651, 47.486560073725144 ], [ 27.481652789569644, 47.486601645556028 ], [ 27.482188776124715, 47.486695484240322 ], [ 27.484993218921133, 47.487250815540307 ], [ 27.485503306193724, 47.487342639369409 ], [ 27.488631715463459, 47.487905750381685 ], [ 27.491589440967399, 47.488677903801793 ], [ 27.49316795742973, 47.488711013992251 ], [ 27.494525212768256, 47.488408861934374 ], [ 27.494668371049841, 47.48837699114366 ], [ 27.494859485067174, 47.488228919880314 ], [ 27.49539373475346, 47.487814987069235 ], [ 27.495662864549566, 47.487386735498262 ], [ 27.495733863817062, 47.487220542947831 ], [ 27.495853878251978, 47.486939617654429 ], [ 27.495674077546763, 47.486395119099569 ], [ 27.495264917591594, 47.485834228416252 ], [ 27.49476294283799, 47.485529532353226 ], [ 27.494422381141749, 47.485322810340506 ], [ 27.494349606653035, 47.485278635525574 ], [ 27.494143760994429, 47.485194562163258 ], [ 27.49376342960003, 47.485039221424856 ], [ 27.492914122710108, 47.484692326207387 ], [ 27.492361004550876, 47.484466402001907 ], [ 27.491763376894792, 47.484146756094148 ], [ 27.491533061594662, 47.483948444034631 ], [ 27.491343109195931, 47.483583899442699 ], [ 27.491278125088012, 47.483199799323337 ], [ 27.49135489713349, 47.482850420704288 ], [ 27.491562971351204, 47.482321207309504 ], [ 27.492196813594543, 47.481159894480314 ], [ 27.49279122405942, 47.480567491869905 ], [ 27.493153099530929, 47.480339577848838 ], [ 27.493690992361564, 47.480000801193825 ], [ 27.493956785307383, 47.479899886316588 ], [ 27.495358802907884, 47.479367559539384 ], [ 27.495751407160412, 47.479322402798864 ], [ 27.496316681704887, 47.479229406169615 ], [ 27.497078237335117, 47.479104114307866 ], [ 27.498105809933026, 47.47885040185151 ], [ 27.498569384977223, 47.478903950339557 ], [ 27.499160879569768, 47.478972271296335 ], [ 27.499912225792819, 47.478811485898056 ], [ 27.500570201506552, 47.478517670067632 ], [ 27.501344840665659, 47.478420147882396 ], [ 27.502748106349134, 47.478243473181145 ], [ 27.503469701115499, 47.4782206886468 ], [ 27.504173815459566, 47.478198451536954 ], [ 27.505506722675158, 47.478267153946284 ], [ 27.506825849664196, 47.478413850278812 ], [ 27.507618583723723, 47.478749325412451 ], [ 27.50820458929682, 47.47910807507661 ], [ 27.508566349361146, 47.4794472354886 ], [ 27.508930566882512, 47.479991599118655 ], [ 27.50911578321325, 47.480576007884402 ], [ 27.509116395594337, 47.481173751688324 ], [ 27.508947308246626, 47.48176040235932 ], [ 27.508602359217949, 47.482310508296145 ], [ 27.508071461842114, 47.482787767030338 ], [ 27.507685801360527, 47.483134455610468 ], [ 27.507174603430016, 47.483627056096978 ], [ 27.507127219404847, 47.483748640222316 ], [ 27.507033952284988, 47.483987949235953 ], [ 27.507036177691564, 47.48429788139547 ], [ 27.50703790293268, 47.484538135444708 ], [ 27.507093046423236, 47.484894272431305 ], [ 27.50726080381483, 47.485233830234854 ], [ 27.507604270427478, 47.485609302898489 ], [ 27.508159044424911, 47.486024580055776 ], [ 27.509217722890856, 47.486473638096975 ], [ 27.51035111916725, 47.486829171945239 ], [ 27.51079699181679, 47.487036985145487 ], [ 27.511239526417057, 47.4872432385339 ], [ 27.511813555367404, 47.487651100380667 ], [ 27.512144698360977, 47.488103315061835 ], [ 27.512381271468406, 47.488582028061749 ], [ 27.512724774632648, 47.489277102445506 ], [ 27.513068286923204, 47.489972175534461 ], [ 27.513337987552283, 47.490409001749157 ], [ 27.513612532488633, 47.490656783707657 ], [ 27.513998401119242, 47.490822982151442 ], [ 27.51442030466173, 47.49094235451529 ], [ 27.514873968673449, 47.490980768584393 ], [ 27.51548515973321, 47.490943629203841 ], [ 27.516078478752291, 47.490837476865742 ], [ 27.516530880899332, 47.490657048553878 ], [ 27.516935819641237, 47.490430667643238 ], [ 27.517216183204127, 47.490129889820516 ], [ 27.517353327756481, 47.489786468476638 ], [ 27.517448523780498, 47.489337177087712 ], [ 27.517442836040605, 47.488883292271098 ], [ 27.51737201975277, 47.48856737684347 ], [ 27.517188678781036, 47.488085439102164 ], [ 27.516514886671292, 47.48741865887245 ], [ 27.515789455719233, 47.486896464687412 ], [ 27.514981649404696, 47.486433161172876 ], [ 27.514436810292871, 47.485818277536417 ], [ 27.51370750522133, 47.484995186877498 ], [ 27.512965617747771, 47.484005870758551 ], [ 27.512826985908752, 47.483820998183624 ], [ 27.512730358777432, 47.483362879464053 ], [ 27.512490412339286, 47.482225223320015 ], [ 27.512426006971697, 47.481294753578347 ], [ 27.512450710253564, 47.479984478388033 ], [ 27.512387375849499, 47.478793399075265 ], [ 27.512327937460853, 47.477675520373872 ], [ 27.512272142457931, 47.476626141140578 ], [ 27.512445469237097, 47.475811565028586 ], [ 27.512705571370088, 47.475150506635927 ], [ 27.513302655046086, 47.474521795760445 ], [ 27.513864834482767, 47.474069774314508 ], [ 27.514631879105004, 47.473788453422152 ], [ 27.515310916591709, 47.473725650134597 ], [ 27.515992686236608, 47.473772924954396 ], [ 27.51653673713195, 47.473904320001616 ], [ 27.517027191130833, 47.474111090763074 ], [ 27.517439579617886, 47.474385232810604 ], [ 27.517761625614209, 47.474825838349958 ], [ 27.518411028746467, 47.475916226038905 ], [ 27.519468899370651, 47.477355658805024 ], [ 27.520015453828677, 47.478162042300902 ], [ 27.520244623977014, 47.479210709798352 ], [ 27.520245404480413, 47.479214277537423 ], [ 27.520251465252723, 47.479314832279854 ], [ 27.520306179424825, 47.480222522268761 ], [ 27.520309470215924, 47.480277111972903 ], [ 27.520418725415944, 47.480977081897031 ], [ 27.520434328410541, 47.481077045036805 ], [ 27.520449054464468, 47.481111435602976 ], [ 27.520601023302792, 47.481466332139036 ], [ 27.520856297613243, 47.481813807176863 ], [ 27.521297319687566, 47.482172849373477 ], [ 27.521698605704159, 47.482300965139231 ], [ 27.522216917793017, 47.482379061345959 ], [ 27.522851992178165, 47.482401555466048 ], [ 27.523351235591424, 47.482337636310241 ], [ 27.523825526669341, 47.482214155737239 ], [ 27.524299816799083, 47.482090672312829 ], [ 27.525140889548247, 47.481790434724054 ], [ 27.526247400258622, 47.481336278152376 ], [ 27.527299092305807, 47.48094194962502 ], [ 27.527326687215169, 47.480929093494616 ], [ 27.528688692361868, 47.480294494874038 ], [ 27.529545999669935, 47.479785944306698 ], [ 27.52986288942266, 47.479597962009763 ], [ 27.530781273477409, 47.478992956379606 ], [ 27.531156261708865, 47.478745919222725 ], [ 27.531399328132732, 47.478624763598333 ], [ 27.531900738280587, 47.478374832720149 ], [ 27.532537120209941, 47.478127957985897 ], [ 27.533204292298912, 47.477921805067581 ], [ 27.534286060092573, 47.477806105347184 ], [ 27.535136119105157, 47.477848967955133 ], [ 27.535804840250876, 47.477973982904949 ], [ 27.536333877930446, 47.478191413291391 ], [ 27.536771068133444, 47.478488172282724 ], [ 27.5370912408458, 47.47888138889838 ], [ 27.537363473524145, 47.479325050119421 ], [ 27.537465370445805, 47.479649559774984 ], [ 27.537486084416773, 47.480084758655629 ], [ 27.537442789448988, 47.480579304130544 ], [ 27.537286931910792, 47.481110521998218 ], [ 27.53697181901336, 47.481517808891141 ], [ 27.536613144676707, 47.481908185921576 ], [ 27.536114021903188, 47.482352015284157 ], [ 27.535723452509011, 47.482536490108068 ], [ 27.534864692637807, 47.482831728902752 ], [ 27.533928410791454, 47.482984116558377 ], [ 27.533060781789253, 47.483125323123723 ], [ 27.53256672252007, 47.483250548140234 ], [ 27.532057317388468, 47.483441196540305 ], [ 27.531988270712858, 47.483467038010431 ], [ 27.531611335594516, 47.483765698180115 ], [ 27.531395413089378, 47.484130476225879 ], [ 27.531316637997893, 47.484519880674696 ], [ 27.531533111479746, 47.484979406775906 ], [ 27.531840471150883, 47.48572950210292 ], [ 27.531893450469084, 47.485818243077439 ], [ 27.532271307662029, 47.486451140763563 ], [ 27.532891367606275, 47.487106424490698 ], [ 27.53457827888122, 47.488389041584398 ], [ 27.535469509690255, 47.488774497871056 ], [ 27.536315503300511, 47.488987793089358 ], [ 27.536677478429361, 47.489017938284299 ], [ 27.537377905396482, 47.489076266321511 ], [ 27.538116554076339, 47.489023804315835 ], [ 27.538812674226659, 47.488848350573079 ], [ 27.539369452980726, 47.488616588243737 ], [ 27.539676461476766, 47.488406005907812 ], [ 27.540236205335091, 47.487969270578844 ], [ 27.540604220277853, 47.487570242589229 ], [ 27.540807186485253, 47.487250230309286 ], [ 27.540870031577874, 47.486841129054994 ], [ 27.540864955617877, 47.486070647796254 ], [ 27.540686281741046, 47.484891879436489 ], [ 27.540657980532085, 47.483754453165112 ], [ 27.54065480493605, 47.483626806732566 ], [ 27.540765378481492, 47.483267226101319 ], [ 27.541032011008994, 47.482400125498287 ], [ 27.541421350679727, 47.480786481975805 ], [ 27.541731249056276, 47.479630499260722 ], [ 27.542230023804215, 47.478595083164272 ], [ 27.542518240553438, 47.477996749996514 ], [ 27.543179609824556, 47.477144789153435 ], [ 27.543998312446242, 47.476181709504701 ], [ 27.544595345358101, 47.475579977274165 ], [ 27.545835922764763, 47.474402675893359 ], [ 27.545835953423314, 47.474402650926464 ], [ 27.546492153546236, 47.473975015278668 ], [ 27.54709303083914, 47.47358342289391 ], [ 27.547253208033659, 47.473479033681691 ], [ 27.547383493518481, 47.473408036543688 ], [ 27.547425751812863, 47.473385008048375 ], [ 27.547990806817314, 47.47307707992524 ], [ 27.548781155073019, 47.472724216755353 ], [ 27.549400561770479, 47.47244766644711 ], [ 27.551015101141225, 47.47199896514347 ], [ 27.551095210276149, 47.471976700798002 ], [ 27.551657033150597, 47.471820554671581 ], [ 27.552416324899173, 47.471609521516655 ], [ 27.552615181665878, 47.471574725510969 ], [ 27.553458453424604, 47.471427163229258 ], [ 27.553676496704174, 47.471360144671507 ], [ 27.554537456788431, 47.471095513742327 ], [ 27.555217711073549, 47.470886418576427 ], [ 27.555481752954918, 47.47072622827811 ], [ 27.555792765245119, 47.470537539167438 ], [ 27.556126333767509, 47.470238070100926 ], [ 27.556608486241828, 47.469731855912883 ], [ 27.557167971342775, 47.46904468312848 ], [ 27.557329436986699, 47.468793682413114 ], [ 27.557393798219714, 47.468273537507081 ], [ 27.557462236211645, 47.467720441509933 ], [ 27.557504369741068, 47.467379917422313 ], [ 27.557459397179851, 47.466587437184899 ], [ 27.557458111814093, 47.466564783741084 ], [ 27.557462092836509, 47.46650881209429 ], [ 27.557510164696367, 47.465832868933212 ], [ 27.557544101306544, 47.465569339112712 ], [ 27.557780267352111, 47.465211999929771 ], [ 27.557780315640436, 47.465211927781787 ], [ 27.558356191241291, 47.464375047417981 ], [ 27.559296743629517, 47.463561203673898 ], [ 27.559997453411189, 47.463154764473948 ], [ 27.560209452419645, 47.46303179518867 ], [ 27.560279215758239, 47.462991328551965 ], [ 27.560513093883486, 47.462855667377276 ], [ 27.560574747039006, 47.462840678924721 ], [ 27.561131878503708, 47.462705236716445 ], [ 27.561975727077492, 47.462613985125316 ], [ 27.562286945119222, 47.462580329406762 ], [ 27.562386317036626, 47.462569582352288 ], [ 27.563229610796217, 47.462586279584073 ], [ 27.56361978565555, 47.462621278213192 ], [ 27.563619948219749, 47.462621292615509 ], [ 27.564505977933788, 47.46279470936981 ], [ 27.565317587271672, 47.46302348200075 ], [ 27.566288086737305, 47.463370409854697 ], [ 27.567446583554496, 47.463925645892765 ], [ 27.568258283532398, 47.46445783180058 ], [ 27.568908048177125, 47.464960086425855 ], [ 27.569436177791619, 47.465414763774916 ], [ 27.569760005198642, 47.46555839372256 ], [ 27.569995963229303, 47.465586678008677 ], [ 27.570296223551775, 47.465582817131917 ], [ 27.570502807373956, 47.46551400645879 ], [ 27.570523920349967, 47.46550697456852 ], [ 27.570848667551182, 47.465398805038085 ], [ 27.571307850380986, 47.465138698678068 ], [ 27.57184409582667, 47.464834936124873 ], [ 27.572154086625652, 47.46450833785115 ], [ 27.572587361802455, 47.463934606923793 ], [ 27.572631171088918, 47.463854404204504 ], [ 27.572957957322995, 47.463256142613638 ], [ 27.573337123131946, 47.462625369885451 ], [ 27.573462493244211, 47.462027339146623 ], [ 27.57347283136798, 47.461644512648071 ], [ 27.573408594057877, 47.46082488919253 ], [ 27.573416056169577, 47.460126552632829 ], [ 27.573505586122465, 47.459801373671986 ], [ 27.573549118421013, 47.459643258266773 ], [ 27.573781938107985, 47.45908005277429 ], [ 27.573989166287149, 47.458578746224532 ], [ 27.574106822151986, 47.457970991662144 ], [ 27.574106159043339, 47.457698810384478 ], [ 27.574105882615022, 47.457585059442557 ], [ 27.574071910207785, 47.457437698764195 ], [ 27.573980977404748, 47.457043257961104 ], [ 27.573893148140026, 47.456662270237352 ], [ 27.573645992156042, 47.456070459094747 ], [ 27.573498306566481, 47.455716820434567 ], [ 27.573398841784137, 47.455478647234251 ], [ 27.573104501339603, 47.454992904738916 ], [ 27.572934435899548, 47.454712245555442 ], [ 27.572738705179713, 47.454389229100322 ], [ 27.572470042183294, 47.453945840786346 ], [ 27.572267058625194, 47.453681248682095 ], [ 27.572048931062863, 47.453095777747606 ], [ 27.571760576978761, 47.452486939513754 ], [ 27.571387352104768, 47.451698880185553 ], [ 27.570918627935711, 47.450934653361458 ], [ 27.570278337754033, 47.450230029070092 ], [ 27.57003162814944, 47.449940251464518 ], [ 27.569579216755912, 47.449408851739797 ], [ 27.569578935507469, 47.449408520549376 ], [ 27.569296438731783, 47.449184972789944 ], [ 27.569013945739808, 47.448961426067868 ], [ 27.568772158073315, 47.448770088466347 ], [ 27.568376147910566, 47.448583422451122 ], [ 27.567559245124038, 47.448259574453139 ], [ 27.567559211305671, 47.448259560805262 ], [ 27.567439141507428, 47.448211960453243 ], [ 27.566566652276329, 47.447859742071593 ], [ 27.565899839296669, 47.447687493188866 ], [ 27.565518824577605, 47.447612009743438 ], [ 27.565214928735365, 47.447551802664989 ], [ 27.56500782400985, 47.447536706453356 ], [ 27.564421728937322, 47.447493983069009 ], [ 27.563266618242, 47.447415904317381 ], [ 27.563266288208521, 47.447415881919639 ], [ 27.563243447038648, 47.447414338895506 ], [ 27.563241293050321, 47.447414397306765 ], [ 27.563241224148545, 47.447414398829835 ], [ 27.562344717389134, 47.447438913087268 ], [ 27.562259193226886, 47.447441250995006 ], [ 27.561134480299106, 47.447603824432072 ], [ 27.560238657295997, 47.447689745968738 ], [ 27.559515974048754, 47.447719663666284 ], [ 27.558988026065766, 47.447692217930637 ], [ 27.558486656455212, 47.447576712799261 ], [ 27.55807336850625, 47.447407995898331 ], [ 27.558071652139365, 47.447407111475115 ], [ 27.557579802290512, 47.447153578521586 ], [ 27.557468831562595, 47.446986310887048 ], [ 27.557230315095754, 47.44647149226418 ], [ 27.557261748983926, 47.445839651461043 ], [ 27.557380739105472, 47.445460042985388 ], [ 27.557482997278957, 47.44513380653548 ], [ 27.557892713590515, 47.444409222430053 ], [ 27.558230760211949, 47.443976360611863 ], [ 27.55866005869969, 47.443426638975772 ], [ 27.559220827111002, 47.44250943091857 ], [ 27.559616151249223, 47.441891944695129 ], [ 27.560140281057066, 47.441174102223073 ], [ 27.560775285199959, 47.44015807365389 ], [ 27.560775302324696, 47.440158043582429 ], [ 27.561004008615498, 47.43962742283172 ], [ 27.561044042086888, 47.439347268212622 ], [ 27.561090718736907, 47.439020636338633 ], [ 27.561002811291416, 47.438631464808751 ], [ 27.560990658321103, 47.43857766272113 ], [ 27.560817560970833, 47.438056458719366 ], [ 27.560581798578301, 47.437600870258173 ], [ 27.560195569921628, 47.437095541975637 ], [ 27.559748379335272, 47.436613912825663 ], [ 27.559331336705242, 47.436229336139434 ], [ 27.558884770361875, 47.435923617142755 ], [ 27.558304484113712, 47.435659945914161 ], [ 27.557509465343152, 47.43537866582485 ], [ 27.556305960254104, 47.435156657170332 ], [ 27.555079115360073, 47.435004441037506 ], [ 27.554509401997272, 47.434886015013106 ], [ 27.553976010223341, 47.434775136231508 ], [ 27.553458461938344, 47.434532400087868 ], [ 27.553042975027662, 47.434273450395139 ], [ 27.552803374918259, 47.4339938707013 ], [ 27.552576983607203, 47.433560401903421 ], [ 27.552590938875749, 47.433250105159615 ], [ 27.552606216125646, 47.432910385639879 ], [ 27.552848991920708, 47.432367515677946 ], [ 27.553091764166698, 47.431824644213521 ], [ 27.553305974517233, 47.431345630691538 ], [ 27.553414686682821, 47.430746777482867 ], [ 27.553442739797276, 47.430592245799744 ], [ 27.553454881085489, 47.430491202051954 ], [ 27.55352443070872, 47.429912395610522 ], [ 27.553557472560666, 47.429637406997969 ], [ 27.55386785594137, 47.428644767504323 ], [ 27.553949635243946, 47.428383222326737 ], [ 27.554499711187066, 47.427507283766431 ], [ 27.554525505599553, 47.427476845707389 ], [ 27.555087866392725, 47.426813216816129 ], [ 27.555155815784477, 47.426733030055402 ], [ 27.5556760064371, 47.426119146845444 ], [ 27.556555542636822, 47.425585508447057 ], [ 27.557545847746287, 47.425150339134987 ], [ 27.558400591444293, 47.424902555082433 ], [ 27.559596232454108, 47.424622026077159 ], [ 27.560289782260181, 47.424377010173487 ], [ 27.560692293850387, 47.424148279885934 ], [ 27.561193546386587, 47.423863435358442 ], [ 27.561810898047593, 47.423380617763897 ], [ 27.562578055759069, 47.422780625323405 ], [ 27.562966334331826, 47.422563744006844 ], [ 27.563176611778054, 47.422446287680145 ], [ 27.563718052905362, 47.422331682694306 ], [ 27.564278100424222, 47.422270901833151 ], [ 27.564844536365072, 47.422290396709258 ], [ 27.565394871029309, 47.422383467429576 ], [ 27.565975326584248, 47.422579863481936 ], [ 27.566491869464738, 47.422846071896096 ], [ 27.566949475894514, 47.423232739368657 ], [ 27.567246721724199, 47.423685802156371 ], [ 27.567406349946442, 47.424053456062218 ], [ 27.567755221281089, 47.424573553064555 ], [ 27.56808775219735, 47.424903407772902 ], [ 27.568337801017623, 47.425082576998307 ], [ 27.568415723075038, 47.425138410085999 ], [ 27.568904570504344, 47.425297934563041 ], [ 27.569437174500628, 47.425367674963297 ], [ 27.569837402207877, 47.425282846070395 ], [ 27.570279366176386, 47.425066386991318 ], [ 27.570613037254571, 47.424821607346111 ], [ 27.570883683062959, 47.424463722703521 ], [ 27.571019027201981, 47.424114424060384 ], [ 27.57112077584237, 47.423665331731456 ], [ 27.571038658003424, 47.423326440812758 ], [ 27.570767920138071, 47.422913537167723 ], [ 27.570425836268686, 47.422525785187936 ], [ 27.570121806372267, 47.422123695991012 ], [ 27.570058117895734, 47.421953045813062 ], [ 27.569984270035917, 47.421755176822302 ], [ 27.570021909462159, 47.421341018629796 ], [ 27.570101083580493, 47.42102089308257 ], [ 27.570270699381549, 47.420717387229921 ], [ 27.570567299911563, 47.420462740134461 ], [ 27.571102495630445, 47.420211139078532 ], [ 27.571875589401607, 47.420040389656748 ], [ 27.57264867945505, 47.419869635088091 ], [ 27.573346270213676, 47.419753613684861 ], [ 27.573807832517787, 47.419603730452963 ], [ 27.574138294108469, 47.419435942310479 ], [ 27.574365765126092, 47.419320446179114 ], [ 27.574726252504146, 47.419035960520915 ], [ 27.574995524073412, 47.418708249590253 ], [ 27.575142995291962, 47.418387984838994 ], [ 27.575239370808667, 47.417950177809466 ], [ 27.575234573375717, 47.417704524068753 ], [ 27.575230730098948, 47.417507686066493 ], [ 27.57517326749976, 47.417194525480426 ], [ 27.575125794943098, 47.417057459880539 ], [ 27.575055886422039, 47.416855614435484 ], [ 27.574969389862307, 47.41672942598553 ], [ 27.574960977951278, 47.416717154129827 ], [ 27.574779446086303, 47.41645231990934 ], [ 27.574553526277295, 47.41605742170885 ], [ 27.574445883472336, 47.415869265870874 ], [ 27.574352884215251, 47.415706704536781 ], [ 27.574339766953194, 47.415649944537911 ], [ 27.574327731247003, 47.415542632798243 ], [ 27.574288649647997, 47.415194157232875 ], [ 27.574237533038062, 47.414738364423528 ], [ 27.574204624491241, 47.414521647996942 ], [ 27.574077875847181, 47.413686972128104 ], [ 27.574042043545969, 47.413283616876512 ], [ 27.574006213304926, 47.41288026421288 ], [ 27.574000982346924, 47.412821371023597 ], [ 27.573964684465423, 47.412412783692858 ], [ 27.573947510831864, 47.412219453642038 ], [ 27.573958158695486, 47.411408094793252 ], [ 27.574105622448229, 47.410972864742327 ], [ 27.574400678775987, 47.410102004098249 ], [ 27.575104082177695, 47.409121082775997 ], [ 27.576598854111502, 47.408054883721569 ], [ 27.576946381486955, 47.407966556465169 ], [ 27.578050474729661, 47.407685932826226 ], [ 27.579096782144312, 47.407722781131355 ], [ 27.580024178979365, 47.408053706396721 ], [ 27.58097046708539, 47.408845590241498 ], [ 27.581368823251225, 47.409491384936359 ], [ 27.581610582195619, 47.409983118466791 ], [ 27.581835579477342, 47.410229729770734 ], [ 27.582083874278702, 47.410279861122369 ], [ 27.582373758770441, 47.410309035614901 ], [ 27.582655577486257, 47.410254454849664 ], [ 27.582943689179405, 47.410095931093473 ], [ 27.583694012863589, 47.409477982340242 ], [ 27.584029112477715, 47.409173817817916 ], [ 27.584381880745884, 47.408518512102447 ], [ 27.584439516151438, 47.408039985352453 ], [ 27.584175214719991, 47.407138247940424 ], [ 27.584074364031213, 47.406140131203244 ], [ 27.58387290290667, 47.405524472444831 ], [ 27.583438873239036, 47.404567182858628 ], [ 27.583198916153538, 47.403216784371558 ], [ 27.583076378314985, 47.402417008754448 ], [ 27.582984935817752, 47.401013053334317 ], [ 27.582945747889344, 47.400411357886249 ], [ 27.58275800523753, 47.39981390871673 ], [ 27.582274645110132, 47.399155074223636 ], [ 27.581682264532908, 47.398554814636434 ], [ 27.581335267323208, 47.398311270854848 ], [ 27.580891250894762, 47.398156556659366 ], [ 27.58001981471018, 47.39812069294122 ], [ 27.578952560435717, 47.398281866233994 ], [ 27.578045450841326, 47.398637156249052 ], [ 27.577460983221215, 47.398805571533721 ], [ 27.576449630319285, 47.398779523032957 ], [ 27.575796730231758, 47.398629252929673 ], [ 27.574526040321047, 47.398105254348401 ], [ 27.57336771845015, 47.397439924025441 ], [ 27.571744430871004, 47.3964295922312 ], [ 27.570410915770026, 47.395560965575442 ], [ 27.569810787973989, 47.394994903334187 ], [ 27.569515901488895, 47.394587267238904 ], [ 27.569181171814023, 47.393721528336116 ], [ 27.56909580380001, 47.392687007572896 ], [ 27.56913936170848, 47.391548174338041 ], [ 27.569316848919595, 47.390379232932275 ], [ 27.5692603158233, 47.389603767036256 ], [ 27.569013377763945, 47.388625024953669 ], [ 27.5685511505032, 47.38753201773482 ], [ 27.56819003664485, 47.386678115916474 ], [ 27.568200846279641, 47.386447559771398 ], [ 27.568163026050325, 47.385860359935435 ], [ 27.568354407644204, 47.385376827354428 ], [ 27.568545785862749, 47.384893294402431 ], [ 27.569798442386535, 47.383333792090092 ], [ 27.569943080946008, 47.382930463084385 ], [ 27.569982062058983, 47.382446397139319 ], [ 27.56988494343388, 47.381938346075508 ], [ 27.569711773852575, 47.381744001872725 ], [ 27.568960781131217, 47.3811839253461 ], [ 27.568250212145749, 47.380783268421723 ], [ 27.567648863255851, 47.380268861733583 ], [ 27.567344043767864, 47.379856985088054 ], [ 27.567330369942713, 47.379572262065928 ], [ 27.567323533096889, 47.379429900542149 ], [ 27.567316696295567, 47.379287539009937 ], [ 27.567535407787776, 47.378928857877007 ], [ 27.567816681513662, 47.378581441263727 ], [ 27.568493288820964, 47.378136953183123 ], [ 27.569116796778015, 47.377727327466623 ], [ 27.569633852957555, 47.376998221059274 ], [ 27.569725177234833, 47.376607141286208 ], [ 27.569736317626017, 47.37615708396654 ], [ 27.569631225440006, 47.37574299661069 ], [ 27.569311253819201, 47.375220117040875 ], [ 27.568867087609433, 47.374494264538846 ], [ 27.568766065496764, 47.374100988824068 ], [ 27.568748186488303, 47.37366047384851 ], [ 27.568854586475105, 47.37328401505259 ], [ 27.56908498341781, 47.372934086876768 ], [ 27.569528831691816, 47.372589889535718 ], [ 27.570075417812003, 47.372375127143179 ], [ 27.570728960243947, 47.372204743703541 ], [ 27.571417514082118, 47.372119062416672 ], [ 27.572156536075646, 47.372121851746748 ], [ 27.573039214235898, 47.372220273498129 ], [ 27.573760465320817, 47.372435840923302 ], [ 27.574571767949418, 47.372820863776475 ], [ 27.575702216544602, 47.373641930472964 ], [ 27.577164932100803, 47.374627057134546 ], [ 27.577837459258703, 47.375079985208721 ], [ 27.578646668112309, 47.375980137841928 ], [ 27.579045757706151, 47.376557740367133 ], [ 27.579778733242158, 47.377816693523457 ], [ 27.580228769220938, 47.378490302168508 ], [ 27.58054902271143, 47.3788127383472 ], [ 27.581122093183204, 47.379078324514005 ], [ 27.581687018289433, 47.379174851231006 ], [ 27.582207068328664, 47.379156577414548 ], [ 27.582610372502884, 47.379027346094958 ], [ 27.583020622401811, 47.378771020842599 ], [ 27.583368389361816, 47.378475127317564 ], [ 27.583666918669827, 47.378110837415427 ], [ 27.583865531613654, 47.377716354241684 ], [ 27.583922273477146, 47.377225559260232 ], [ 27.583868741952362, 47.376253632300433 ], [ 27.583716576445937, 47.375477645078753 ], [ 27.583371673698196, 47.374848468726675 ], [ 27.582894330487441, 47.374393704817571 ], [ 27.581841337334311, 47.3736867791336 ], [ 27.580532271398262, 47.373103568207725 ], [ 27.57943771773752, 47.372756062645692 ], [ 27.578321504341687, 47.372366719258416 ], [ 27.577023728064237, 47.372023677325537 ], [ 27.575778426819959, 47.371759106617404 ], [ 27.574815729727547, 47.371410291173092 ], [ 27.574107422249728, 47.371123320928234 ], [ 27.573532070244163, 47.370721932434293 ], [ 27.573200308448506, 47.370125125160769 ], [ 27.573098228096185, 47.369490957615213 ], [ 27.573158366028135, 47.369015434060337 ], [ 27.573321756266672, 47.36859873300466 ], [ 27.574006781549386, 47.367947422824471 ], [ 27.574457193274938, 47.367777642771792 ], [ 27.575392463492552, 47.367558112746607 ], [ 27.575895809395657, 47.367535225121124 ], [ 27.576677568608311, 47.367580199136334 ], [ 27.577056521082113, 47.36771205299484 ], [ 27.577766102567697, 47.368043095176063 ], [ 27.578682013929583, 47.368373437181553 ], [ 27.579770289835775, 47.36847391664633 ], [ 27.581105635670816, 47.368467552846177 ], [ 27.58178610310825, 47.368398392936029 ], [ 27.582957505497912, 47.36810060869032 ], [ 27.584075587621701, 47.367783962576667 ], [ 27.585513037067923, 47.367124598140315 ], [ 27.586498938980341, 47.36656714216398 ], [ 27.587314871474735, 47.365894741371314 ], [ 27.58784248426749, 47.365309606339139 ], [ 27.588330466542029, 47.364927383012791 ], [ 27.588697757974828, 47.364801146444847 ], [ 27.589105177441077, 47.364761367050995 ], [ 27.589511229137099, 47.36480713629232 ], [ 27.590143130660863, 47.365022700302227 ], [ 27.591650233915953, 47.365613484964065 ], [ 27.592970277145081, 47.366383642306886 ], [ 27.593422501609194, 47.366816945732182 ], [ 27.593765312746608, 47.36729434095033 ], [ 27.593957627831756, 47.367685679992604 ], [ 27.594067690088156, 47.368182025456981 ], [ 27.594002064026444, 47.3688381813107 ], [ 27.593766798039134, 47.369778709487932 ], [ 27.593508737763841, 47.370485936388206 ], [ 27.593393695458342, 47.371069150758132 ], [ 27.593425356077361, 47.371485421021866 ], [ 27.593672101115359, 47.371963112695056 ], [ 27.594191280793375, 47.372384053137907 ], [ 27.594759233908562, 47.372628532147381 ], [ 27.595410664599971, 47.372741671677602 ], [ 27.59596121084963, 47.372706824167977 ], [ 27.596401279471699, 47.372560567913382 ], [ 27.596766987452575, 47.372339122484647 ], [ 27.597039665739498, 47.372012384941563 ], [ 27.597203066867678, 47.371599544469746 ], [ 27.597201956832873, 47.371104656134605 ], [ 27.597004560558862, 47.369519124067644 ], [ 27.597023343538165, 47.368961440478962 ], [ 27.597294774553546, 47.368530592696814 ], [ 27.597680667871455, 47.368214083339659 ], [ 27.598337201729901, 47.367922673261766 ], [ 27.599329633495021, 47.367701675782179 ], [ 27.600160393895269, 47.367457006392016 ], [ 27.600721572619669, 47.367291727739762 ], [ 27.601173864981899, 47.367079634466371 ], [ 27.601325714558634, 47.366783951881239 ], [ 27.601304431639434, 47.366471127535846 ], [ 27.601161975203908, 47.366245958593346 ], [ 27.600444096821626, 47.365393046830903 ], [ 27.599960999936609, 47.364534870928274 ], [ 27.599583242800676, 47.363652643400584 ], [ 27.599418692027541, 47.362929804684086 ], [ 27.599323976619168, 47.362160335270794 ], [ 27.599314288368408, 47.361388202009429 ], [ 27.599305451311849, 47.360683167741151 ], [ 27.599301156904879, 47.360341103778353 ], [ 27.598994858939552, 47.359280075525845 ], [ 27.598718542682871, 47.357957413768617 ], [ 27.598512401369042, 47.356970676382289 ], [ 27.598222898372413, 47.355584834314641 ], [ 27.597633328616535, 47.35408406293493 ], [ 27.59689046906357, 47.352475685455829 ], [ 27.596606698109746, 47.351861252605403 ], [ 27.595705476757161, 47.350612210526087 ], [ 27.595179898237827, 47.3498837486055 ], [ 27.594893667049657, 47.349352196105364 ], [ 27.594752501779617, 47.34892279079493 ], [ 27.594701018113941, 47.348484204743237 ], [ 27.594753404007051, 47.348045658446949 ], [ 27.594876018560406, 47.347688584409745 ], [ 27.595148749050338, 47.347142466381086 ], [ 27.595606884451314, 47.346657026034535 ], [ 27.596014222840985, 47.346345904206146 ], [ 27.596441867751508, 47.346184336997489 ], [ 27.597010089670416, 47.346085862188545 ], [ 27.597594148904804, 47.346050215762631 ], [ 27.59817531818101, 47.346103390873537 ], [ 27.598714109363875, 47.346260697886322 ], [ 27.599250546730961, 47.346557808541164 ], [ 27.59988338948077, 47.34708138287413 ], [ 27.600486048145541, 47.347691376673687 ], [ 27.601209156990826, 47.348279972973522 ], [ 27.602148823340237, 47.348772465951853 ], [ 27.603088506919313, 47.349264951044354 ], [ 27.603924908682114, 47.349589888681614 ], [ 27.604387061471794, 47.349666341709259 ], [ 27.604862676594887, 47.349670638373617 ], [ 27.605336096840418, 47.349639375991565 ], [ 27.605826776998789, 47.349442459709238 ], [ 27.606183161292968, 47.349229567418263 ], [ 27.606378611416616, 47.349006941731773 ], [ 27.606512919256417, 47.348672114324401 ], [ 27.606593778119809, 47.348329455132472 ], [ 27.606665569445354, 47.348025170907697 ], [ 27.606744075321519, 47.347166022726483 ], [ 27.606889170796684, 47.34650301554376 ], [ 27.606955657091589, 47.345727704989578 ], [ 27.606899959382236, 47.344989112994668 ], [ 27.606785869288117, 47.344440809699272 ], [ 27.606402409378063, 47.343744084031357 ], [ 27.605905736791193, 47.343081218534856 ], [ 27.605462710858742, 47.342567182987203 ], [ 27.605111204062588, 47.342159337771299 ], [ 27.604797262551102, 47.341795062653404 ], [ 27.604618402742403, 47.341227220337764 ], [ 27.604575542373752, 47.340464375108716 ], [ 27.604754336360404, 47.339782281579467 ], [ 27.605235328932867, 47.339171433370609 ], [ 27.605789001094177, 47.338792554791262 ], [ 27.606445182905567, 47.338498875868702 ], [ 27.607202112906364, 47.33835583484629 ], [ 27.607897663350254, 47.338328108525012 ], [ 27.608753010775221, 47.338480319022246 ], [ 27.609892373356409, 47.338817069511819 ], [ 27.610987421322289, 47.339419801622554 ], [ 27.61167236679853, 47.33995383660853 ], [ 27.612209623686983, 47.340631492532374 ], [ 27.612619851080833, 47.341288624609966 ], [ 27.612994843154954, 47.341693245455467 ], [ 27.613444831410909, 47.34199095475136 ], [ 27.613893346819449, 47.342023701976125 ], [ 27.614340181738736, 47.341981663775769 ], [ 27.614700466202692, 47.341797171519019 ], [ 27.614862578102539, 47.341456242965904 ], [ 27.615018740242594, 47.340665528615922 ], [ 27.615197572613791, 47.340104220007134 ], [ 27.615259277901931, 47.339490998455126 ], [ 27.615268142293715, 47.339185608483454 ], [ 27.615145751937423, 47.338725737120953 ], [ 27.614851697866214, 47.338335996597912 ], [ 27.614296884942405, 47.337940038666737 ], [ 27.613490039240919, 47.337428008185583 ], [ 27.612629511379737, 47.336958116898515 ], [ 27.611910583123031, 47.336565543789341 ], [ 27.610985393464656, 47.336014772318833 ], [ 27.609990057749091, 47.335523776061621 ], [ 27.608684520115059, 47.334670104513911 ], [ 27.606916748642309, 47.333661613354984 ], [ 27.60607336418445, 47.333199359846788 ], [ 27.604750757431198, 47.332474409015298 ], [ 27.604175304141805, 47.332067070744088 ], [ 27.603441165297657, 47.331460050077538 ], [ 27.602910725082356, 47.330918598336197 ], [ 27.602310172133922, 47.330230632929997 ], [ 27.602003845248881, 47.329804395604924 ], [ 27.601654788621282, 47.329424766311092 ], [ 27.60124970165462, 47.329104290265505 ], [ 27.600657418528765, 47.328859203143757 ], [ 27.600035973930044, 47.328650149481327 ], [ 27.599556105903289, 47.328605644896484 ], [ 27.59899066283554, 47.328622790255295 ], [ 27.598079652149071, 47.32880356522714 ], [ 27.597544295792922, 47.329036035085942 ], [ 27.597036539865517, 47.329432662094277 ], [ 27.596687275708774, 47.329790117490688 ], [ 27.596374917839171, 47.330436222607403 ], [ 27.596109080307059, 47.330986080854899 ], [ 27.595761854749604, 47.331555948277931 ], [ 27.595487340443224, 47.331902806673391 ], [ 27.595114007319761, 47.3321694894845 ], [ 27.594766389333667, 47.332224042913552 ], [ 27.594023253506386, 47.332222873532409 ], [ 27.592379415826894, 47.332143890002072 ], [ 27.590424836616194, 47.332120263305924 ], [ 27.587738384390558, 47.332006625253406 ], [ 27.587123114046317, 47.331980589496411 ], [ 27.58579382760302, 47.331783949628402 ], [ 27.584729852147145, 47.331578332198298 ], [ 27.583565634406991, 47.331270353378358 ], [ 27.582299026435667, 47.330730805644606 ], [ 27.581515554988528, 47.330224846716007 ], [ 27.581035950137853, 47.329850289631963 ], [ 27.580723872930154, 47.32948759167656 ], [ 27.580574048255279, 47.329163578851315 ], [ 27.580501037854518, 47.328735425862696 ], [ 27.580570762362189, 47.328348625209145 ], [ 27.580758583064455, 47.328034905026499 ], [ 27.581159292472847, 47.327656321647744 ], [ 27.581739405136094, 47.327264829005401 ], [ 27.582445700263712, 47.327046437764139 ], [ 27.583153326077102, 47.326923764162203 ], [ 27.584070477978308, 47.326869900841572 ], [ 27.584621595814536, 47.32689545827008 ], [ 27.58620089500165, 47.327065066239996 ], [ 27.587240073655817, 47.32723336723619 ], [ 27.588339862450962, 47.327369124925561 ], [ 27.589408052967702, 47.327592998086494 ], [ 27.590552256991526, 47.327769485311094 ], [ 27.591303705569789, 47.327808337429268 ], [ 27.592222802038901, 47.327794453951775 ], [ 27.592902985013925, 47.327784166943182 ], [ 27.593362718234339, 47.327744438969795 ], [ 27.594384606208052, 47.327487727223094 ], [ 27.595236436986674, 47.327098986575088 ], [ 27.595875821566754, 47.32671722438176 ], [ 27.596353592798085, 47.326310125094139 ], [ 27.596644966459614, 47.325974025513304 ], [ 27.596818451150174, 47.325569292333107 ], [ 27.596884897961591, 47.32515015912093 ], [ 27.596791011674568, 47.32473346043335 ], [ 27.59649715678551, 47.324276010404731 ], [ 27.595967746210079, 47.323820240987963 ], [ 27.595365481684258, 47.323481902591915 ], [ 27.594350326248428, 47.323132763539952 ], [ 27.593601218396355, 47.322875119137173 ], [ 27.593094683490033, 47.322548500578698 ], [ 27.59269439912185, 47.322190031220984 ], [ 27.59248394947349, 47.321831764933506 ], [ 27.592458500330775, 47.321446365770178 ], [ 27.592503979287677, 47.321096452108733 ], [ 27.592696774087468, 47.320684615440648 ], [ 27.593053923050697, 47.320220110722076 ], [ 27.593558204600651, 47.319823684935344 ], [ 27.594105245803078, 47.319393634626188 ], [ 27.594838334442841, 47.318817318493196 ], [ 27.596072345794457, 47.318012464961157 ], [ 27.597084326188991, 47.317555534986823 ], [ 27.598224432612152, 47.317270461701327 ], [ 27.599124123107227, 47.317171282389928 ], [ 27.599621494562591, 47.317116456844765 ], [ 27.599979842996916, 47.317136486371652 ], [ 27.600545859562295, 47.317268524913921 ], [ 27.600974908719227, 47.317410314207152 ], [ 27.601398042701348, 47.317632401959628 ], [ 27.601801569820651, 47.318124378142677 ], [ 27.601975775689855, 47.318476766139071 ], [ 27.602084476130997, 47.318895198681844 ], [ 27.602057761314562, 47.319220921661866 ], [ 27.601944212273203, 47.319568428339579 ], [ 27.601794492795467, 47.319950995597843 ], [ 27.601574800877504, 47.320317614684946 ], [ 27.601319607787989, 47.320608094167724 ], [ 27.600640942442499, 47.321146335729459 ], [ 27.599829935240997, 47.321901077012015 ], [ 27.599468101801556, 47.322470368775967 ], [ 27.599390197449743, 47.322791228627132 ], [ 27.599387262984195, 47.323282761329942 ], [ 27.599570294483204, 47.323758286543942 ], [ 27.600110783936788, 47.324264155273347 ], [ 27.601135639192012, 47.325316711946485 ], [ 27.602533957315515, 47.326863590868619 ], [ 27.603660829349405, 47.32811007917519 ], [ 27.604238811990676, 47.328586704914045 ], [ 27.604928776683757, 47.328875153722883 ], [ 27.605529347357042, 47.328974663375639 ], [ 27.606073890000918, 47.328981892222664 ], [ 27.607018232729889, 47.328847626394371 ], [ 27.607804484417599, 47.32864286483931 ], [ 27.608407246205495, 47.328434438217194 ], [ 27.608860474428532, 47.32821379183347 ], [ 27.609642426773831, 47.327568758312822 ], [ 27.610341062603979, 47.326742434063277 ], [ 27.61063718020187, 47.326236939754075 ], [ 27.610862993316122, 47.325714933736194 ], [ 27.610970884283809, 47.324807303225874 ], [ 27.610960831656339, 47.323712167458446 ], [ 27.610866308451701, 47.323418123808977 ], [ 27.610518408091817, 47.322743992881684 ], [ 27.6098339323277, 47.322096928537633 ], [ 27.608920459367532, 47.321334206511963 ], [ 27.607664533501914, 47.320477876096945 ], [ 27.606585212031344, 47.319741915621869 ], [ 27.605836187367863, 47.319141192248985 ], [ 27.605500840635287, 47.318803377828225 ], [ 27.605201268520574, 47.318314123538052 ], [ 27.605106091783171, 47.318022375433678 ], [ 27.605172524238082, 47.317723302061957 ], [ 27.605343933606946, 47.317357167822657 ], [ 27.605446724310013, 47.317234014772652 ], [ 27.605612768620766, 47.317110671081842 ], [ 27.60598683856486, 47.316996629217478 ], [ 27.606346053403069, 47.31696182795573 ], [ 27.606727353349392, 47.316924872682193 ], [ 27.607111100461001, 47.31694716088834 ], [ 27.607553260708151, 47.316997557398032 ], [ 27.60888759049886, 47.317181278413017 ], [ 27.609549185199224, 47.317326705088789 ], [ 27.611358325559252, 47.317918350004241 ], [ 27.612370897613015, 47.318249483051623 ], [ 27.613255952881303, 47.318574783696491 ], [ 27.614390036624574, 47.31887876214293 ], [ 27.615595655722338, 47.319163755743624 ], [ 27.616341917945658, 47.319375799870627 ], [ 27.61675336566109, 47.319558017182111 ], [ 27.617301565187315, 47.319859620373144 ], [ 27.617524787434338, 47.319982425035519 ], [ 27.617842339562401, 47.320277181189077 ], [ 27.618112779230078, 47.320654086886186 ], [ 27.618257089598153, 47.320855215263045 ], [ 27.61859167386374, 47.321525099351895 ], [ 27.618961566514958, 47.322354455551299 ], [ 27.61940627563968, 47.323166649784028 ], [ 27.620006969102352, 47.324388441590813 ], [ 27.620358833328137, 47.325104100407387 ], [ 27.620641071763046, 47.325507575490604 ], [ 27.620874385865097, 47.325727202831239 ], [ 27.621190531863316, 47.325892133910912 ], [ 27.621570097798838, 47.325974597337279 ], [ 27.621895005532778, 47.325982458027411 ], [ 27.622138041297081, 47.325932421873894 ], [ 27.622361851501108, 47.325850867028478 ], [ 27.622610589674185, 47.32562332304699 ], [ 27.622890558893086, 47.325124838236491 ], [ 27.623282527922523, 47.324597000072785 ], [ 27.624009985168868, 47.323723270341532 ], [ 27.624697542423544, 47.322977696280468 ], [ 27.625311274047139, 47.322202908652244 ], [ 27.625821513861883, 47.321419701951072 ], [ 27.62632175151888, 47.320341686043299 ], [ 27.626763398901169, 47.319389868477607 ], [ 27.626964692414717, 47.318956046963898 ], [ 27.627004444560459, 47.318780745316907 ], [ 27.627128542047696, 47.318233520919108 ], [ 27.627158118057675, 47.317710577121368 ], [ 27.627239144679937, 47.317094123245788 ], [ 27.627326123234763, 47.316065555637252 ], [ 27.627460181631623, 47.315512255181787 ], [ 27.627492646988308, 47.315057453847722 ], [ 27.627400631208229, 47.314315761107153 ], [ 27.627262601866374, 47.313503457042493 ], [ 27.627186927104216, 47.313058065002721 ], [ 27.627112969906367, 47.312385214421347 ], [ 27.627112993064511, 47.311813862110185 ], [ 27.627168272386431, 47.31137205840615 ], [ 27.627331228957537, 47.310891808214393 ], [ 27.627638326204789, 47.310414972509044 ], [ 27.627917656021953, 47.310105769689407 ], [ 27.628425324783837, 47.309782483247247 ], [ 27.628943909754955, 47.309548023036989 ], [ 27.629583302653888, 47.309375390240973 ], [ 27.630061150032795, 47.309311094459169 ], [ 27.630463716049974, 47.309313080491613 ], [ 27.630902133129798, 47.309378832969777 ], [ 27.631271935172574, 47.309551974905354 ], [ 27.631702549801744, 47.309886192975654 ], [ 27.632092369604351, 47.310242816354609 ], [ 27.632443646837856, 47.310650985473494 ], [ 27.632764066218801, 47.3112449549809 ], [ 27.633159094668912, 47.311817772038431 ], [ 27.633721622020911, 47.312218604358954 ], [ 27.634320731766636, 47.312556817792128 ], [ 27.635036353509147, 47.312765470433405 ], [ 27.635743102697347, 47.312867391123909 ], [ 27.636212028963527, 47.312821081502982 ], [ 27.63681507109419, 47.312707142350511 ], [ 27.637264474791468, 47.312529894393144 ], [ 27.637646263128676, 47.312290295337981 ], [ 27.638046906010132, 47.31187294915771 ], [ 27.638310482577729, 47.311510646337304 ], [ 27.638426203577094, 47.311202922853354 ], [ 27.638508988016426, 47.310757885100585 ], [ 27.638492979066669, 47.310366318275037 ], [ 27.638362803778065, 47.310048612453009 ], [ 27.638186338697174, 47.309787626228122 ], [ 27.637291744747394, 47.308897209674122 ], [ 27.636479830785522, 47.308089067031119 ], [ 27.635618992879891, 47.30715378514472 ], [ 27.634850365156677, 47.306301515775893 ], [ 27.633662659272666, 47.30529653119256 ], [ 27.63324153653549, 47.304921565812386 ], [ 27.632967260038711, 47.30452848386102 ], [ 27.632850841530004, 47.304157016498074 ], [ 27.632824778404554, 47.30395941603264 ], [ 27.632788453545466, 47.303684103419535 ], [ 27.632820773772117, 47.303478498321091 ], [ 27.632937822192826, 47.303197475142731 ], [ 27.63315839802976, 47.302946861000017 ], [ 27.633498425003726, 47.302688121192226 ], [ 27.633868443657263, 47.302494873435776 ], [ 27.634281325066187, 47.302347180744519 ], [ 27.634881705868352, 47.302275846570296 ], [ 27.635487771899243, 47.302232176410847 ], [ 27.636350545131194, 47.302139977529905 ], [ 27.637247689167143, 47.302021559279439 ], [ 27.638910707062568, 47.301776562726964 ], [ 27.640117100054429, 47.301593526798555 ], [ 27.641035772256679, 47.301414108546957 ], [ 27.642001580265784, 47.301225481535447 ], [ 27.642631176381467, 47.301059260941123 ], [ 27.64329582979644, 47.300883777772164 ], [ 27.643648772420399, 47.300763623482347 ], [ 27.644147418408934, 47.300559216104389 ], [ 27.644730416136731, 47.300320223690896 ], [ 27.645559859070755, 47.299878914557105 ], [ 27.646037756778341, 47.299685393280612 ], [ 27.646617537515574, 47.29956746873664 ], [ 27.647098526108081, 47.299503029212346 ], [ 27.647587721333078, 47.299481278324052 ], [ 27.648076201076005, 47.299509555955048 ], [ 27.648415957849597, 47.299615418357483 ], [ 27.648638265396503, 47.299819774992372 ], [ 27.648779874989053, 47.30002798425231 ], [ 27.648879719360032, 47.300393139685177 ], [ 27.648880150363613, 47.300865232344186 ], [ 27.648837708906239, 47.301396202812455 ], [ 27.648828355533769, 47.302133527778537 ], [ 27.648794331481348, 47.302583803974379 ], [ 27.648676780089971, 47.303162781186145 ], [ 27.648447470927895, 47.303620089203427 ], [ 27.647824412862217, 47.304335816246429 ], [ 27.646800307146844, 47.305278942220738 ], [ 27.646245062470147, 47.305977514981961 ], [ 27.646106994341284, 47.306311926172093 ], [ 27.646083444148193, 47.306530697841247 ], [ 27.646141940146443, 47.306746424530189 ], [ 27.646307655354331, 47.306877075676532 ], [ 27.646729420188276, 47.307088808784847 ], [ 27.647306992496372, 47.307305526596288 ], [ 27.647763551167433, 47.307447234395227 ], [ 27.648553379461422, 47.307614953799266 ], [ 27.649438821466905, 47.307749938775515 ], [ 27.650382189683697, 47.307893750424199 ], [ 27.650998462513844, 47.307944566170519 ], [ 27.65181341728054, 47.308011758953469 ], [ 27.652890428637679, 47.30799730869856 ], [ 27.65362808361597, 47.307960364537223 ], [ 27.654564065039224, 47.307832014313185 ], [ 27.655303758545074, 47.307572315574767 ], [ 27.655839263000885, 47.307286124891171 ], [ 27.656506651386533, 47.306756400216905 ], [ 27.657042454571748, 47.306161544915838 ], [ 27.657382744972413, 47.305685195812138 ], [ 27.657886655183528, 47.305092408929944 ], [ 27.658192740076654, 47.304864915905071 ], [ 27.658688650704104, 47.304572934312382 ], [ 27.659166762150001, 47.304383808481234 ], [ 27.659688503183386, 47.304258954256802 ], [ 27.660074540924473, 47.304215971513713 ], [ 27.660223792107725, 47.304223677984893 ], [ 27.660373043329582, 47.304231384263211 ], [ 27.66064862851222, 47.30431089810881 ], [ 27.660890113436984, 47.304431238869576 ], [ 27.661125523807396, 47.30462607429687 ], [ 27.661308843983758, 47.30489131497162 ], [ 27.661479960895399, 47.305306041860121 ], [ 27.661609999012498, 47.30588204106899 ], [ 27.661700063458813, 47.30646157762996 ], [ 27.661847054266591, 47.307096937409817 ], [ 27.662039927702306, 47.307751668798396 ], [ 27.662163656167824, 47.308002692561736 ], [ 27.662407269593661, 47.308164113930196 ], [ 27.662807817999038, 47.308257333610683 ], [ 27.663312248391225, 47.308268002780608 ], [ 27.66381275222578, 47.308134008505711 ], [ 27.664271018055651, 47.30794246604345 ], [ 27.664798425783026, 47.307623637762468 ], [ 27.66524682288026, 47.307253066076491 ], [ 27.665743643807723, 47.306695520195802 ], [ 27.666200869102738, 47.306122515291364 ], [ 27.666358087026222, 47.305877925141424 ], [ 27.666515303534222, 47.305633334770732 ], [ 27.666591333219571, 47.305484605588823 ], [ 27.666667365178476, 47.305335877191155 ], [ 27.666682583611969, 47.305260603236512 ], [ 27.666788130617284, 47.304738509711768 ], [ 27.666939549270065, 47.304403238914936 ], [ 27.667221023327155, 47.303938807358037 ], [ 27.667294666767109, 47.303823539050697 ], [ 27.667368308528587, 47.303708269826544 ], [ 27.668641566394445, 47.301715193507007 ], [ 27.669392116139644, 47.300770283344193 ], [ 27.670481946008227, 47.29999315952459 ], [ 27.671317261002088, 47.299590833628137 ], [ 27.672613549398498, 47.299265453374801 ], [ 27.67359517233356, 47.299311501431909 ], [ 27.674139615257747, 47.299523960577325 ], [ 27.674684062461175, 47.299736417101691 ], [ 27.675553696930841, 47.300352275371402 ], [ 27.676269646435166, 47.301362608681714 ], [ 27.676371501205335, 47.302390932931758 ], [ 27.676452767155112, 47.30321123402139 ], [ 27.676831343018936, 47.304268605452407 ], [ 27.6765127735158, 47.30577389399425 ], [ 27.675669571168712, 47.307182404693904 ], [ 27.674703076258684, 47.308130020900983 ], [ 27.674503698401232, 47.309192793379339 ], [ 27.674782982892136, 47.309780700927554 ], [ 27.675260332357983, 47.310037651329246 ], [ 27.676383374628916, 47.31008040139632 ], [ 27.678058828243, 47.309760371759005 ], [ 27.679084694835172, 47.309475534260379 ], [ 27.679775295089396, 47.309150350082653 ], [ 27.680136031817174, 47.308489229845023 ], [ 27.680272970682129, 47.306988136607167 ], [ 27.680651565952108, 47.30501935749998 ], [ 27.680215480943538, 47.302660602488487 ], [ 27.679613817627558, 47.300318760991289 ], [ 27.679564754696383, 47.299365875847691 ], [ 27.679718285430926, 47.298418154586301 ], [ 27.680498343795175, 47.29762602055812 ], [ 27.681473710853595, 47.297099263424293 ], [ 27.682705379666796, 47.296974045971879 ], [ 27.683219142158819, 47.297013917539822 ], [ 27.683732905365083, 47.297053786819653 ], [ 27.684455859189455, 47.296975176735359 ], [ 27.684950062768099, 47.296607700590741 ], [ 27.684553714337703, 47.296107134688214 ], [ 27.683599826623677, 47.294497761547241 ], [ 27.683347743532597, 47.293996110212824 ], [ 27.683095665253639, 47.293494458188405 ], [ 27.682845802737532, 47.292447869594291 ], [ 27.682715281421149, 47.290635505506827 ], [ 27.682988820527726, 47.287413521890024 ], [ 27.68353385284086, 47.286404558588693 ], [ 27.684155272210383, 47.285510624214631 ], [ 27.685214175593259, 47.284730441367394 ], [ 27.685894687542607, 47.284412313287746 ], [ 27.686712022286883, 47.284332900242823 ], [ 27.687352304414006, 47.284495293705724 ], [ 27.687702721585016, 47.284894467275777 ], [ 27.68838511719402, 47.285969248611508 ], [ 27.688633729494416, 47.287303376060123 ], [ 27.688464878015001, 47.288643266599628 ], [ 27.689001150660591, 47.290187651992539 ], [ 27.689464147334842, 47.291166358874079 ], [ 27.690225735383638, 47.291684616657506 ], [ 27.69117808807297, 47.291925548661126 ], [ 27.692412489625521, 47.291924335661733 ], [ 27.6949184441253, 47.291578405735095 ], [ 27.697883028713665, 47.290911555626508 ], [ 27.699764288251252, 47.290488335128224 ], [ 27.703459595390292, 47.289408476345308 ], [ 27.704593041086952, 47.289265186388107 ], [ 27.705575887886074, 47.289338414935912 ], [ 27.706213827237175, 47.289577744384808 ], [ 27.706597637045917, 47.28999903740479 ], [ 27.706589508696247, 47.290620267658795 ], [ 27.705924582032505, 47.291645895848333 ], [ 27.704774908154352, 47.292868365011792 ], [ 27.703605798426338, 47.294907244926691 ], [ 27.702915150872215, 47.297764217690649 ], [ 27.703003722920908, 47.298603449336909 ], [ 27.703473013312333, 47.299300240565742 ], [ 27.704218111976584, 47.299875143052269 ], [ 27.705291915574918, 47.300107175719219 ], [ 27.707158545257272, 47.300112467114417 ], [ 27.708546543109595, 47.300064298710161 ], [ 27.710377888355882, 47.29970658085405 ], [ 27.712378107956248, 47.298988311015627 ], [ 27.714503031418264, 47.297757626520543 ], [ 27.715797321323191, 47.296452650663021 ], [ 27.716872975083032, 47.295058816298315 ], [ 27.71799918852307, 47.294059144372582 ], [ 27.719043295943145, 47.293546756070313 ], [ 27.720315934033408, 47.2934146123998 ], [ 27.7214298181453, 47.293676203035787 ], [ 27.722951433482631, 47.29421761175864 ], [ 27.724094448632201, 47.294857241515139 ], [ 27.725768508780053, 47.29531814974338 ], [ 27.726929210635316, 47.295510698904621 ], [ 27.727743172989577, 47.295436548463087 ], [ 27.728551848399619, 47.295060184568577 ], [ 27.729598723016291, 47.294021556416865 ], [ 27.730236650650291, 47.293662938367206 ], [ 27.731149255271887, 47.293345943991895 ], [ 27.731929517648112, 47.292894077971056 ], [ 27.732618554761423, 47.292378110757838 ], [ 27.733002284976433, 47.291950274101524 ], [ 27.73402645864714, 47.290443111526244 ], [ 27.735483835931948, 47.288955631759144 ], [ 27.735904601665759, 47.288299778713771 ], [ 27.737223701238634, 47.2862435677254 ], [ 27.738057213847199, 47.284944209905944 ], [ 27.738532834761063, 47.281653255473394 ], [ 27.738775488713472, 47.281015488337033 ], [ 27.739018137053872, 47.28037772060469 ], [ 27.739042451470567, 47.280030113170724 ], [ 27.738857671554889, 47.279553262756941 ], [ 27.738313200393709, 47.278449836730893 ], [ 27.737939444593774, 47.277850562615491 ], [ 27.737565697274306, 47.277251287074236 ], [ 27.7374429443419, 47.276472566874936 ], [ 27.737563668106311, 47.275900370962923 ], [ 27.737914675725122, 47.275546538269296 ], [ 27.738704870539575, 47.275323657941989 ], [ 27.739560053059645, 47.275311517335489 ], [ 27.741294286586356, 47.276039992996338 ], [ 27.742567563966428, 47.276861877697229 ], [ 27.743579623347866, 47.277312015182304 ], [ 27.744703653773946, 47.277615110637413 ], [ 27.745748462961309, 47.277686607737195 ], [ 27.746898798465942, 47.277510722297741 ], [ 27.747669562556201, 47.277190082072323 ], [ 27.748200397714722, 47.276692645409746 ], [ 27.7482098189694, 47.276077896339764 ], [ 27.748324926594428, 47.275246238808521 ], [ 27.74820547441908, 47.273536431914586 ], [ 27.747548524503785, 47.271744852264113 ], [ 27.746301192857135, 47.269877092734951 ], [ 27.745143321300802, 47.268375244122126 ], [ 27.744673785544361, 47.267087675908556 ], [ 27.744313260027464, 47.266098993177465 ], [ 27.744330503961304, 47.264858434296329 ], [ 27.745270400659336, 47.263846655499862 ], [ 27.747039543355097, 47.262795559451042 ], [ 27.748809904002137, 47.262015328195034 ], [ 27.751008125595185, 47.261200609931961 ], [ 27.754755861963677, 47.26019656519815 ], [ 27.756437746945409, 47.259570474602668 ], [ 27.757492653352358, 47.259091829268172 ], [ 27.758229518316881, 47.258510805960654 ], [ 27.758677991982431, 47.257806510207338 ], [ 27.758818328609408, 47.257044856720754 ], [ 27.758291838173115, 47.256485676060421 ], [ 27.756774450236119, 47.25586560454051 ], [ 27.753460350845408, 47.25571603900574 ], [ 27.751930001592871, 47.255824598598252 ], [ 27.750631527703103, 47.256386609147967 ], [ 27.749340079596518, 47.257305120338899 ], [ 27.748363825244645, 47.257999426713099 ], [ 27.746084635369499, 47.257957474020692 ], [ 27.743854963313193, 47.257633085366258 ], [ 27.742728808564486, 47.257282431040771 ], [ 27.74223540125351, 47.25687791505576 ], [ 27.742030551875221, 47.256422878596794 ], [ 27.742000678431328, 47.25583852922292 ], [ 27.742279260724732, 47.25508588780778 ], [ 27.742717714219896, 47.253577764647467 ], [ 27.743579473584557, 47.252156746097533 ], [ 27.744239440074786, 47.251440733362678 ], [ 27.745000480364602, 47.251134084309186 ], [ 27.745865327613036, 47.251008455616372 ], [ 27.746497566800361, 47.25121537354773 ], [ 27.746962785648961, 47.251572846579592 ], [ 27.746804968773393, 47.252293765813498 ], [ 27.747005980412702, 47.253009675894013 ], [ 27.747619213978634, 47.253813634409269 ], [ 27.748576542199288, 47.254442791814945 ], [ 27.750194686164232, 47.254918886007673 ], [ 27.751431313572589, 47.255033785868427 ], [ 27.752054954460249, 47.25499833829749 ], [ 27.752445715988912, 47.254565165304385 ], [ 27.752836457595063, 47.25413198231729 ], [ 27.753234933308558, 47.253824878453337 ], [ 27.75445215762095, 47.253562277425004 ], [ 27.755546411790878, 47.252894173136006 ], [ 27.756223860955778, 47.252006090191273 ], [ 27.756517598287001, 47.251239848062085 ], [ 27.757187262231138, 47.250234426072588 ], [ 27.757441710534604, 47.24954271985569 ], [ 27.75704965417733, 47.248552633874176 ], [ 27.756379068820632, 47.247452978091616 ], [ 27.755435921192145, 47.246450339821351 ], [ 27.754571577355883, 47.246136347342315 ], [ 27.753622465060324, 47.245971103712591 ], [ 27.752046598023906, 47.24612671005692 ], [ 27.75071443601442, 47.247029248768122 ], [ 27.750258440595566, 47.247783846263765 ], [ 27.749891572286728, 47.248390953763995 ], [ 27.749467049238145, 47.248650998329566 ], [ 27.748564068891575, 47.248672452441028 ], [ 27.747975564210186, 47.248205624536489 ], [ 27.746567499446964, 47.247088664406839 ], [ 27.745656843530483, 47.246366233655529 ], [ 27.744906771823324, 47.245442260567188 ], [ 27.744866731158446, 47.244659614961556 ], [ 27.744823989614996, 47.243824146168308 ], [ 27.745151213148279, 47.242736080800718 ], [ 27.745829027939521, 47.241725905909142 ], [ 27.745918798746612, 47.241629482016187 ], [ 27.746879536717728, 47.240597437706292 ], [ 27.74813851663373, 47.239870269137079 ], [ 27.749380528210661, 47.238586918494221 ], [ 27.751370459529241, 47.237861822585742 ], [ 27.752697893930989, 47.237640591032495 ], [ 27.754062902380557, 47.237595847449811 ], [ 27.755000080688927, 47.237969292775027 ], [ 27.755785344598245, 47.238647861850879 ], [ 27.756343725550408, 47.239423657477317 ], [ 27.757181272180834, 47.240072588666997 ], [ 27.758192066997339, 47.240345309894991 ], [ 27.759186701034967, 47.240046312453991 ], [ 27.759379762302736, 47.239561609505017 ], [ 27.759207078966064, 47.238856829171084 ], [ 27.75895730969097, 47.237837390686813 ], [ 27.758019954456781, 47.236866364192586 ], [ 27.756367042919614, 47.235920444463112 ], [ 27.755667012360526, 47.235275953023155 ], [ 27.755116509133227, 47.23456735990262 ], [ 27.754216364993223, 47.233012090050288 ], [ 27.754114033889394, 47.232015101518328 ], [ 27.754259735344597, 47.231020612554445 ], [ 27.7552244517898, 47.230267591423186 ], [ 27.75656508551749, 47.229861499166823 ], [ 27.758551775771835, 47.229728928500101 ], [ 27.761925646797774, 47.230261440661479 ], [ 27.765121014039238, 47.231171286660413 ], [ 27.767312216347637, 47.231628948185964 ], [ 27.769950075450097, 47.231856350898688 ], [ 27.773290641390016, 47.231491591787545 ], [ 27.7747393906211, 47.230817681286645 ], [ 27.775297669396, 47.230072140324019 ], [ 27.775446142948205, 47.229365802449074 ], [ 27.775239199053313, 47.228567237647539 ], [ 27.774172996248527, 47.226837996132588 ], [ 27.773474733475656, 47.22570542824058 ], [ 27.772590160203716, 47.224634988259815 ], [ 27.770725520963683, 47.223195309584355 ], [ 27.769620358644595, 47.222594224055186 ], [ 27.76929734543014, 47.22195116928993 ], [ 27.769711697128649, 47.221332890361076 ], [ 27.770091024202337, 47.221141916559127 ], [ 27.771428475821654, 47.220958792556516 ], [ 27.774060653169656, 47.220756244624141 ], [ 27.778039346251365, 47.220852841448753 ], [ 27.779398518389751, 47.220944962631584 ], [ 27.780761565269781, 47.220885078279416 ], [ 27.782245388857419, 47.220596223264252 ], [ 27.783492918540674, 47.220175195631541 ], [ 27.784889829160679, 47.219449266049352 ], [ 27.785844451254697, 47.21869578908548 ], [ 27.786530703968033, 47.217868721929143 ], [ 27.786557530087876, 47.217420295334044 ], [ 27.786457633740991, 47.216648575937072 ], [ 27.786107223643612, 47.215601370129789 ], [ 27.785722051407785, 47.214450276994704 ], [ 27.783575710261914, 47.212549268396771 ], [ 27.782022223641722, 47.211290739034929 ], [ 27.779812463148684, 47.209805581320182 ], [ 27.778987944804665, 47.208648313581683 ], [ 27.777792593413409, 47.206770285391123 ], [ 27.776987924539092, 47.20527337456889 ], [ 27.776979719436493, 47.204549722539973 ], [ 27.777338986775128, 47.203963347553426 ], [ 27.777901577891733, 47.203730687003215 ], [ 27.778555130125302, 47.203678206743966 ], [ 27.779457835568902, 47.20387923548229 ], [ 27.780589409812816, 47.204290330204557 ], [ 27.782717475570625, 47.205700126857259 ], [ 27.78582786631063, 47.207584700968965 ], [ 27.786981774217548, 47.208048318540776 ], [ 27.788305819084801, 47.208186794728718 ], [ 27.78924982621816, 47.208111628963309 ], [ 27.79011798982491, 47.2076808549864 ], [ 27.790238010216626, 47.207419916285481 ], [ 27.790554840195611, 47.2069834688266 ], [ 27.790724365998553, 47.206535249393909 ], [ 27.790530019919178, 47.206091742522617 ], [ 27.790011964483632, 47.205349091266413 ], [ 27.789222190021373, 47.204555594484361 ], [ 27.788725003845521, 47.204056051763352 ], [ 27.788165635800688, 47.203229184010205 ], [ 27.787633924664767, 47.202179474330002 ], [ 27.786857228890632, 47.199727387905213 ], [ 27.786470102478368, 47.197943478122362 ], [ 27.786689054670578, 47.197681049169006 ], [ 27.786724767095912, 47.197380145412247 ], [ 27.786624321285842, 47.196871418962793 ], [ 27.786467198483333, 47.19607558784999 ], [ 27.786343550010542, 47.195268816647754 ], [ 27.78660408812927, 47.1943780578885 ], [ 27.786217724724203, 47.191692636379273 ], [ 27.786695513983187, 47.190391135042127 ], [ 27.78739178777521, 47.189688681853461 ], [ 27.788317232534666, 47.189122373188596 ], [ 27.789740166526865, 47.188562872350538 ], [ 27.792025644358237, 47.187949870605429 ], [ 27.793838676432127, 47.187754997464715 ], [ 27.795841203307411, 47.187927408890467 ], [ 27.798100031862212, 47.188767620609958 ], [ 27.800791928859955, 47.190396291735851 ], [ 27.801501930449877, 47.190707817417305 ], [ 27.802242391720963, 47.190662832115272 ], [ 27.802698506252661, 47.190446863779442 ], [ 27.80301037705949, 47.190025669960093 ], [ 27.803393486375032, 47.189317191662496 ], [ 27.80367799470039, 47.188511723514111 ], [ 27.803648714364215, 47.188057060381681 ], [ 27.803386951752774, 47.187298989324226 ], [ 27.802659595536454, 47.186234160145965 ], [ 27.800686403791303, 47.183751370844767 ], [ 27.799179837876324, 47.181754913227905 ], [ 27.798926210631301, 47.181269826546526 ], [ 27.798616058523578, 47.180676608521615 ], [ 27.797956009223238, 47.179124500946031 ], [ 27.797904275694304, 47.177943671361135 ], [ 27.797539329585774, 47.176332536644026 ], [ 27.797077155259974, 47.175307737118935 ], [ 27.796187005775202, 47.173680663575851 ], [ 27.795943826941301, 47.172280331929095 ], [ 27.796274095612073, 47.170770251267292 ], [ 27.796810799366366, 47.169825878884453 ], [ 27.797458083471092, 47.169358634349535 ], [ 27.798827119035625, 47.168920401092542 ], [ 27.799629173816886, 47.168663648475338 ], [ 27.800460655751177, 47.168293533406064 ], [ 27.802004486175505, 47.167346730523491 ], [ 27.803665428876158, 47.166722056768648 ], [ 27.805432630438812, 47.166057377535445 ], [ 27.807238489200266, 47.165811865465834 ], [ 27.808726186692372, 47.165994879893212 ], [ 27.810213893876163, 47.166177875056334 ], [ 27.81056122539545, 47.16611962386785 ], [ 27.810908554774429, 47.166061370776269 ], [ 27.811292418035116, 47.165649691089584 ], [ 27.81110277042146, 47.164843013681811 ], [ 27.811065849989198, 47.163624880622883 ], [ 27.8106076809561, 47.162865669850099 ], [ 27.810058206767664, 47.162407520330461 ], [ 27.80854795257185, 47.161441439256414 ], [ 27.807898516967548, 47.160995011951073 ], [ 27.803626074309896, 47.158057816308769 ], [ 27.802129412800003, 47.156743918452186 ], [ 27.80150656000831, 47.155995305204968 ], [ 27.801112090013945, 47.15505396342094 ], [ 27.80136093842621, 47.153666611893641 ], [ 27.801734298900719, 47.15249829827205 ], [ 27.801251995199053, 47.152018556604411 ], [ 27.800457352866871, 47.151519817607607 ], [ 27.799939551330169, 47.151479234481421 ], [ 27.799005214735793, 47.151661247646921 ], [ 27.798192837097282, 47.152504397895754 ], [ 27.797739571538784, 47.152974818619704 ], [ 27.797036475342782, 47.153269543528381 ], [ 27.796376148997972, 47.153448214509453 ], [ 27.794887554702573, 47.153451014119717 ], [ 27.792872489825733, 47.153574432876937 ], [ 27.791629175362665, 47.153803696488346 ], [ 27.79035351994785, 47.153924768399605 ], [ 27.789503640136807, 47.153908141076656 ], [ 27.788816485499716, 47.153791903796105 ], [ 27.788052711534529, 47.153511486831064 ], [ 27.787253604146347, 47.15311238024097 ], [ 27.786115270571209, 47.152057766250273 ], [ 27.785069294880621, 47.151088671315492 ], [ 27.784453592296209, 47.150280325074135 ], [ 27.784141556095108, 47.149730002877789 ], [ 27.784163479808559, 47.149186813957279 ], [ 27.784321069269176, 47.148317560243072 ], [ 27.784889888279633, 47.147653041980256 ], [ 27.785580692277549, 47.14727778312745 ], [ 27.786535905360825, 47.146935991945277 ], [ 27.787603645705879, 47.146831760322243 ], [ 27.788634706639961, 47.147047855770481 ], [ 27.789558276319333, 47.147427980105107 ], [ 27.791082104752142, 47.148300587010276 ], [ 27.792398214986818, 47.149318444694991 ], [ 27.793418626718704, 47.149640401928608 ], [ 27.794542583584857, 47.149658321400167 ], [ 27.79474399492458, 47.149597522897665 ], [ 27.795570692905414, 47.14934797189084 ], [ 27.796329465201463, 47.148782021497453 ], [ 27.796550346597993, 47.148557372774619 ], [ 27.79757918746779, 47.147510954143641 ], [ 27.799913368827866, 47.144550662099597 ], [ 27.800250495408086, 47.143411036216058 ], [ 27.799957423945585, 47.142265754798338 ], [ 27.799377141247046, 47.141677313373336 ], [ 27.798715330483322, 47.141391177584552 ], [ 27.797610145619345, 47.141417936316984 ], [ 27.797347560846184, 47.141516928874857 ], [ 27.796391257174108, 47.141877439541446 ], [ 27.795358294810448, 47.142266834116789 ], [ 27.793961378480436, 47.142621888810815 ], [ 27.791173897353232, 47.143037894479768 ], [ 27.786291404582737, 47.14442247293308 ], [ 27.784097605031935, 47.144716490239233 ], [ 27.782317775994262, 47.144538540008639 ], [ 27.781441168858336, 47.14433052681057 ], [ 27.781054796402103, 47.144007777558869 ], [ 27.780876143019572, 47.143609277870695 ], [ 27.7808141346562, 47.143156410293344 ], [ 27.780949288780626, 47.142652240278167 ], [ 27.78184541032681, 47.141907757991 ], [ 27.782878881451303, 47.141251357862224 ], [ 27.784277824431147, 47.140728105469528 ], [ 27.786297450444934, 47.140466920319888 ], [ 27.789936404404234, 47.140292796623534 ], [ 27.791309160692123, 47.140126829140137 ], [ 27.794301813471566, 47.139496666569165 ], [ 27.796306517365124, 47.138950102475832 ], [ 27.800097806644153, 47.138060554685495 ], [ 27.804070312845042, 47.137691718216985 ], [ 27.80844139868443, 47.137776738557555 ], [ 27.813204052945956, 47.138244166272756 ], [ 27.814644337977835, 47.138255583923673 ], [ 27.816571526064756, 47.138033057565366 ], [ 27.818032244662692, 47.137506011031988 ], [ 27.819477278910973, 47.136494533314796 ], [ 27.820724466318214, 47.135621496560105 ], [ 27.821977145659773, 47.135264691532328 ], [ 27.82315537453761, 47.135103092474701 ], [ 27.824104652903102, 47.135212718468509 ], [ 27.824940600592839, 47.135538654487895 ], [ 27.826180023347664, 47.13639057499865 ], [ 27.828503031484903, 47.138287453463413 ], [ 27.829589538587243, 47.138785497438377 ], [ 27.830794227149369, 47.138755994467665 ], [ 27.831524847864433, 47.138406043357492 ], [ 27.83168674806414, 47.137970407933075 ], [ 27.831254229582427, 47.137330182576541 ], [ 27.830282169240622, 47.136603554583075 ], [ 27.829500677868104, 47.136019357729147 ], [ 27.829213217487677, 47.135513618289927 ], [ 27.829229758884399, 47.135088185433787 ], [ 27.829270809901043, 47.134805173555236 ], [ 27.829311860473588, 47.134522160740666 ], [ 27.829998375706708, 47.13388176865157 ], [ 27.83068502793731, 47.133402786816468 ], [ 27.831731908224086, 47.133122879869354 ], [ 27.833134672814545, 47.132951881222603 ], [ 27.835374229521797, 47.133155953038418 ], [ 27.838402276077748, 47.13392793733076 ], [ 27.839792114666331, 47.134644232591789 ], [ 27.841006778294737, 47.13535817656097 ], [ 27.841857641540248, 47.135629462954789 ], [ 27.842787721559709, 47.135540565168476 ], [ 27.844978874132366, 47.134019818494806 ], [ 27.846535419433092, 47.133104863660776 ], [ 27.84952447017589, 47.131152714347401 ], [ 27.850455809799087, 47.130063017858255 ], [ 27.851072954127773, 47.128873888839657 ], [ 27.851734526207334, 47.127866467737611 ], [ 27.851706061800087, 47.127329239997025 ], [ 27.851335651515978, 47.126189053982841 ], [ 27.850701487353579, 47.125104344390529 ], [ 27.849584786766133, 47.123899141437242 ], [ 27.848397482631611, 47.123010283253258 ], [ 27.847129725448962, 47.122530163476362 ], [ 27.846133504105207, 47.122357133857825 ], [ 27.845118393250033, 47.122467757030137 ], [ 27.844316174996003, 47.122906495841889 ], [ 27.843984864963904, 47.12388602585176 ], [ 27.844139938891896, 47.125532522748131 ], [ 27.843252805229202, 47.12742548422257 ], [ 27.842172001453783, 47.128975995927931 ], [ 27.841067416767864, 47.129653985567465 ], [ 27.839714261558516, 47.130072488215937 ], [ 27.838761084514132, 47.130114528540339 ], [ 27.838191669223278, 47.129829666961129 ], [ 27.837808552246468, 47.129424949700329 ], [ 27.837670385631878, 47.128952437813929 ], [ 27.837704583151993, 47.128471175180202 ], [ 27.837640870812514, 47.12799131165977 ], [ 27.83735907089741, 47.127319862661793 ], [ 27.836690319976199, 47.126546704695237 ], [ 27.835475435406742, 47.125876362763108 ], [ 27.833887301262845, 47.125000027081377 ], [ 27.832368972547336, 47.12464425846877 ], [ 27.828922183489897, 47.124057948546003 ], [ 27.827387497666031, 47.12367712431238 ], [ 27.826258960056204, 47.123194200874174 ], [ 27.825780540111669, 47.122787514487655 ], [ 27.82560247688922, 47.122174248755499 ], [ 27.825895139634213, 47.121581828781302 ], [ 27.826169344986514, 47.121376657907831 ], [ 27.826830438480002, 47.120881993501115 ], [ 27.827474823800969, 47.120399817632787 ], [ 27.827943227438194, 47.119830841956286 ], [ 27.829125202145196, 47.118021213611691 ], [ 27.831142628383258, 47.116596716140741 ], [ 27.832931377431589, 47.115708164299754 ], [ 27.835633843220524, 47.115002661615726 ], [ 27.838191383075564, 47.114777155287463 ], [ 27.840523232161406, 47.114789579892665 ], [ 27.843789406017446, 47.11412813389952 ], [ 27.846320672821204, 47.113615442183388 ], [ 27.848906320393954, 47.113250584963197 ], [ 27.851762447971449, 47.113004753964447 ], [ 27.854400712028585, 47.113020955633502 ], [ 27.856107795375351, 47.11280443669984 ], [ 27.857076770425934, 47.112466683297775 ], [ 27.857307029193173, 47.111996108765979 ], [ 27.856822106651432, 47.111194559389702 ], [ 27.855472806081799, 47.110135447920889 ], [ 27.854683080642346, 47.109515539113559 ], [ 27.854266696687738, 47.108744714890641 ], [ 27.854275974677524, 47.107923166357502 ], [ 27.855135658091648, 47.106745065815552 ], [ 27.85718656437243, 47.104858493746391 ], [ 27.858679387146161, 47.104044545543935 ], [ 27.859900746792718, 47.103542791961438 ], [ 27.861075693292776, 47.103334386861263 ], [ 27.862531798437338, 47.103477625805304 ], [ 27.863724179720396, 47.103780132423829 ], [ 27.864408174477827, 47.104394086136708 ], [ 27.864367373657849, 47.104906468560145 ], [ 27.863805628188175, 47.105677489812187 ], [ 27.86349785809163, 47.10701999444516 ], [ 27.863799133594462, 47.107817769071332 ], [ 27.864782097341948, 47.108295643314172 ], [ 27.866446096506316, 47.108321602625331 ], [ 27.868633367987762, 47.107860538967749 ], [ 27.870527462674733, 47.107964577375832 ], [ 27.872598118227742, 47.108234375155114 ], [ 27.873849929831319, 47.108189958795826 ], [ 27.874749870894746, 47.107928485792506 ], [ 27.875292829663771, 47.107536425542619 ], [ 27.875523842006498, 47.107020426135897 ], [ 27.875287344118689, 47.106341147606933 ], [ 27.874743961885571, 47.105749666902199 ], [ 27.873813450085603, 47.105058300260538 ], [ 27.872697241723706, 47.104727438191851 ], [ 27.871813898361076, 47.10457008851445 ], [ 27.87090114694908, 47.104558538960553 ], [ 27.870009064163625, 47.104690925460822 ], [ 27.86909786806385, 47.104729104773448 ], [ 27.868053875675209, 47.104527830726234 ], [ 27.867427261763744, 47.104235993628592 ], [ 27.867003025762813, 47.103910669220056 ], [ 27.866699030214232, 47.10344384352176 ], [ 27.866798531571547, 47.102801922993855 ], [ 27.86713744505542, 47.102489914414456 ], [ 27.867485938349965, 47.102253566769853 ], [ 27.868000959996433, 47.10211934218168 ], [ 27.868549439149874, 47.102081572056498 ], [ 27.869076660641561, 47.102191514630746 ], [ 27.869516806102368, 47.102628173029672 ], [ 27.869916698233979, 47.103024891113471 ], [ 27.870633753945217, 47.103260746395037 ], [ 27.872071844669488, 47.103352132755468 ], [ 27.873137414142384, 47.103352675015799 ], [ 27.874178896473563, 47.103198852519398 ], [ 27.875129481786178, 47.102790790300297 ], [ 27.876395752729668, 47.102247191748354 ], [ 27.877207864238247, 47.10158371080469 ], [ 27.87817454350677, 47.100793921551933 ], [ 27.879612319573287, 47.100009600941533 ], [ 27.880666544799848, 47.099591483860941 ], [ 27.882106979661231, 47.099442652969472 ], [ 27.883145483018087, 47.099230783933095 ], [ 27.883685331771463, 47.098964941344732 ], [ 27.883998009837857, 47.098563719637312 ], [ 27.883886194903408, 47.09782095728167 ], [ 27.88335276460721, 47.096727797485144 ], [ 27.882582835474381, 47.095963349191734 ], [ 27.881004309865663, 47.094800668384515 ], [ 27.880244988634601, 47.093994847433642 ], [ 27.879830611177979, 47.093334415703119 ], [ 27.879567951199128, 47.092557298417653 ], [ 27.879635292600906, 47.091761074813071 ], [ 27.880327580484337, 47.091017516167284 ], [ 27.881344872192159, 47.09059366926742 ], [ 27.882748264033651, 47.090120330049508 ], [ 27.884511701320363, 47.089837219157133 ], [ 27.88630658913787, 47.09026909741587 ], [ 27.887243736313515, 47.090553070553611 ], [ 27.888122035826921, 47.090671526766563 ], [ 27.888834472484245, 47.090596785845932 ], [ 27.889573127605107, 47.090266644062417 ], [ 27.890527493631012, 47.089525509680264 ], [ 27.891376103258406, 47.088676957756903 ], [ 27.892929516536903, 47.087302454787711 ], [ 27.893997092394173, 47.086292802385067 ], [ 27.894756189915903, 47.085459749853399 ], [ 27.895462040933136, 47.084127083785276 ], [ 27.896309560253716, 47.081995567474301 ], [ 27.896896876739039, 47.079950679808292 ], [ 27.897061790637586, 47.077697221137974 ], [ 27.896978951001088, 47.075839737077132 ], [ 27.896923040667208, 47.07458598329211 ], [ 27.897658354479578, 47.073436635684686 ], [ 27.898261187225469, 47.073122818247498 ], [ 27.899812003039489, 47.073188487490327 ], [ 27.901525419646386, 47.074063610495507 ], [ 27.902776340539916, 47.075249262162529 ], [ 27.903388191969473, 47.076132049411875 ], [ 27.904215072846092, 47.076645883431297 ], [ 27.905238820742241, 47.076952478621671 ], [ 27.906087387852534, 47.076680139503324 ], [ 27.906582409858473, 47.076273353783428 ], [ 27.907238933532724, 47.075114522542776 ], [ 27.907907196107736, 47.074353870201236 ], [ 27.909484371885771, 47.073151913509953 ], [ 27.910935112298578, 47.07204624637189 ], [ 27.912875646988187, 47.070832444510565 ], [ 27.913932234583914, 47.070023770921587 ], [ 27.914581652257805, 47.069276834092484 ], [ 27.916067154077616, 47.067238626196833 ], [ 27.916540585561943, 47.066965996265409 ], [ 27.917414459370711, 47.066957204237788 ], [ 27.91839970418615, 47.067390560982965 ], [ 27.919513239587278, 47.068039830974207 ], [ 27.920105054841446, 47.068204182799754 ], [ 27.920872249425724, 47.068224093863726 ], [ 27.921633680831942, 47.068156950856917 ], [ 27.92280975002134, 47.067917005744839 ], [ 27.923989142362881, 47.067450715244924 ], [ 27.92502106703888, 47.066842723466742 ], [ 27.925872361217483, 47.066035604472361 ], [ 27.926942267241198, 47.065021175972539 ], [ 27.928729266589379, 47.063526388178929 ], [ 27.931623059589143, 47.062166186266921 ], [ 27.933485926463302, 47.061946198281319 ], [ 27.935180349206778, 47.062022682839313 ], [ 27.936942375154189, 47.062270099208462 ], [ 27.93782613138152, 47.062600026271205 ], [ 27.938621436690955, 47.063022166891578 ], [ 27.9390795954161, 47.063634973463159 ], [ 27.939342242407818, 47.064394467013607 ], [ 27.939093210408263, 47.06535052484908 ], [ 27.939095543874004, 47.065838844957298 ], [ 27.939266676054867, 47.066126709719732 ], [ 27.939685582932626, 47.066247585756123 ], [ 27.940223702827073, 47.066166861316027 ], [ 27.940761777576455, 47.065955815059844 ], [ 27.941233788057499, 47.065347965431513 ], [ 27.942088998148368, 47.064438128561825 ], [ 27.942622390630671, 47.063690425685877 ], [ 27.943261151033802, 47.06279498775492 ], [ 27.943970188098668, 47.061331578212659 ], [ 27.944407836228052, 47.060775586407445 ], [ 27.945204823741108, 47.060326413914424 ], [ 27.946032586808158, 47.060085181976326 ], [ 27.947144134272353, 47.05998375996537 ], [ 27.948408796415759, 47.060017886877255 ], [ 27.949549438394598, 47.059915698670437 ], [ 27.950858509355211, 47.059696291434044 ], [ 27.955105560821202, 47.05868277676413 ], [ 27.95695843934627, 47.058240546103399 ], [ 27.958577657035359, 47.057661687093898 ], [ 27.95946551479064, 47.057126592398248 ], [ 27.960032915420506, 47.05641657827465 ], [ 27.960352281992567, 47.055763117736397 ], [ 27.960214488319895, 47.05508063677199 ], [ 27.960117050086456, 47.054598020829125 ], [ 27.959653519203993, 47.054227891783178 ], [ 27.958980411630979, 47.054067490930038 ], [ 27.957647341245668, 47.053906421911073 ], [ 27.956300115520779, 47.053815769859817 ], [ 27.954825367375101, 47.054164638979223 ], [ 27.952739008155056, 47.054658153014749 ], [ 27.951918705032451, 47.054720259013472 ], [ 27.950987109163179, 47.054558113352201 ], [ 27.949037108288021, 47.053756173681244 ], [ 27.946418059552279, 47.052967245765494 ], [ 27.945646296571098, 47.052656764916257 ], [ 27.944777080981751, 47.052058973130762 ], [ 27.944313836742278, 47.051579322040155 ], [ 27.944060182821023, 47.05098663861984 ], [ 27.944044829647666, 47.050603724715849 ], [ 27.944233336501394, 47.050242984796768 ], [ 27.944595850591167, 47.049870500331359 ], [ 27.945100170902318, 47.049857636479246 ], [ 27.945537988049807, 47.049846467153742 ], [ 27.946386595167095, 47.04953258956634 ], [ 27.947326084564132, 47.048927009255969 ], [ 27.948449910845582, 47.047918701023953 ], [ 27.949498836434071, 47.047387157483037 ], [ 27.950819382338445, 47.047027981375734 ], [ 27.951985208018417, 47.046858706993497 ], [ 27.953278038995613, 47.047058092679777 ], [ 27.954663246108499, 47.047348080304182 ], [ 27.955690634872621, 47.047563146961288 ], [ 27.95726061414544, 47.048324700221201 ], [ 27.959051712383548, 47.048807170534616 ], [ 27.961044868127019, 47.049344026067615 ], [ 27.96295450343991, 47.04961326547857 ], [ 27.964067800320553, 47.04936618071784 ], [ 27.964382696891388, 47.049037135952815 ], [ 27.964236868962825, 47.04836724555382 ], [ 27.963378363595343, 47.047412989724023 ], [ 27.962337361897472, 47.04684861468585 ], [ 27.961335439107703, 47.046641868315582 ], [ 27.959764973602951, 47.046736934273092 ], [ 27.958875274627793, 47.046666285621491 ], [ 27.958331777832839, 47.046369014320476 ], [ 27.957955817123501, 47.045968586811512 ], [ 27.958137277666552, 47.044302334781435 ], [ 27.958306551268045, 47.042747915469313 ], [ 27.958753180350314, 47.041964942162771 ], [ 27.959653032549301, 47.041198030348028 ], [ 27.960421864451483, 47.041052128056528 ], [ 27.960836540053641, 47.041353643040154 ], [ 27.960856692404043, 47.041897726686798 ], [ 27.960992535071746, 47.042434005378851 ], [ 27.961775929387155, 47.04307625414318 ], [ 27.963533353769087, 47.043602319442492 ], [ 27.966567252273563, 47.04429480852788 ], [ 27.969337950105775, 47.044780215017049 ], [ 27.971050170775484, 47.044835785174108 ], [ 27.972731298090366, 47.044606914659639 ], [ 27.974276397184092, 47.044099542636246 ], [ 27.97535985664803, 47.04338984937003 ], [ 27.976065770876701, 47.042686748850436 ], [ 27.976221473157324, 47.042164696919301 ], [ 27.976164209961549, 47.041302778182718 ], [ 27.976354624389288, 47.0400459444813 ], [ 27.976936598578234, 47.038846658617352 ], [ 27.977667567162587, 47.037686117991058 ], [ 27.978667464341839, 47.036813720302575 ], [ 27.980225451516343, 47.035782734352594 ], [ 27.981703330111792, 47.035217041458012 ], [ 27.984261016909901, 47.03445737996681 ], [ 27.985904672139004, 47.034282043634185 ], [ 27.986927890438412, 47.034525027795446 ], [ 27.987039640347135, 47.0349374001173 ], [ 27.987082300659257, 47.035094821489814 ], [ 27.987210281791121, 47.035567084581977 ], [ 27.987450871753328, 47.036454826438018 ], [ 27.988256007439624, 47.037366439249958 ], [ 27.989306479276372, 47.037920075279679 ], [ 27.990225983177229, 47.038192284444072 ], [ 27.99130135297192, 47.038073341356885 ], [ 27.992457117913347, 47.037603142481224 ], [ 27.99396928742085, 47.036887919631646 ], [ 27.99492737064071, 47.036255841893841 ], [ 27.995831673268828, 47.035392451776751 ], [ 27.99605832425317, 47.034878022665382 ], [ 27.996125429384463, 47.033975875043403 ], [ 27.995690735677091, 47.032791670985006 ], [ 27.994737538570526, 47.031459869358883 ], [ 27.994535193553045, 47.030787683411859 ], [ 27.994427145816786, 47.030105391590773 ], [ 27.994558441961569, 47.029425008458801 ], [ 27.9950385475919, 47.02895690745212 ], [ 27.996114263257315, 47.028922347328823 ], [ 27.997270149955028, 47.029064304431593 ], [ 27.998853141161376, 47.028724317094976 ], [ 27.999627457507213, 47.028520673311917 ], [ 28.000401767899522, 47.028317024390468 ], [ 28.005739082074161, 47.027084890475848 ], [ 28.008353451316609, 47.026266275490372 ], [ 28.010954129601814, 47.025247053507961 ], [ 28.013207614692227, 47.02421608132358 ], [ 28.015449619420266, 47.023513288187253 ], [ 28.018033380722848, 47.023020688914912 ], [ 28.019681473449712, 47.022951254751526 ], [ 28.021548888250543, 47.023164253372038 ], [ 28.023031129013916, 47.023457513533536 ], [ 28.023939552336298, 47.024077956394365 ], [ 28.02427011694617, 47.024779948448739 ], [ 28.024218552662074, 47.025418897547553 ], [ 28.023898457451093, 47.02706942106002 ], [ 28.023890531788485, 47.027729231834876 ], [ 28.024510792675191, 47.028576385320093 ], [ 28.02639050511533, 47.029938456163343 ], [ 28.027621967424636, 47.030365471780641 ], [ 28.028774105902503, 47.030481364344546 ], [ 28.02993561332573, 47.030424095143708 ], [ 28.031063385625583, 47.03022559463458 ], [ 28.032118799043801, 47.030147391606356 ], [ 28.033552818965809, 47.030269106710627 ], [ 28.034640486500987, 47.030361416436008 ], [ 28.035281769706227, 47.030283433422937 ], [ 28.035996529428346, 47.029872780282119 ], [ 28.037075367345686, 47.029139134689338 ], [ 28.037943782010316, 47.028548568740625 ], [ 28.038648191499053, 47.027863454332561 ], [ 28.039030764980449, 47.026968984174225 ], [ 28.039752936138207, 47.025872359050183 ], [ 28.040195741319437, 47.024944148504524 ], [ 28.04042930727503, 47.023640383285468 ], [ 28.040321038073152, 47.022407886604398 ], [ 28.040510472605185, 47.021462685720593 ], [ 28.041027847402049, 47.02082473729871 ], [ 28.041994030604943, 47.020228095431598 ], [ 28.043072112281116, 47.020066838283071 ], [ 28.043869287651589, 47.020307258058466 ], [ 28.044407780185516, 47.02077564388189 ], [ 28.045134214878249, 47.021898010623232 ], [ 28.045287013306346, 47.023120950316688 ], [ 28.045632469545893, 47.024104841933735 ], [ 28.04612846592174, 47.024765877485891 ], [ 28.047243423076221, 47.025116682744134 ], [ 28.048011399177444, 47.024963567932303 ], [ 28.048706980473177, 47.024559981672844 ], [ 28.049581638661515, 47.023374587512109 ], [ 28.050883194773537, 47.021523449813678 ], [ 28.052251500326857, 47.019577240971209 ], [ 28.053111211320488, 47.017367383875381 ], [ 28.053746053237738, 47.015735451552786 ], [ 28.053919993752654, 47.014267314647014 ], [ 28.053213471899497, 47.01350609003147 ], [ 28.052816828847909, 47.013357177614942 ], [ 28.052025554038313, 47.01338949259695 ], [ 28.051209880307802, 47.01367673496194 ], [ 28.050216163635838, 47.014837780581026 ], [ 28.049138050964558, 47.016097377401834 ], [ 28.047187775210308, 47.01762961062277 ], [ 28.045774017799832, 47.018377589397808 ], [ 28.044219981955084, 47.018981563703932 ], [ 28.042610387975234, 47.019262185831387 ], [ 28.041314966018739, 47.019183421277724 ], [ 28.039580269371299, 47.018845572295469 ], [ 28.03783747170565, 47.018061251177826 ], [ 28.036847347626324, 47.017370009950085 ], [ 28.035755236878021, 47.016208700688097 ], [ 28.03495212196356, 47.015180195839726 ], [ 28.033620279815203, 47.014278746599558 ], [ 28.032873796683983, 47.013522952182612 ], [ 28.032278484550922, 47.012391008113653 ], [ 28.03212846523224, 47.011620722856364 ], [ 28.032613644639842, 47.010918061723622 ], [ 28.033728245724365, 47.01038318013309 ], [ 28.034776713657884, 47.010043453086503 ], [ 28.03566941233268, 47.010028271597037 ], [ 28.035990818656234, 47.01031964498452 ], [ 28.03604066610502, 47.011009065479982 ], [ 28.036496893329392, 47.01162476416566 ], [ 28.037259993349576, 47.012076471808456 ], [ 28.038289583964925, 47.012291496707491 ], [ 28.039192229674647, 47.012169048393261 ], [ 28.040011781732893, 47.01175276018197 ], [ 28.041640874254625, 47.010337196846457 ], [ 28.042550571793257, 47.00954669036544 ], [ 28.043460243318435, 47.008756185817106 ], [ 28.043289399734054, 47.007945896571933 ], [ 28.042740267002305, 47.007218485375617 ], [ 28.042157659655778, 47.007150502652017 ], [ 28.041415479601127, 47.007542006785414 ], [ 28.040673288230849, 47.007933497237836 ], [ 28.040208954530243, 47.007929368791153 ], [ 28.039862023669698, 47.007873984837893 ], [ 28.039473107618726, 47.007664107379739 ], [ 28.039478783547949, 47.00732527403148 ], [ 28.039841259018587, 47.006914336458244 ], [ 28.040085366340861, 47.006560914358595 ], [ 28.040748698264693, 47.006241978302349 ], [ 28.042199773872376, 47.005826786937135 ], [ 28.043024940934192, 47.005590667392134 ], [ 28.043755977273928, 47.005238120704725 ], [ 28.044425647289049, 47.004685480588471 ], [ 28.044908689463266, 47.003977257160287 ], [ 28.04534768773302, 47.003600382209278 ], [ 28.045901387193695, 47.003302480392279 ], [ 28.047100976074734, 47.002734313334912 ], [ 28.049474634274862, 47.001685792784549 ], [ 28.050921717964123, 47.001290781783545 ], [ 28.052108921217826, 47.001258440146195 ], [ 28.053058135433023, 47.001399368278364 ], [ 28.053401489745312, 47.001808712319971 ], [ 28.053493848490227, 47.002154957941926 ], [ 28.053586208473824, 47.002501203437369 ], [ 28.053091503266721, 47.00311843777488 ], [ 28.052126896755986, 47.00380838451504 ], [ 28.051162265112989, 47.004498314346947 ], [ 28.050884191429848, 47.005042981868662 ], [ 28.051182909701165, 47.005692607952291 ], [ 28.051743524475075, 47.005996586205754 ], [ 28.052447333141743, 47.006084256530038 ], [ 28.053437385002319, 47.005918574537532 ], [ 28.054277575260084, 47.005523875085963 ], [ 28.055400576755378, 47.004598037145371 ], [ 28.055976290399535, 47.003764617677973 ], [ 28.056225376429467, 47.003193469326234 ], [ 28.056222759712636, 47.002597449734552 ], [ 28.056062055877369, 47.002011656378883 ], [ 28.055448003637554, 47.001287957212753 ], [ 28.0548438696161, 47.000686038023545 ], [ 28.054502417246816, 47.000433201108073 ], [ 28.054313552366896, 47.000182021521312 ], [ 28.054431821835212, 46.99982213197282 ], [ 28.05472407984654, 46.999475123995246 ], [ 28.055582109150688, 46.999296256718125 ], [ 28.057204618857781, 46.998958001254913 ], [ 28.058827107716827, 46.998619723188149 ], [ 28.061524215391053, 46.997790812559998 ], [ 28.064469938843402, 46.996694761350817 ], [ 28.067150662337987, 46.995547570592947 ], [ 28.070861066629117, 46.993837412818422 ], [ 28.073286251327811, 46.992637094290274 ], [ 28.074115396853848, 46.992289560862396 ], [ 28.074944531617671, 46.991942021567006 ], [ 28.077582297710649, 46.991240718874991 ], [ 28.079652689053447, 46.990979577203511 ], [ 28.080801896720626, 46.990716430512073 ], [ 28.081820014397671, 46.990266709968822 ], [ 28.082380858536677, 46.989824112664067 ], [ 28.082475605963815, 46.989104266640666 ], [ 28.08213427977249, 46.98822296384779 ], [ 28.081508984244401, 46.987635263840332 ], [ 28.080373113013863, 46.98728037490671 ], [ 28.07945273972566, 46.987083897051143 ], [ 28.078532372960034, 46.986887411761984 ], [ 28.077893806375556, 46.986406315978471 ], [ 28.077671881870621, 46.986086786682122 ], [ 28.07772413915168, 46.985938646317443 ], [ 28.077895350134241, 46.98545328253936 ], [ 28.077939144066928, 46.985329130105633 ], [ 28.078035709514964, 46.985256004039044 ], [ 28.078154529163072, 46.985081917472534 ], [ 28.078509899664606, 46.98507486613719 ], [ 28.079792085533228, 46.98510652642323 ], [ 28.080741846154712, 46.985155513225578 ], [ 28.081497637822153, 46.985200311949988 ], [ 28.082290594888335, 46.98523025106077 ], [ 28.082900183518813, 46.985190652346276 ], [ 28.083338342785272, 46.985154641271315 ], [ 28.084124668925764, 46.984987815916348 ], [ 28.084627890903917, 46.984900556667611 ], [ 28.085174738181131, 46.984743452619597 ], [ 28.08558627847707, 46.984589248503646 ], [ 28.086049839277422, 46.984362637928008 ], [ 28.086599136244665, 46.983997641494398 ], [ 28.08693480682598, 46.983749513718884 ], [ 28.087184333812292, 46.983561387293427 ], [ 28.088139058821728, 46.982553874155329 ], [ 28.08829680810047, 46.982258120564062 ], [ 28.088546747656011, 46.981983034502335 ], [ 28.088823918292629, 46.981744929270022 ], [ 28.089240084344713, 46.981508861638233 ], [ 28.089663326145498, 46.9812609012968 ], [ 28.090205837384381, 46.981056458315187 ], [ 28.090698423596834, 46.980869102180307 ], [ 28.091086615519018, 46.980758165814564 ], [ 28.091884607343783, 46.980543896864916 ], [ 28.092203925557502, 46.98038304930563 ], [ 28.092565490658259, 46.980294153828396 ], [ 28.093339836837867, 46.980048287323193 ], [ 28.093976284627182, 46.979856519089914 ], [ 28.094596689918998, 46.979669406091219 ], [ 28.09509812945171, 46.979535973969298 ], [ 28.09552502516334, 46.979345677942966 ], [ 28.095882283695278, 46.979135827769944 ], [ 28.09614079759822, 46.978947077019804 ], [ 28.096206494885749, 46.97877394348739 ], [ 28.096353946683966, 46.978558744736389 ], [ 28.096375121823023, 46.978262684402196 ], [ 28.096268725858032, 46.97747997067075 ], [ 28.096251666389442, 46.977234980688998 ], [ 28.096146074653042, 46.976950517780679 ], [ 28.095993062155454, 46.976662375364647 ], [ 28.095787412422133, 46.976396436747422 ], [ 28.095292973675217, 46.975960486384231 ], [ 28.094878191944662, 46.975650024319123 ], [ 28.094423942516379, 46.975350698410047 ], [ 28.093879512393038, 46.975014998771698 ], [ 28.093563884712452, 46.974849122319888 ], [ 28.093203461517536, 46.974695516951904 ], [ 28.092797922495155, 46.974514048214417 ], [ 28.09238287261412, 46.974402949429432 ], [ 28.092204147733941, 46.974379656016488 ], [ 28.09198457779577, 46.974350352106519 ], [ 28.091163196092509, 46.974285147589924 ], [ 28.090352069272203, 46.974229115830326 ], [ 28.089943932140532, 46.974183614725611 ], [ 28.089139537694805, 46.974107326440517 ], [ 28.088756807408927, 46.974066902034778 ], [ 28.08798598248287, 46.973889884149671 ], [ 28.087280059918125, 46.973626613230678 ], [ 28.086912248006026, 46.973495054975437 ], [ 28.086269259030058, 46.973182300755198 ], [ 28.085394618635625, 46.972609952431505 ], [ 28.085128769604395, 46.972412387231657 ], [ 28.084664459639502, 46.971933013118189 ], [ 28.084557328290746, 46.971647951318445 ], [ 28.084467193215609, 46.971100785447682 ], [ 28.084452942177126, 46.970825658830925 ], [ 28.084592118635037, 46.970271552609439 ], [ 28.084692894062279, 46.970002980517279 ], [ 28.084823195146626, 46.96973334956148 ], [ 28.085155295139685, 46.969244374563289 ], [ 28.085331910312917, 46.968982322920759 ], [ 28.085719093144899, 46.968481883804962 ], [ 28.085870608657483, 46.968222484590498 ], [ 28.085998667908616, 46.96795984244207 ], [ 28.086135741028517, 46.967417579683634 ], [ 28.086225255405406, 46.966583530719866 ], [ 28.086208625633045, 46.96629226640551 ], [ 28.085879903530692, 46.965511078303884 ], [ 28.085666472310432, 46.965261532249215 ], [ 28.085337739687787, 46.965085721200879 ], [ 28.084995157709706, 46.964938994261217 ], [ 28.084593278658769, 46.964877468554263 ], [ 28.08379373603243, 46.964883548786524 ], [ 28.083393295181974, 46.964920984281783 ], [ 28.08258743141587, 46.965035321300228 ], [ 28.082189626193003, 46.965022098837686 ], [ 28.08140381722297, 46.964874785488554 ], [ 28.079649439526399, 46.964210413948628 ], [ 28.079308976993183, 46.964052093043385 ], [ 28.079004352755156, 46.963872022213991 ], [ 28.078747544835238, 46.963658814898501 ], [ 28.078529260296708, 46.963418026189615 ], [ 28.078331878014811, 46.963341028981326 ], [ 28.07838259252355, 46.963151201409836 ], [ 28.078471316654536, 46.962589807897984 ], [ 28.078504919833051, 46.962321054445987 ], [ 28.078619535961018, 46.962048244865301 ], [ 28.078951735775036, 46.96154011460694 ], [ 28.080275390312131, 46.959861264117293 ], [ 28.081138167644205, 46.958945359046524 ], [ 28.081693032104038, 46.958541259411156 ], [ 28.081961819210758, 46.958351363096753 ], [ 28.082261141171767, 46.958113670515331 ], [ 28.082501118606668, 46.957958025951029 ], [ 28.083116820153844, 46.957549231930997 ], [ 28.083763060613229, 46.95717580035793 ], [ 28.084486846587719, 46.956841515731625 ], [ 28.085227822833716, 46.956566797971725 ], [ 28.08600258009486, 46.956324292806478 ], [ 28.086399087556746, 46.956230696759725 ], [ 28.086825829447502, 46.956157711594706 ], [ 28.087684197254532, 46.956115923873931 ], [ 28.088550349949564, 46.956099933980141 ], [ 28.088973304090459, 46.956101116521985 ], [ 28.089835607324009, 46.956183415154122 ], [ 28.090655337070984, 46.956288898920157 ], [ 28.091062176556324, 46.956366923744028 ], [ 28.091834292201835, 46.95657070036907 ], [ 28.092204644945596, 46.956642768860036 ], [ 28.092696088182258, 46.956756498690623 ], [ 28.093140613295372, 46.956824503254531 ], [ 28.093514221489073, 46.956716735719418 ], [ 28.093681008108234, 46.956451965215614 ], [ 28.093757355320889, 46.956159735674021 ], [ 28.093821686277764, 46.955861980671962 ], [ 28.093835681751152, 46.955564401318796 ], [ 28.093804436179884, 46.955289371592862 ], [ 28.093647073753644, 46.954714760534074 ], [ 28.093380048342596, 46.954148671081221 ], [ 28.093202726873393, 46.953882148566969 ], [ 28.092733447243148, 46.953406269079892 ], [ 28.092204814885079, 46.952931258193153 ], [ 28.091965587735125, 46.952758920295906 ], [ 28.091705373111424, 46.952534488976809 ], [ 28.091211469315702, 46.952098688227032 ], [ 28.090709232632566, 46.951620532086324 ], [ 28.090489416662063, 46.951371346415968 ], [ 28.090314640601992, 46.951103038544403 ], [ 28.089836686218888, 46.949995895534798 ], [ 28.089705580828042, 46.949412836762725 ], [ 28.089653581403947, 46.948822434464475 ], [ 28.089637280075426, 46.948537102323805 ], [ 28.089672102500206, 46.948247069331281 ], [ 28.089799699113716, 46.947956798100066 ], [ 28.08998022146616, 46.947711735559935 ], [ 28.090195716726143, 46.947453131028105 ], [ 28.090522172814282, 46.947250421203435 ], [ 28.090881032160091, 46.947106421777256 ], [ 28.091279817873371, 46.947125164741649 ], [ 28.09194204926494, 46.947533501381002 ], [ 28.092204950153967, 46.947665152435299 ], [ 28.092485704236456, 46.948010091629321 ], [ 28.093140948471159, 46.948750912403213 ], [ 28.09360430717879, 46.949259534276379 ], [ 28.094139760180205, 46.94972553347742 ], [ 28.0944510447166, 46.94993292795435 ], [ 28.095206887150496, 46.950237296130027 ], [ 28.095616045875239, 46.95029678994846 ], [ 28.096146170048492, 46.950301909215476 ], [ 28.096749654341519, 46.950080041340364 ], [ 28.097157895997846, 46.949861882874124 ], [ 28.097624011687031, 46.949614626346204 ], [ 28.098190915951839, 46.949167543679927 ], [ 28.098420150416004, 46.948807481231945 ], [ 28.098270047621952, 46.947352953919349 ], [ 28.098135652641851, 46.946773498974785 ], [ 28.097623200433166, 46.945630679970591 ], [ 28.097312777694516, 46.945087004553628 ], [ 28.097167383682674, 46.944797128317127 ], [ 28.097005840603568, 46.94422992549174 ], [ 28.096916129896094, 46.943937021523581 ], [ 28.096821925542503, 46.943044614436985 ], [ 28.096856657696407, 46.942751429462419 ], [ 28.096893459255146, 46.942455395957182 ], [ 28.096765115808939, 46.941864077345706 ], [ 28.096644772802289, 46.941598461291591 ], [ 28.096236364595786, 46.94107343442402 ], [ 28.096013237189638, 46.940812015827483 ], [ 28.095762474074252, 46.940568257338519 ], [ 28.095487871858921, 46.940346474401998 ], [ 28.095026828856668, 46.939978299090463 ], [ 28.094596204228608, 46.939815603211919 ], [ 28.09407931941568, 46.939654141178814 ], [ 28.093685244829384, 46.939555986218195 ], [ 28.093275917820066, 46.939492081659395 ], [ 28.092813928951365, 46.939470092122242 ], [ 28.092205202916841, 46.939508828278967 ], [ 28.092013554482214, 46.939544838848143 ], [ 28.09161138320615, 46.939642840588348 ], [ 28.091215939867674, 46.939782781019623 ], [ 28.090862751517047, 46.939944630078749 ], [ 28.090556211665657, 46.940154822392323 ], [ 28.089989595587749, 46.940620310136779 ], [ 28.08977245065525, 46.940870226948064 ], [ 28.089580148702225, 46.941145669640932 ], [ 28.089448484529335, 46.941415077955611 ], [ 28.089298482854435, 46.941687947570166 ], [ 28.088969006539209, 46.941922508854688 ], [ 28.08858308805176, 46.942043283266052 ], [ 28.088147198060319, 46.941995374747407 ], [ 28.087880511650734, 46.941787491390194 ], [ 28.087727553795059, 46.941495371698437 ], [ 28.087734263249761, 46.941203122217274 ], [ 28.087757946377977, 46.940913565735933 ], [ 28.087825449355961, 46.940627338860118 ], [ 28.087945917349071, 46.940338882610234 ], [ 28.088133245034918, 46.940079775279429 ], [ 28.089735992733644, 46.938665226463641 ], [ 28.089972405072615, 46.938419115245082 ], [ 28.090179429802895, 46.938102594768253 ], [ 28.090294024352847, 46.9377943996749 ], [ 28.090328385965261, 46.937505726050034 ], [ 28.090313484316464, 46.937279398208304 ], [ 28.090219818426398, 46.9369830866558 ], [ 28.089956899128115, 46.936477453543375 ], [ 28.08978626352306, 46.936211555456637 ], [ 28.089479321222459, 46.935864523788837 ], [ 28.089172957563893, 46.935571209015301 ], [ 28.088889260680489, 46.93530887774682 ], [ 28.088517456246397, 46.935148903446461 ], [ 28.088158690974947, 46.935046994094428 ], [ 28.087738171328024, 46.935011813204142 ], [ 28.087368859500163, 46.935148701032247 ], [ 28.087052782283532, 46.935437894951214 ], [ 28.086860752495767, 46.935853917856669 ], [ 28.086646913207836, 46.936341359495252 ], [ 28.086511236445137, 46.936685667828471 ], [ 28.086428139758805, 46.936981941458448 ], [ 28.086319637051737, 46.93727970956418 ], [ 28.086272929140588, 46.937499854305223 ], [ 28.086112180345896, 46.937768689142779 ], [ 28.085899806235368, 46.938047090524066 ], [ 28.085624674242805, 46.938340404525199 ], [ 28.085261491648136, 46.938550659195727 ], [ 28.084889861889984, 46.938700472361738 ], [ 28.084432632336263, 46.938761754616152 ], [ 28.08356396446635, 46.938770228009538 ], [ 28.08314253026796, 46.938726503837714 ], [ 28.082694648732588, 46.938640551123093 ], [ 28.081827076005212, 46.938366087842162 ], [ 28.081427779334753, 46.93816407425053 ], [ 28.081201913197521, 46.93793618452181 ], [ 28.081301133237076, 46.937539484295236 ], [ 28.081442596154883, 46.937279993424525 ], [ 28.081485387465953, 46.937152210569224 ], [ 28.081603668066251, 46.936873358389519 ], [ 28.081883291632085, 46.936365809995436 ], [ 28.082245584629337, 46.935840118898739 ], [ 28.082629230914524, 46.935285682617533 ], [ 28.083118438403009, 46.934808348309062 ], [ 28.083913431244056, 46.93426684859184 ], [ 28.084335176461718, 46.934125417252766 ], [ 28.084840493720996, 46.934080846865683 ], [ 28.085389986201935, 46.934062003326041 ], [ 28.086147574066636, 46.934014817715585 ], [ 28.086763807904504, 46.933949807873816 ], [ 28.087990310214913, 46.933814361171017 ], [ 28.088792586763908, 46.933733017835856 ], [ 28.089664946772384, 46.933664011149027 ], [ 28.090651632615049, 46.933595266403174 ], [ 28.091329487457276, 46.933553332174171 ], [ 28.091718940899689, 46.933543879327367 ], [ 28.092205312424507, 46.933526608357859 ], [ 28.092553827111779, 46.933527431282961 ], [ 28.093408321409278, 46.933564364432037 ], [ 28.094221935253653, 46.933566564614928 ], [ 28.095069813921292, 46.93355902130633 ], [ 28.096768270215371, 46.93348092311853 ], [ 28.097577060084934, 46.933451636662063 ], [ 28.098397037456678, 46.933390543191749 ], [ 28.099241860015947, 46.933322833773495 ], [ 28.100059852078076, 46.933252331923228 ], [ 28.100458122823767, 46.933211110808479 ], [ 28.101220730076076, 46.933073142608833 ], [ 28.10200682547876, 46.932879633880049 ], [ 28.102781620638289, 46.932661038136466 ], [ 28.103126771082092, 46.932518449744336 ], [ 28.103473300763564, 46.93237483128167 ], [ 28.104721658608572, 46.931641418401668 ], [ 28.105001238351601, 46.931423453495981 ], [ 28.105467197261977, 46.930947903838039 ], [ 28.105972274761093, 46.930236112575614 ], [ 28.106183770731977, 46.929921868691217 ], [ 28.106268789404346, 46.929651898839836 ], [ 28.106295655754618, 46.929369271737791 ], [ 28.106243606120017, 46.929096508649792 ], [ 28.106114891001695, 46.928841024878743 ], [ 28.105905450342924, 46.928614267795446 ], [ 28.105585741009786, 46.928448625353681 ], [ 28.105244001328607, 46.92830202780857 ], [ 28.104469871098768, 46.928111988952935 ], [ 28.104092664092317, 46.928059318908538 ], [ 28.103659508367979, 46.928098612080035 ], [ 28.103294153642615, 46.928225186044642 ], [ 28.103026829242147, 46.92843903881748 ], [ 28.102798863121969, 46.928665689285737 ], [ 28.102541683042503, 46.929203204323038 ], [ 28.102378318140513, 46.929436129723335 ], [ 28.102045569773281, 46.9295952148655 ], [ 28.101701823907966, 46.929736773410873 ], [ 28.100939272311688, 46.929895624037286 ], [ 28.100153048391359, 46.930003623687213 ], [ 28.099351956330374, 46.930019581047823 ], [ 28.098960392676275, 46.929982493056471 ], [ 28.098550985260804, 46.9299435421892 ], [ 28.097793393790578, 46.929782983818576 ], [ 28.097057535660436, 46.929542902225187 ], [ 28.096509695829063, 46.929401543158491 ], [ 28.096131009913758, 46.929162304563235 ], [ 28.096048861843542, 46.928893136073761 ], [ 28.096146539224176, 46.928604831165323 ], [ 28.096434107737547, 46.928379111989521 ], [ 28.096685679160377, 46.928146706457653 ], [ 28.096986682617821, 46.927937724538879 ], [ 28.097618035432205, 46.927578289075427 ], [ 28.098294721277508, 46.927232750311958 ], [ 28.098986578407828, 46.926950433008862 ], [ 28.101487553856764, 46.926117849184863 ], [ 28.103332950488596, 46.925572971055757 ], [ 28.104451699797089, 46.925216665305776 ], [ 28.106634072522702, 46.924400287019978 ], [ 28.108114461156298, 46.923899998275409 ], [ 28.111587102141335, 46.923008590117284 ], [ 28.111949942412281, 46.922859826615273 ], [ 28.112266682688944, 46.922695382261331 ], [ 28.112731618785457, 46.922231801293272 ], [ 28.112754255183656, 46.921972147696728 ], [ 28.112719690911899, 46.921709266256165 ], [ 28.112608662455855, 46.921448542841134 ], [ 28.112318369266877, 46.920928304157357 ], [ 28.112181472435591, 46.920676825809871 ], [ 28.111737164050261, 46.920217179026878 ], [ 28.111227075471305, 46.919796839066571 ], [ 28.111014890232436, 46.919565484523602 ], [ 28.109730452150561, 46.91754301050603 ], [ 28.109217291875296, 46.916803303345567 ], [ 28.108806028211678, 46.916446802511324 ], [ 28.108525598322156, 46.916106304156806 ], [ 28.108062250825171, 46.915641037344578 ], [ 28.107604358379874, 46.915213424068952 ], [ 28.107339180290889, 46.914886732107639 ], [ 28.107136690270099, 46.914581032822866 ], [ 28.10693113373507, 46.914469112738352 ], [ 28.106642418972726, 46.914107500453163 ], [ 28.106316452107425, 46.913748961445016 ], [ 28.105975797680369, 46.91349612916256 ], [ 28.105799332856797, 46.913234010253561 ], [ 28.105588083650943, 46.912674722130042 ], [ 28.10545265570542, 46.91221437810831 ], [ 28.105320409487717, 46.911891932974697 ], [ 28.105024218793755, 46.911443030444083 ], [ 28.104658441145141, 46.911031105304822 ], [ 28.104371063437359, 46.910609778014674 ], [ 28.1039586198969, 46.910153384307236 ], [ 28.103382491081025, 46.909815524164586 ], [ 28.103048043371277, 46.909624440930813 ], [ 28.102730557002857, 46.909488614197784 ], [ 28.102336111012139, 46.909373486752266 ], [ 28.10191936851054, 46.909329889557092 ], [ 28.101644953244957, 46.909413958379211 ], [ 28.10122435129156, 46.909731754000376 ], [ 28.100632487366099, 46.910008515296511 ], [ 28.100119441249056, 46.910235183253008 ], [ 28.099695370978349, 46.910371068730043 ], [ 28.099293324263925, 46.910483405806495 ], [ 28.098431966116333, 46.910579557270907 ], [ 28.097672106174052, 46.910588007560868 ], [ 28.096864113507369, 46.910574794856082 ], [ 28.096075717993166, 46.910518295600355 ], [ 28.095308722243665, 46.910424943270854 ], [ 28.09478795569748, 46.910319396087019 ], [ 28.094164373961899, 46.91003271799093 ], [ 28.093839682541251, 46.909846296146746 ], [ 28.093725044316965, 46.909621385244961 ], [ 28.093808763935932, 46.90928223787779 ], [ 28.093891406304564, 46.908896678950711 ], [ 28.094134238116482, 46.908406909919044 ], [ 28.094380212562424, 46.90782290600459 ], [ 28.094607558176389, 46.90734507238799 ], [ 28.095219948012701, 46.906579585864364 ], [ 28.09546758875344, 46.90623180653423 ], [ 28.095597380999717, 46.90589934343646 ], [ 28.095771070775378, 46.905528437966616 ], [ 28.09582024352893, 46.905295167185265 ], [ 28.095737033174547, 46.905059509472778 ], [ 28.095257334528299, 46.904865105315949 ], [ 28.094746345817239, 46.904842280500318 ], [ 28.094093292419462, 46.904889064356539 ], [ 28.09343614435257, 46.904967636217471 ], [ 28.092980184313461, 46.905023075449115 ], [ 28.092557460645949, 46.905051159792286 ], [ 28.092206194669096, 46.905095509049083 ], [ 28.091871886788827, 46.905165501902779 ], [ 28.09108201459404, 46.905410622361543 ], [ 28.09050906008223, 46.905662167259727 ], [ 28.089997807638809, 46.905989189082533 ], [ 28.089306039036043, 46.906467218948478 ], [ 28.08869569870269, 46.906966108132075 ], [ 28.088164694841243, 46.907329564512672 ], [ 28.087799166812985, 46.907481116602071 ], [ 28.087424791641965, 46.907613466422006 ], [ 28.087018414558976, 46.907525518969159 ], [ 28.086490413866848, 46.907073329504598 ], [ 28.086029836049349, 46.906693408890618 ], [ 28.085644850577566, 46.906374557407204 ], [ 28.085427339184974, 46.906005408222015 ], [ 28.085144933272165, 46.90560352081593 ], [ 28.084779411907725, 46.905241211976737 ], [ 28.084119873625017, 46.904618637412014 ], [ 28.083663447552304, 46.904165600403083 ], [ 28.083298805091292, 46.903792913519666 ], [ 28.083056877799859, 46.903324231045396 ], [ 28.082928550531722, 46.902945583911375 ], [ 28.083011597057567, 46.902422937102891 ], [ 28.083089599903744, 46.902176031904837 ], [ 28.083478763513778, 46.90176193886667 ], [ 28.083875153654962, 46.901384910595205 ], [ 28.084336076769034, 46.90105962128856 ], [ 28.084851506344222, 46.900826840184529 ], [ 28.085412994219642, 46.900667258370852 ], [ 28.086083653813343, 46.900522394169251 ], [ 28.086835414483225, 46.900401994592983 ], [ 28.087962803821409, 46.900305641291126 ], [ 28.088343375047074, 46.900236759961047 ], [ 28.088703437401048, 46.90006392969272 ], [ 28.088869380871518, 46.899784689913105 ], [ 28.088870012110817, 46.899501058410443 ], [ 28.088347664774499, 46.899098585634441 ], [ 28.087950549997444, 46.89885180564815 ], [ 28.087245842087452, 46.898514249521938 ], [ 28.086777234773006, 46.898270908800029 ], [ 28.086470597621659, 46.897987136868871 ], [ 28.086138889249561, 46.89760664610791 ], [ 28.085662382985749, 46.896982507697473 ], [ 28.085434420028577, 46.896438391773366 ], [ 28.085370941000669, 46.896130916041415 ], [ 28.085394121905082, 46.895841728656613 ], [ 28.085414279533083, 46.895612390067157 ], [ 28.085585791461646, 46.895271798507139 ], [ 28.085865289293796, 46.895252436470095 ], [ 28.086361166158319, 46.895242125688412 ], [ 28.086946594194114, 46.895365422554733 ], [ 28.087535978907411, 46.895479787917047 ], [ 28.088019645369052, 46.895612192297143 ], [ 28.08830319717482, 46.895742217056899 ], [ 28.088666680812821, 46.895903852134516 ], [ 28.089416115576746, 46.896176562314857 ], [ 28.089990218896308, 46.89633587702243 ], [ 28.090606389272672, 46.896440686215584 ], [ 28.091031567652934, 46.896500483514608 ], [ 28.091477415450857, 46.896529027655077 ], [ 28.092206488323942, 46.896511451282642 ], [ 28.092474766788165, 46.896507134680007 ], [ 28.09331487365862, 46.896364517678577 ], [ 28.093738964900766, 46.89623054425536 ], [ 28.094089260763749, 46.896075960062127 ], [ 28.09441606625083, 46.895864219370836 ], [ 28.094659418056278, 46.895612141039884 ], [ 28.094820918588848, 46.895402949028544 ], [ 28.09511073186145, 46.894904711012963 ], [ 28.095251927575671, 46.894705603518645 ], [ 28.095344974390652, 46.894362423147236 ], [ 28.095336185002278, 46.893976614435019 ], [ 28.095471349583857, 46.893292972992114 ], [ 28.095654440345601, 46.892783918977386 ], [ 28.095809464411087, 46.892480027880111 ], [ 28.096035098524009, 46.892251376768847 ], [ 28.096411042758113, 46.892100505373861 ], [ 28.0968937488887, 46.892078443340061 ], [ 28.097581014213958, 46.892386975045113 ], [ 28.098991578443382, 46.893284602360495 ], [ 28.100171849852519, 46.894133409805001 ], [ 28.100929523422341, 46.894744346868457 ], [ 28.1014671650487, 46.895215833265326 ], [ 28.101697786089055, 46.895423036748596 ], [ 28.101814618988747, 46.895612781128612 ], [ 28.102184365937912, 46.895830369819791 ], [ 28.102623615096359, 46.896030158595885 ], [ 28.103104039276577, 46.896066276898395 ], [ 28.103470382890258, 46.896025001244119 ], [ 28.103885276302222, 46.895758476413384 ], [ 28.103953880627021, 46.895612976575485 ], [ 28.104061928525162, 46.895413308627354 ], [ 28.104212822102568, 46.895154880393839 ], [ 28.104509563532755, 46.894779023034744 ], [ 28.104839077197393, 46.894397694251296 ], [ 28.10504280374187, 46.894133338378275 ], [ 28.105177589843858, 46.893825389769404 ], [ 28.105637361282081, 46.893023091015472 ], [ 28.106044976182236, 46.892385286400838 ], [ 28.10635802531532, 46.891831847478905 ], [ 28.106633146815003, 46.891079612890394 ], [ 28.106986423829699, 46.890376214351804 ], [ 28.107326457176157, 46.889831137362854 ], [ 28.10764853293135, 46.889549995669363 ], [ 28.10801948534953, 46.889312901929934 ], [ 28.108422637526704, 46.889174847067856 ], [ 28.108869237047752, 46.889217345169349 ], [ 28.109162418081571, 46.889359302290153 ], [ 28.109432721411054, 46.8896790091868 ], [ 28.109624061183336, 46.890123441303146 ], [ 28.109700488954996, 46.890761790014786 ], [ 28.109895254204901, 46.891604233348133 ], [ 28.109882089940456, 46.892067863325742 ], [ 28.10982247186384, 46.892646245600574 ], [ 28.10964815416386, 46.893077050964003 ], [ 28.109395041455674, 46.893633382465744 ], [ 28.109172141711504, 46.894025441978044 ], [ 28.109131365102616, 46.89435354084371 ], [ 28.109185963935417, 46.894842612134788 ], [ 28.109321991673514, 46.8951055492956 ], [ 28.109521954270406, 46.895354519368524 ], [ 28.109789210108563, 46.895506264538867 ], [ 28.110276237055501, 46.89555675705477 ], [ 28.111049929160483, 46.895404103598878 ], [ 28.111357695198439, 46.895223249650904 ], [ 28.111941521887932, 46.894766897111261 ], [ 28.112769001765514, 46.893878129924396 ], [ 28.113313940774237, 46.89320940980992 ], [ 28.113732233832842, 46.89252592393607 ], [ 28.113979939528296, 46.89208421994288 ], [ 28.114142108951906, 46.891675700399432 ], [ 28.114289686772121, 46.891358300844892 ], [ 28.114343298112217, 46.890562076650802 ], [ 28.114258854304524, 46.889906305983942 ], [ 28.114208852837525, 46.88926724438776 ], [ 28.114072373449183, 46.888507927508101 ], [ 28.113868937057848, 46.887636559339057 ], [ 28.11370448306754, 46.887082408396985 ], [ 28.113500307042791, 46.886529240311297 ], [ 28.113258123137932, 46.886004462154069 ], [ 28.112948751294024, 46.885359084626273 ], [ 28.11267554163171, 46.884757915748516 ], [ 28.112276535973791, 46.883696866502511 ], [ 28.112259390415023, 46.883393912582036 ], [ 28.112256263613666, 46.882994355223701 ], [ 28.112307518406045, 46.882616013183672 ], [ 28.112411852686698, 46.882240741562796 ], [ 28.11263528835654, 46.881975841403985 ], [ 28.112932122254559, 46.881718048110081 ], [ 28.1134016938272, 46.881469181373085 ], [ 28.114788573479334, 46.880982466991398 ], [ 28.115293902265169, 46.88077807940136 ], [ 28.115855595585963, 46.880517618312361 ], [ 28.11656176367185, 46.880117064537082 ], [ 28.117354684650781, 46.879727752634757 ], [ 28.118015603849205, 46.879346503601596 ], [ 28.118269651667958, 46.879153401632962 ], [ 28.118617912903588, 46.878622194699005 ], [ 28.118750211818167, 46.878387022667475 ], [ 28.118863267732682, 46.878047867997175 ], [ 28.118757060574836, 46.877700967066673 ], [ 28.118290274615337, 46.877536552311696 ], [ 28.11775293267257, 46.877528317535706 ], [ 28.117005239219694, 46.87755313481069 ], [ 28.116364609996115, 46.877593144604951 ], [ 28.11488842441587, 46.877396870812461 ], [ 28.114430291032875, 46.877268480359938 ], [ 28.11366677110145, 46.876949331100988 ], [ 28.113320739215744, 46.87669531139656 ], [ 28.112740906682227, 46.876061470502179 ], [ 28.112095080266705, 46.875320500888563 ], [ 28.111566022905691, 46.874905262268861 ], [ 28.111246793925044, 46.874779319254706 ], [ 28.110812020511005, 46.874456042836883 ], [ 28.109955722567832, 46.873882308558187 ], [ 28.109526219065881, 46.873618560253952 ], [ 28.108966244568361, 46.873375256805929 ], [ 28.108407812247655, 46.873158726365041 ], [ 28.107735983434125, 46.87308188790572 ], [ 28.107154352638577, 46.873064900517164 ], [ 28.10672837885738, 46.873189798133687 ], [ 28.105724150853529, 46.873588065399929 ], [ 28.104913958751478, 46.873817727623674 ], [ 28.104433404253246, 46.873901964880332 ], [ 28.103855157198755, 46.87394427179585 ], [ 28.103028395238553, 46.873871039835926 ], [ 28.101965725516116, 46.873700732597257 ], [ 28.101133704245495, 46.873473623670208 ], [ 28.100395313337746, 46.873217346151499 ], [ 28.099921539031097, 46.872965825863929 ], [ 28.099506590655732, 46.872659527087954 ], [ 28.099144803775339, 46.872318853868414 ], [ 28.098803209426531, 46.871876734889497 ], [ 28.098565235096434, 46.8714287709766 ], [ 28.098404518111547, 46.871034983797195 ], [ 28.098304814976977, 46.870654678207494 ], [ 28.098212997589666, 46.870184958159079 ], [ 28.098610388975146, 46.869936740132893 ], [ 28.099070738903357, 46.869802668756144 ], [ 28.099905233229837, 46.869771309929611 ], [ 28.10072268371291, 46.869669119359905 ], [ 28.10158153475577, 46.869620890404434 ], [ 28.102423655956191, 46.869571488905983 ], [ 28.103075880053254, 46.869536104442162 ], [ 28.104391994375437, 46.869515504223095 ], [ 28.105464895446211, 46.869561031803407 ], [ 28.106601214970595, 46.869655062850669 ], [ 28.107521663379057, 46.869760937137222 ], [ 28.10835548866396, 46.869869049988075 ], [ 28.109648035885311, 46.869897360424254 ], [ 28.11046209315839, 46.869887268682675 ], [ 28.111044785616045, 46.869847778110724 ], [ 28.111416162780262, 46.869748641508806 ], [ 28.111835722318407, 46.869585915236165 ], [ 28.11209619855439, 46.869367987169724 ], [ 28.112190939024899, 46.86910485267525 ], [ 28.112081161153647, 46.868852461654086 ], [ 28.111820079369775, 46.868607128013771 ], [ 28.111473913479156, 46.868390822326795 ], [ 28.1108584203287, 46.868009512463445 ], [ 28.109775122831515, 46.867619941987584 ], [ 28.109359336879159, 46.867470853894169 ], [ 28.108555688658893, 46.867133223223817 ], [ 28.107736359574712, 46.866748573390161 ], [ 28.107449602071458, 46.866432631819208 ], [ 28.107194994569884, 46.866077574992481 ], [ 28.107523410510939, 46.86568275623614 ], [ 28.108028157807382, 46.865191016131092 ], [ 28.108483771319275, 46.864879353835271 ], [ 28.108765425478524, 46.864577784824426 ], [ 28.109211486243996, 46.864120292226687 ], [ 28.109582701530183, 46.863792539936817 ], [ 28.11046994857918, 46.863275701264371 ], [ 28.11109588631027, 46.862783733398103 ], [ 28.111575858146068, 46.862464922400029 ], [ 28.112252669662883, 46.862105145109453 ], [ 28.112996571065157, 46.861663802701258 ], [ 28.113675132989897, 46.861259417429608 ], [ 28.114630793876749, 46.860699110980327 ], [ 28.115574560060772, 46.860258652265713 ], [ 28.116401078617223, 46.859865189829968 ], [ 28.117234456297851, 46.859516001274194 ], [ 28.117607341953981, 46.859369275540452 ], [ 28.118310570564649, 46.859184895978665 ], [ 28.119208381072529, 46.858902264292936 ], [ 28.120048615828281, 46.858597424814114 ], [ 28.120809818956968, 46.858273924902058 ], [ 28.12160685873862, 46.857836937606955 ], [ 28.122219558165337, 46.857493780814828 ], [ 28.122596783279544, 46.857349892056398 ], [ 28.123139334244573, 46.857142206759505 ], [ 28.12324383195109, 46.856774115287571 ], [ 28.12335238134968, 46.85647188918248 ], [ 28.123340991182761, 46.85619901920267 ], [ 28.122993831818118, 46.855964861952593 ], [ 28.122521898019659, 46.855817347263432 ], [ 28.121589904978411, 46.855655563108002 ], [ 28.12054857575847, 46.855545426480305 ], [ 28.119546342110294, 46.855441964533448 ], [ 28.118318869674781, 46.855341532975167 ], [ 28.117573607766609, 46.855186541724194 ], [ 28.117341677186051, 46.85507103542038 ], [ 28.117156646589404, 46.854716812423455 ], [ 28.1171113391269, 46.854410295233301 ], [ 28.11712176706672, 46.854139804944246 ], [ 28.117074113118594, 46.853945413243927 ], [ 28.117295019899643, 46.853652485223961 ], [ 28.117616927575725, 46.853452774816787 ], [ 28.117948794132595, 46.853252793035963 ], [ 28.118313328432528, 46.853103050658632 ], [ 28.11913335204467, 46.852913702021979 ], [ 28.120021012429895, 46.852862394523413 ], [ 28.12087656910035, 46.852859651434663 ], [ 28.122624490422218, 46.852907879003673 ], [ 28.123107676119968, 46.852918635756488 ], [ 28.123458277853537, 46.85291677890438 ], [ 28.125220421608358, 46.853314091786416 ], [ 28.126588296066068, 46.852912434047667 ], [ 28.126495587856212, 46.852203422285257 ], [ 28.124494496280363, 46.849735453184842 ], [ 28.124478931367481, 46.847798679263917 ], [ 28.123458485533494, 46.847148847201524 ], [ 28.123116545289939, 46.847209424544346 ], [ 28.122736667554012, 46.847365177901594 ], [ 28.122401969005779, 46.847537799228022 ], [ 28.120992723270213, 46.848657097444672 ], [ 28.120570696227034, 46.849001744089243 ], [ 28.120271790987101, 46.849333876936967 ], [ 28.120032196383914, 46.849625157416995 ], [ 28.11978300404175, 46.849822726064772 ], [ 28.119441742317576, 46.84995915116199 ], [ 28.118954042421333, 46.849880906050991 ], [ 28.118365599440057, 46.849636348368414 ], [ 28.11742309364756, 46.849225668473601 ], [ 28.11680035450129, 46.848769968822729 ], [ 28.11613767937618, 46.848194369382973 ], [ 28.115292283639683, 46.847169160791758 ], [ 28.114989353358659, 46.84661398011805 ], [ 28.114880767865657, 46.846338247634591 ], [ 28.114593289730944, 46.845410099188257 ], [ 28.114439776081859, 46.844893360881514 ], [ 28.114338831426657, 46.844211565907266 ], [ 28.11421165324132, 46.843536508819511 ], [ 28.114079379206533, 46.84246428647451 ], [ 28.113794524278873, 46.841887371504356 ], [ 28.113435564851688, 46.841349273713256 ], [ 28.113165535301118, 46.84110814443801 ], [ 28.112866517774695, 46.840901192482427 ], [ 28.112477389329353, 46.840817827041043 ], [ 28.112092676366224, 46.840964495413182 ], [ 28.111502102378878, 46.841636351114445 ], [ 28.111157604456537, 46.842100024732552 ], [ 28.110682438025961, 46.842870110627366 ], [ 28.110390024848527, 46.843395923788556 ], [ 28.11024731017007, 46.843832994227135 ], [ 28.110044607000294, 46.844150441730648 ], [ 28.109768989949554, 46.844351763487239 ], [ 28.109434894122849, 46.844381934356385 ], [ 28.108895255779821, 46.844220348454542 ], [ 28.108606570542513, 46.84404037790636 ], [ 28.108176300332815, 46.843546136173451 ], [ 28.107707089879742, 46.843068062345601 ], [ 28.107526624213037, 46.842791651275562 ], [ 28.107421536280778, 46.842500691642414 ], [ 28.107356440091454, 46.842211627954789 ], [ 28.10735482225066, 46.842029941915513 ], [ 28.107489762668504, 46.841841511775158 ], [ 28.107763985278286, 46.841616019359407 ], [ 28.108058838215804, 46.841441457905276 ], [ 28.108515576963995, 46.841194025260343 ], [ 28.109056442272308, 46.840997699585465 ], [ 28.109605852821087, 46.840795020853655 ], [ 28.110114721972867, 46.840578397886638 ], [ 28.110574810190766, 46.840359942221539 ], [ 28.111131603387204, 46.840084866902195 ], [ 28.111976973624966, 46.839574358781128 ], [ 28.112640668427638, 46.839208089808281 ], [ 28.113303014824535, 46.838820698238763 ], [ 28.113970055002259, 46.83839420235509 ], [ 28.114234984475608, 46.838162913308452 ], [ 28.114710616168626, 46.837614970485809 ] ] ] ] } }
]
}
