{
"type": "FeatureCollection",
"name": "Istros",
"crs": { "type": "name", "properties": { "name": "urn:ogc:def:crs:OGC:1.3:CRS84" } },
"features": [
{ "type": "Feature", "properties": { "Id": 2712, "IFCID": 2712, "localId": "1.136.62020", "namespace": "RO.Ancpi.AU", "versionId": "20251113145305", "country": "RO", "natLevel": "3rdOrder", "natLevName": "Comuna", "natCode": "62020", "name": "ISTRIA", "resOfAut": "ISTRIA", "beginVers": "2025-11-13", "endVersion": null, "Shape_Leng": 69666.744249900003, "Shape_Area": 174762898.73100001 }, "geometry": { "type": "MultiPolygon", "coordinates": [ [ [ [ 28.91557832707716, 44.583065612964994 ], [ 28.9150184481108, 44.582229566160883 ], [ 28.914505181494693, 44.581661878379457 ], [ 28.914158120967677, 44.58105707206974 ], [ 28.913597233457217, 44.5800017802258 ], [ 28.912421949235281, 44.5789010863123 ], [ 28.910459060790078, 44.576059720287454 ], [ 28.909081215645699, 44.573395062403584 ], [ 28.907931467780667, 44.572201407787148 ], [ 28.906726101139064, 44.570574426468077 ], [ 28.905276083388195, 44.568617082355203 ], [ 28.903826165774998, 44.566659718112597 ], [ 28.893840614870687, 44.552358057152439 ], [ 28.88904128680441, 44.54543398492708 ], [ 28.88732601280541, 44.542915016261702 ], [ 28.886926806224427, 44.541848441015595 ], [ 28.886629787156675, 44.541396908126828 ], [ 28.886523530830566, 44.541046132831504 ], [ 28.885437018348107, 44.540229924735208 ], [ 28.884844957890518, 44.538981968590299 ], [ 28.88394517776543, 44.538105281336136 ], [ 28.881946791187772, 44.535664163183142 ], [ 28.878868760460847, 44.531365435607704 ], [ 28.874231887893167, 44.525579306257391 ], [ 28.873453817162051, 44.524662964440658 ], [ 28.872850207960575, 44.524182856286728 ], [ 28.872395180205931, 44.523566523962756 ], [ 28.871410011381908, 44.522808121277613 ], [ 28.871069627125202, 44.522029805437072 ], [ 28.870311296279223, 44.521025413508092 ], [ 28.870009133150926, 44.52014294551963 ], [ 28.869090381813326, 44.519176295360658 ], [ 28.860925780031312, 44.510790728476451 ], [ 28.856953969874805, 44.50560871693434 ], [ 28.855713543375511, 44.504504490746498 ], [ 28.853731275012795, 44.502355035825332 ], [ 28.851314153087856, 44.500546128783647 ], [ 28.850593960715901, 44.499730227899768 ], [ 28.850222391874468, 44.499422713278598 ], [ 28.849907707206246, 44.499021043408156 ], [ 28.848999324311592, 44.498465240152186 ], [ 28.848018278535026, 44.496978361129685 ], [ 28.846265916086363, 44.495319442726398 ], [ 28.845894503903025, 44.494711505709908 ], [ 28.843795066143787, 44.492915009936539 ], [ 28.842313945793325, 44.491755020276884 ], [ 28.837561176880666, 44.48697273386091 ], [ 28.835103329102768, 44.485082133281118 ], [ 28.832606236145818, 44.483361394980335 ], [ 28.829666886368319, 44.48077198799961 ], [ 28.822267048032746, 44.475594456397921 ], [ 28.819062420768685, 44.472901683291418 ], [ 28.818748213344414, 44.472714503985912 ], [ 28.81870150113437, 44.472443779253865 ], [ 28.81133660099718, 44.466192173024552 ], [ 28.810955034834215, 44.465894150390255 ], [ 28.808976496690907, 44.464614428115006 ], [ 28.802681626174131, 44.460506014227839 ], [ 28.802520326872163, 44.460361563259667 ], [ 28.800760068605388, 44.458785127466463 ], [ 28.799930007593744, 44.457978435736266 ], [ 28.797725309941214, 44.456353055196708 ], [ 28.796058161938642, 44.454952335444887 ], [ 28.794789801139132, 44.453922618333678 ], [ 28.793193177093961, 44.452625717576325 ], [ 28.791058528410716, 44.450770206495356 ], [ 28.790616925390193, 44.450390487813962 ], [ 28.789147669369751, 44.449094302271895 ], [ 28.788004554896787, 44.448247475747351 ], [ 28.786708393802471, 44.447112377229622 ], [ 28.784650906383678, 44.445350274746772 ], [ 28.782314765601864, 44.443213027073774 ], [ 28.78143311966161, 44.442473706995287 ], [ 28.779877850694998, 44.44104371066117 ], [ 28.777810564697237, 44.438801228805339 ], [ 28.777354061364171, 44.438406786770223 ], [ 28.775529990725648, 44.436641754266077 ], [ 28.773668683661615, 44.434683174549903 ], [ 28.772902202639592, 44.433919697363898 ], [ 28.771460449466066, 44.432328963238945 ], [ 28.770785541577077, 44.431615519670395 ], [ 28.76980335032011, 44.430520306774831 ], [ 28.769316222254911, 44.430033272184183 ], [ 28.769124535181867, 44.429746281319289 ], [ 28.769103169938798, 44.429526940019109 ], [ 28.769122528299189, 44.429336586323025 ], [ 28.769000204567, 44.429247094666835 ], [ 28.768859581517162, 44.429309977817717 ], [ 28.768747398188214, 44.429430086267239 ], [ 28.76857753940611, 44.429531891243471 ], [ 28.768340074428941, 44.429517078141195 ], [ 28.768155008211465, 44.429439803070487 ], [ 28.766688227303984, 44.428598553807639 ], [ 28.765312085015843, 44.427706840484539 ], [ 28.764617038197645, 44.427256446285533 ], [ 28.763354492996513, 44.426514557906415 ], [ 28.761945191039004, 44.425686503100358 ], [ 28.760901555447404, 44.424836091457045 ], [ 28.759729483377299, 44.423747142305089 ], [ 28.759130499755333, 44.423003274393523 ], [ 28.758647032616611, 44.422407310971508 ], [ 28.756792785530962, 44.420921235634921 ], [ 28.754173974571334, 44.418312294352049 ], [ 28.752702588363071, 44.416848794791214 ], [ 28.750743198788889, 44.415042372675856 ], [ 28.748975889513755, 44.413148576229865 ], [ 28.748659152275916, 44.412835368261426 ], [ 28.748087883573305, 44.412285053836172 ], [ 28.747999266301495, 44.412199684836501 ], [ 28.747770877959582, 44.411979667637169 ], [ 28.746538883593736, 44.410938116740702 ], [ 28.744011565163767, 44.408310734998885 ], [ 28.742132156378805, 44.406531864597795 ], [ 28.740286302131263, 44.404615261089845 ], [ 28.739819951030515, 44.40411477017318 ], [ 28.739142248212318, 44.403401242711269 ], [ 28.738213414697082, 44.402513943090185 ], [ 28.737311559145301, 44.401552385043573 ], [ 28.736039912091563, 44.400327399757764 ], [ 28.734857504816762, 44.399281551233486 ], [ 28.733816055798162, 44.398177898265054 ], [ 28.73360691869421, 44.39805331195128 ], [ 28.732935102371204, 44.397319320385257 ], [ 28.732323213211199, 44.396638985856463 ], [ 28.731458933861703, 44.395764665152242 ], [ 28.730747758562028, 44.395130612263095 ], [ 28.729972890042369, 44.394329201812219 ], [ 28.729565803138172, 44.393869704991985 ], [ 28.729022557317656, 44.393268014722011 ], [ 28.72826924632006, 44.392526581711429 ], [ 28.727767347646807, 44.391963987879478 ], [ 28.726600635392987, 44.39077336626265 ], [ 28.725746709136097, 44.389837960437291 ], [ 28.725468299883534, 44.389513301759145 ], [ 28.724675221329228, 44.388591049186225 ], [ 28.72374782548891, 44.387554357650707 ], [ 28.722852301049507, 44.386519134835162 ], [ 28.721993785654135, 44.38551050175446 ], [ 28.721357412429398, 44.384719627844277 ], [ 28.7208392031825, 44.384010844625699 ], [ 28.720578669608937, 44.383579351490887 ], [ 28.720400857761582, 44.383501761814635 ], [ 28.720149944265852, 44.383439239542923 ], [ 28.719848507712285, 44.383413793115231 ], [ 28.719600679095194, 44.383399223200456 ], [ 28.719405433480269, 44.383324738634087 ], [ 28.719113974784609, 44.38318008485281 ], [ 28.718687703711247, 44.38291341634099 ], [ 28.7182202861446, 44.382610164506566 ], [ 28.717320391980913, 44.382053092019198 ], [ 28.716933060213897, 44.38184330720923 ], [ 28.7166423300107, 44.381599975595414 ], [ 28.716409533763169, 44.381380026070012 ], [ 28.71563503188036, 44.380742917272542 ], [ 28.714451098593443, 44.37982591404861 ], [ 28.713716439257141, 44.379149539441272 ], [ 28.712790171103055, 44.378289781571929 ], [ 28.712736987313615, 44.37822913431868 ], [ 28.712708642049787, 44.378196813259066 ], [ 28.712352588121895, 44.377790762812438 ], [ 28.711487152577121, 44.376944163008034 ], [ 28.711102303027165, 44.376552164097063 ], [ 28.710184885953414, 44.375444217557209 ], [ 28.708893126442671, 44.373776975216217 ], [ 28.707590200693961, 44.372044323913464 ], [ 28.706649478775979, 44.370790419545372 ], [ 28.705922902889416, 44.369686270156244 ], [ 28.705515263875579, 44.369047128273301 ], [ 28.70535786727666, 44.368739246412431 ], [ 28.705087993772345, 44.368211343671859 ], [ 28.704566348812797, 44.36733313883262 ], [ 28.704428541987323, 44.366987322185388 ], [ 28.704339514561291, 44.366763919161642 ], [ 28.70424265730399, 44.366352295111675 ], [ 28.703869344046804, 44.365808132880183 ], [ 28.703254065840376, 44.365008885804663 ], [ 28.702623835332325, 44.364857636335479 ], [ 28.702275733666898, 44.364707214988769 ], [ 28.701976179615368, 44.364433787250995 ], [ 28.701727756753669, 44.36407773745281 ], [ 28.699714505221152, 44.360491612175672 ], [ 28.69913484941279, 44.359696230159244 ], [ 28.698434505646613, 44.358667056451971 ], [ 28.697943811279398, 44.35727688367411 ], [ 28.6970255010404, 44.355152079054044 ], [ 28.696172724119606, 44.353500627989639 ], [ 28.694835711788862, 44.350888761262624 ], [ 28.694417066584755, 44.350072896634039 ], [ 28.694414240024759, 44.349476065193812 ], [ 28.694795216526089, 44.347601968867323 ], [ 28.694899079106442, 44.347461971768624 ], [ 28.694920675874851, 44.347137509336392 ], [ 28.695263480640225, 44.345770529126028 ], [ 28.695552728026776, 44.344779644891595 ], [ 28.695452902605055, 44.344651401097209 ], [ 28.695283109612902, 44.34464180455025 ], [ 28.695119430618576, 44.344728120556347 ], [ 28.694976587048835, 44.34491998381997 ], [ 28.694981790077883, 44.345112042038956 ], [ 28.694963313844951, 44.345264406699783 ], [ 28.694911276854004, 44.345443169232013 ], [ 28.694789855873534, 44.345639387176057 ], [ 28.694737811783639, 44.34581814985355 ], [ 28.69450769844272, 44.346078642453968 ], [ 28.694295371681974, 44.346065379164855 ], [ 28.694065430340341, 44.345997054517539 ], [ 28.693854388199401, 44.346003985744154 ], [ 28.69353525244685, 44.345973994857268 ], [ 28.693098733719872, 44.345871981322247 ], [ 28.692768698327686, 44.345781644393377 ], [ 28.692430024926548, 44.345666294763113 ], [ 28.692202615407556, 44.345527061375272 ], [ 28.692037234642861, 44.345365554793013 ], [ 28.692006799976308, 44.34521985408891 ], [ 28.692012181024463, 44.345083092417134 ], [ 28.692150297810251, 44.345038090702275 ], [ 28.692342436373313, 44.344955902622104 ], [ 28.692482117463051, 44.344824852042947 ], [ 28.692273370259752, 44.344854864494039 ], [ 28.691754596099571, 44.344950592657376 ], [ 28.691684372999642, 44.344925704141318 ], [ 28.69150885748034, 44.344912375481272 ], [ 28.691343914395254, 44.344891676086661 ], [ 28.691165735902747, 44.344879875005233 ], [ 28.69110638100727, 44.344875879974289 ], [ 28.691000533012513, 44.344878723306287 ], [ 28.690965204788398, 44.344879612526839 ], [ 28.69087238501703, 44.344882118240953 ], [ 28.690755136564263, 44.344885245410005 ], [ 28.690478979386132, 44.344869814948012 ], [ 28.690340900844358, 44.344862099461892 ], [ 28.690202822333966, 44.344854383805746 ], [ 28.690122095567268, 44.344851719771228 ], [ 28.690041237864875, 44.344848969930112 ], [ 28.689853663510767, 44.344855123764866 ], [ 28.689666089106971, 44.344861277287535 ], [ 28.689290814933713, 44.344873587503884 ], [ 28.689282003495812, 44.344878053697791 ], [ 28.689275967974641, 44.344890562558028 ], [ 28.689255842936131, 44.344932273080872 ], [ 28.689254503924868, 44.344942159768124 ], [ 28.689225510093635, 44.345156164227234 ], [ 28.689212646566773, 44.345251105891727 ], [ 28.689195858844773, 44.345295057998321 ], [ 28.689172227649504, 44.345328690358009 ], [ 28.689055059431812, 44.345495423989213 ], [ 28.688919945984686, 44.345678494845508 ], [ 28.688629118079188, 44.345951134105711 ], [ 28.688438159014812, 44.346067737055868 ], [ 28.688258278701323, 44.34616502200857 ], [ 28.688005499314009, 44.346278167686684 ], [ 28.687811829747741, 44.346348296407704 ], [ 28.68762326782014, 44.346399915265245 ], [ 28.687412266337585, 44.346438437737973 ], [ 28.687326949196681, 44.34645401299003 ], [ 28.687039257328951, 44.346486927808478 ], [ 28.686744060277857, 44.346499521737819 ], [ 28.686615159929342, 44.346491135189112 ], [ 28.686556593482621, 44.346487324394211 ], [ 28.686538649311736, 44.346486156677948 ], [ 28.686325811950557, 44.346455079778394 ], [ 28.686252160167985, 44.346444329172606 ], [ 28.686108245664997, 44.346405887441207 ], [ 28.685930899691936, 44.346358519178096 ], [ 28.685312201058188, 44.346173734820937 ], [ 28.684073417295512, 44.345870159026255 ], [ 28.684068828808563, 44.345869039695344 ], [ 28.683689346458447, 44.345776509587658 ], [ 28.682351293595961, 44.345450237105787 ], [ 28.680221776980666, 44.344930929754618 ], [ 28.680152318088577, 44.344906927561922 ], [ 28.679401591210766, 44.344647507379555 ], [ 28.679305221076092, 44.344622761536989 ], [ 28.678984604483908, 44.344540434408806 ], [ 28.678900260421795, 44.344523116096191 ], [ 28.678813989354392, 44.344505406927389 ], [ 28.678599422964325, 44.344477936096126 ], [ 28.678599372535054, 44.344477932342883 ], [ 28.678598897842122, 44.344477906448041 ], [ 28.678274121594914, 44.344462687368541 ], [ 28.678274364981917, 44.344459624208191 ], [ 28.678136261531488, 44.344451843260721 ], [ 28.677850976411076, 44.34445343219172 ], [ 28.67779909956079, 44.34445926697515 ], [ 28.677493321558789, 44.344470441277011 ], [ 28.677446424716351, 44.344478092239015 ], [ 28.677056783658919, 44.344532881985188 ], [ 28.67680313988971, 44.344568589757138 ], [ 28.676549576027906, 44.344612222730092 ], [ 28.676335810125224, 44.344679450601092 ], [ 28.67390030457641, 44.345471231191823 ], [ 28.672971726972765, 44.345773091215719 ], [ 28.669962633027879, 44.346749875390366 ], [ 28.66922923018036, 44.346986956226388 ], [ 28.667226912305555, 44.347634193860891 ], [ 28.666843675936846, 44.34772421620999 ], [ 28.666460438340707, 44.347814237273496 ], [ 28.666346031186652, 44.347851308067632 ], [ 28.665519285673632, 44.348119186289829 ], [ 28.661687002366595, 44.34933040066327 ], [ 28.661535208286875, 44.349378372289188 ], [ 28.658413564869718, 44.350379793253794 ], [ 28.656732567700892, 44.350931458722563 ], [ 28.656026724230912, 44.351167626927726 ], [ 28.655729475044154, 44.351267073473799 ], [ 28.655243243926641, 44.351429742934968 ], [ 28.654723273611751, 44.351603696748015 ], [ 28.654614894465624, 44.351639954413983 ], [ 28.654555963680863, 44.351672588413336 ], [ 28.653556698267309, 44.352225938590657 ], [ 28.654347313042155, 44.352636742427222 ], [ 28.65513793894857, 44.353047540542072 ], [ 28.655590263528257, 44.353239041430349 ], [ 28.655462298554557, 44.353394743690252 ], [ 28.654970898724027, 44.353278077684742 ], [ 28.654460861828536, 44.353096733385932 ], [ 28.653921727002935, 44.352849969864913 ], [ 28.653106957254892, 44.352477000480867 ], [ 28.652593927519366, 44.352761315800521 ], [ 28.6520808927182, 44.353045628868415 ], [ 28.651776305917242, 44.353071320398669 ], [ 28.651471718820847, 44.353097011108744 ], [ 28.651026791370576, 44.353227609913624 ], [ 28.650915527877721, 44.35326026036136 ], [ 28.650804264256497, 44.3532929107012 ], [ 28.650581736629274, 44.35335821105717 ], [ 28.650228734559253, 44.353491856140685 ], [ 28.649875605595597, 44.353625504208125 ], [ 28.649688845437922, 44.353734663960431 ], [ 28.649501959332934, 44.3538438274784 ], [ 28.648677164286198, 44.353911014219776 ], [ 28.648516903221982, 44.354193816823319 ], [ 28.647991705784211, 44.354771641998994 ], [ 28.647745112701369, 44.354961076719718 ], [ 28.647315780127119, 44.354990936312362 ], [ 28.647108380809822, 44.355113276911197 ], [ 28.646825102160168, 44.354881684929218 ], [ 28.646793545647935, 44.354900716708059 ], [ 28.646981615607974, 44.355061289833678 ], [ 28.646687062565483, 44.355399948476006 ], [ 28.646523558808905, 44.355489979963522 ], [ 28.64629737587364, 44.355521353683656 ], [ 28.645563746695601, 44.355530005064779 ], [ 28.645118290978463, 44.355449355102117 ], [ 28.644647719184629, 44.355286677194769 ], [ 28.64417837460072, 44.355081637182458 ], [ 28.64392861423314, 44.355027508351917 ], [ 28.643522492172224, 44.354849861788267 ], [ 28.64342869542093, 44.354829128468005 ], [ 28.643021937860507, 44.354679234104594 ], [ 28.6430144589586, 44.354676054671692 ], [ 28.642929544870697, 44.354664847995011 ], [ 28.642894830502705, 44.354651655343325 ], [ 28.642878968692511, 44.354616962061094 ], [ 28.642820726689784, 44.354576888010619 ], [ 28.642691570178251, 44.354536679265919 ], [ 28.642613549984258, 44.354513363374181 ], [ 28.642516224027034, 44.354468431874807 ], [ 28.642354490717079, 44.354309339848776 ], [ 28.642231681624594, 44.354170507624772 ], [ 28.642116665205844, 44.354021878361124 ], [ 28.642026706409418, 44.353940420433922 ], [ 28.642019002046784, 44.353907714006262 ], [ 28.641881008266147, 44.353814754946683 ], [ 28.641849402714112, 44.35383900942233 ], [ 28.641402461968852, 44.353648630257325 ], [ 28.640735892942658, 44.354058833972914 ], [ 28.64042178867091, 44.353983188696645 ], [ 28.640095705726299, 44.353946558790184 ], [ 28.639966071706379, 44.353934636030239 ], [ 28.639799779584443, 44.353928491529821 ], [ 28.639356432860762, 44.353960935288534 ], [ 28.638801691018141, 44.354026064893482 ], [ 28.638343450758597, 44.354135073015414 ], [ 28.637808726095731, 44.354353074012117 ], [ 28.637436656318606, 44.354561310581424 ], [ 28.637027695649188, 44.35489355771017 ], [ 28.636174477223982, 44.355821574353627 ], [ 28.635805252505179, 44.356197283822446 ], [ 28.635446514409615, 44.356474235834561 ], [ 28.634884972214259, 44.356809334959088 ], [ 28.633226624895673, 44.357844020664764 ], [ 28.632762533401383, 44.358180463408168 ], [ 28.632385258381735, 44.358588476476243 ], [ 28.631616497605972, 44.359308251014291 ], [ 28.630973955713667, 44.360151717264273 ], [ 28.630628649048131, 44.360459464668843 ], [ 28.629178738810829, 44.361438287189721 ], [ 28.628868997089217, 44.361698959570653 ], [ 28.628648468737339, 44.361961255520725 ], [ 28.628236844003322, 44.362004246651786 ], [ 28.627892885466974, 44.362800605746187 ], [ 28.627875073491715, 44.363229425205681 ], [ 28.62790932473224, 44.363665840108403 ], [ 28.628237171561473, 44.364492937903897 ], [ 28.628384029580502, 44.364801371322919 ], [ 28.628553625931634, 44.365216222506135 ], [ 28.62864313078671, 44.365536770489783 ], [ 28.628657539397071, 44.365824713948733 ], [ 28.628646471901106, 44.366056661933044 ], [ 28.628560588610338, 44.366376654149384 ], [ 28.628402006864388, 44.366642263887876 ], [ 28.628200154451445, 44.366900444702289 ], [ 28.627984092261048, 44.367144226268792 ], [ 28.627689797809705, 44.36736351720959 ], [ 28.627388532056258, 44.36754971616984 ], [ 28.627006712676749, 44.367732478521461 ], [ 28.62669342528352, 44.367843066745102 ], [ 28.626088536249242, 44.36794558506849 ], [ 28.624801766145335, 44.368105910043269 ], [ 28.624400703120113, 44.368155929619647 ], [ 28.623497018142228, 44.368191703329508 ], [ 28.623280640391123, 44.368200203185971 ], [ 28.623058832902686, 44.368176101826762 ], [ 28.622979260834022, 44.368208378633753 ], [ 28.622628931784455, 44.368212636898988 ], [ 28.621989436458634, 44.368189556842857 ], [ 28.621416818512593, 44.368145951584815 ], [ 28.620584784435366, 44.368121137548577 ], [ 28.61979166523507, 44.368136484999297 ], [ 28.617597953281223, 44.368276831947121 ], [ 28.616220552614507, 44.368433579483522 ], [ 28.615021052268869, 44.368584863730327 ], [ 28.613409091515379, 44.368923616511339 ], [ 28.612917389004188, 44.369104456886298 ], [ 28.612280772404468, 44.369419249612072 ], [ 28.611855252799863, 44.369711323987111 ], [ 28.611715233011047, 44.369851098580376 ], [ 28.611408925673441, 44.37015686718884 ], [ 28.611104890744944, 44.370176981494652 ], [ 28.610891915589214, 44.370767384446978 ], [ 28.610565009714421, 44.371326506819024 ], [ 28.610261321707139, 44.371706508434045 ], [ 28.609176664946109, 44.371709795174567 ], [ 28.608867210311594, 44.37166929832825 ], [ 28.608648406150145, 44.371679378338449 ], [ 28.60824131668879, 44.371713865529202 ], [ 28.607905121563782, 44.371892847301197 ], [ 28.607729458228892, 44.372083518258925 ], [ 28.607719360069972, 44.372227640242464 ], [ 28.607893996221755, 44.372534037870629 ], [ 28.607831463635879, 44.372853901999619 ], [ 28.607785673959608, 44.373088122635039 ], [ 28.607335441605514, 44.374104374605189 ], [ 28.607162814717633, 44.374362029020133 ], [ 28.607050142664121, 44.374417415991722 ], [ 28.606861912660349, 44.374585887655584 ], [ 28.606770312268164, 44.374628893245784 ], [ 28.606343704450079, 44.374741345596675 ], [ 28.605983589687789, 44.374766484777332 ], [ 28.60592560224692, 44.374833174051041 ], [ 28.605681687171213, 44.374924010785413 ], [ 28.605528325941894, 44.374944953285741 ], [ 28.605406101436799, 44.374941756807566 ], [ 28.605110818889482, 44.375026224605264 ], [ 28.605097119478273, 44.375018377857828 ], [ 28.604982188238193, 44.375044055298488 ], [ 28.604927536310218, 44.375056264913141 ], [ 28.604883869513525, 44.375066020926674 ], [ 28.60489273900254, 44.375379240879901 ], [ 28.604690372803834, 44.375395976158543 ], [ 28.604338243527746, 44.375425096948938 ], [ 28.603792819684092, 44.375423121694546 ], [ 28.603795558097339, 44.375418711933406 ], [ 28.602758025948752, 44.375400081904189 ], [ 28.602078641747251, 44.375423995510495 ], [ 28.602078910204686, 44.375428308958668 ], [ 28.601685701313389, 44.375451701604646 ], [ 28.601160409587468, 44.375531179784176 ], [ 28.600307942216478, 44.375727005873195 ], [ 28.599504516588382, 44.375936382651325 ], [ 28.599517906174263, 44.376054799576799 ], [ 28.599519497910265, 44.376054171479289 ], [ 28.600266484491492, 44.380845070405293 ], [ 28.601994233101632, 44.381719056105503 ], [ 28.602045490573413, 44.381731857978757 ], [ 28.603741330712221, 44.38189946409441 ], [ 28.603779778894687, 44.382398491665839 ], [ 28.603848408608989, 44.383288976540676 ], [ 28.603452997259982, 44.383344789302967 ], [ 28.603099786648993, 44.383680299425663 ], [ 28.602590821195832, 44.384163738250876 ], [ 28.602465419342455, 44.384282854885264 ], [ 28.602678175073653, 44.385601830976817 ], [ 28.603825518947719, 44.385487228494497 ], [ 28.604248628662653, 44.387820423179029 ], [ 28.60388253650633, 44.387840019079412 ], [ 28.603531841425017, 44.38767618991249 ], [ 28.602857241387863, 44.387361041923597 ], [ 28.601852784611857, 44.386891779579727 ], [ 28.601720753539915, 44.38683008574715 ], [ 28.600485060872533, 44.386457454408813 ], [ 28.599333551084143, 44.386266497077472 ], [ 28.598659180390484, 44.38615466038285 ], [ 28.598113423345115, 44.386293329282068 ], [ 28.597796689115132, 44.386530049470657 ], [ 28.597785481892839, 44.386538421610425 ], [ 28.597409631557962, 44.387768408377852 ], [ 28.597033766010842, 44.388998394259445 ], [ 28.595683038561685, 44.389025655288215 ], [ 28.594696648129062, 44.389045547247328 ], [ 28.5945766774345, 44.389047966207514 ], [ 28.594425379082509, 44.389316209761233 ], [ 28.594021371957805, 44.389600115665246 ], [ 28.593570311045273, 44.389758914086123 ], [ 28.592858938397775, 44.389785511536665 ], [ 28.592276862750264, 44.390812922467234 ], [ 28.592133229683085, 44.391446544399727 ], [ 28.592124988664775, 44.391482896495873 ], [ 28.59192392392945, 44.392369912141355 ], [ 28.591894504565428, 44.393586541505229 ], [ 28.591969112841046, 44.393735008078075 ], [ 28.592096451381948, 44.393823785984161 ], [ 28.592254114435985, 44.393888841949405 ], [ 28.592873421300059, 44.39403629652093 ], [ 28.593019529349004, 44.394107167951084 ], [ 28.593118254772616, 44.394174788954224 ], [ 28.594066955372035, 44.394936298555464 ], [ 28.594782188384038, 44.395510389069486 ], [ 28.59525340104517, 44.395858435935516 ], [ 28.595724619378736, 44.396206480748759 ], [ 28.595880042801198, 44.396276951910508 ], [ 28.596257081063815, 44.396447887424657 ], [ 28.59847147562407, 44.397451764450736 ], [ 28.598621184273938, 44.39762365866374 ], [ 28.598925174524652, 44.398659980632623 ], [ 28.59903095142862, 44.399020532178014 ], [ 28.599179883402329, 44.399697558623444 ], [ 28.599328818875154, 44.400374581256948 ], [ 28.599362373646745, 44.400606426885432 ], [ 28.599642259006476, 44.402511248756724 ], [ 28.599922163448721, 44.404416069954216 ], [ 28.599928787054957, 44.404628093354667 ], [ 28.602747035993936, 44.404582449646327 ], [ 28.60325073503537, 44.40508233149702 ], [ 28.603754442845549, 44.405582210974913 ], [ 28.603962028504771, 44.40674514997793 ], [ 28.604137050686298, 44.407419283097049 ], [ 28.60504789839359, 44.410349173130456 ], [ 28.60129343283473, 44.410834288873083 ], [ 28.594840293761823, 44.411667796161929 ], [ 28.588386957759422, 44.412500936503378 ], [ 28.58067212314252, 44.4133609984599 ], [ 28.57898162139788, 44.413549384669111 ], [ 28.572016784848664, 44.414121070865434 ], [ 28.572304679146701, 44.414736947325011 ], [ 28.57252800496515, 44.415021298073839 ], [ 28.573216108677123, 44.414978385833663 ], [ 28.57328557725986, 44.4153097559334 ], [ 28.573781417595693, 44.415564383858509 ], [ 28.57405092558151, 44.415882378182197 ], [ 28.575042572411718, 44.416707645059404 ], [ 28.575215317634907, 44.416807497305605 ], [ 28.57521039255111, 44.41680180281022 ], [ 28.57553846395669, 44.41711139283192 ], [ 28.575866540205748, 44.417420982708308 ], [ 28.576009020583221, 44.418163728275964 ], [ 28.576455755345357, 44.418986755650728 ], [ 28.576455968936589, 44.418990208288243 ], [ 28.577267737000479, 44.419584889245122 ], [ 28.578786988981861, 44.420697806190958 ], [ 28.578952291323908, 44.420716766920116 ], [ 28.578966052765541, 44.420715694534195 ], [ 28.579880926227027, 44.420644359757667 ], [ 28.584824923252242, 44.420288610013586 ], [ 28.597235730392999, 44.419280181646734 ], [ 28.600533057567873, 44.41901643351131 ], [ 28.603830351730426, 44.418752589282754 ], [ 28.603942164441385, 44.418780352947913 ], [ 28.603997508875512, 44.418851524569426 ], [ 28.604274842534185, 44.420977995205391 ], [ 28.604633494340767, 44.423346904736853 ], [ 28.604824381555659, 44.424280453398154 ], [ 28.598923172728494, 44.425182833872242 ], [ 28.598922239256776, 44.425182996982983 ], [ 28.598932712345789, 44.425218175031191 ], [ 28.597384790860552, 44.425488992864935 ], [ 28.596364621575869, 44.425667471990131 ], [ 28.59463483984328, 44.425970066522986 ], [ 28.594108407430745, 44.426062153268887 ], [ 28.591420972704647, 44.42653220100572 ], [ 28.589947584668039, 44.426789876142443 ], [ 28.589625031757357, 44.426846283101007 ], [ 28.589095861930243, 44.426936094126738 ], [ 28.588823148053041, 44.426948955977394 ], [ 28.588701178324367, 44.426954708692961 ], [ 28.588295413422564, 44.426937461784028 ], [ 28.587369559943873, 44.426795738696732 ], [ 28.58666358768285, 44.426613093520878 ], [ 28.586009632398735, 44.426428606694856 ], [ 28.585789922934591, 44.426343863671661 ], [ 28.585733218074118, 44.426321995226296 ], [ 28.585352026474236, 44.426205595156695 ], [ 28.584434639131388, 44.425873268233637 ], [ 28.584154345551749, 44.425701592025078 ], [ 28.583963947465424, 44.425576873326314 ], [ 28.583789757338753, 44.425432956241224 ], [ 28.583714913606421, 44.425348151950878 ], [ 28.583799776663653, 44.425594556194852 ], [ 28.584129030988453, 44.426222233474974 ], [ 28.584228649009365, 44.427159898763172 ], [ 28.584284653942763, 44.427544100771939 ], [ 28.584616469625171, 44.429006107306428 ], [ 28.584948303190895, 44.430468112751484 ], [ 28.584954127174925, 44.430494786970215 ], [ 28.585438442491949, 44.43274493948482 ], [ 28.585752034116595, 44.434201802551016 ], [ 28.585902867410226, 44.434196610502838 ], [ 28.585903507956704, 44.434202072794164 ], [ 28.585982512774052, 44.434380990111123 ], [ 28.586140238981706, 44.434561694527652 ], [ 28.586236725681406, 44.434663598630095 ], [ 28.586246228331664, 44.434816724071176 ], [ 28.586333467120731, 44.434951222835046 ], [ 28.586407957897453, 44.435061901717908 ], [ 28.586495197446489, 44.435196400347053 ], [ 28.586570689283498, 44.43532319819343 ], [ 28.586603190418817, 44.435483666782645 ], [ 28.586690431084058, 44.435618165247384 ], [ 28.586857410022244, 44.435766272939645 ], [ 28.587012642770457, 44.435906679671064 ], [ 28.587522334901411, 44.436310346529496 ], [ 28.587683073487021, 44.436539404052141 ], [ 28.587792815944734, 44.436673184577053 ], [ 28.587811569922192, 44.436793715001812 ], [ 28.58779808039888, 44.436939498195152 ], [ 28.587751845492861, 44.437102475107551 ], [ 28.587605874177207, 44.437292856678368 ], [ 28.587527894873716, 44.437489146213998 ], [ 28.58752040884977, 44.437731641105948 ], [ 28.587582915267198, 44.438012280515316 ], [ 28.587663417118918, 44.43821966929989 ], [ 28.587749665029914, 44.43833804865853 ], [ 28.587791417035024, 44.438465921161402 ], [ 28.587797421895679, 44.438562631956657 ], [ 28.587779928835726, 44.438643941608127 ], [ 28.587682692263442, 44.438711641804829 ], [ 28.587576178129318, 44.439005633118349 ], [ 28.587573687299809, 44.439013124817421 ], [ 28.587567960445501, 44.439013616176794 ], [ 28.582871456252033, 44.439416141447339 ], [ 28.578169153673009, 44.439818961850015 ], [ 28.577086079753158, 44.439911712468351 ], [ 28.57703621270791, 44.439915984805225 ], [ 28.573850544120603, 44.440188736685805 ], [ 28.570664841452754, 44.44046139805527 ], [ 28.568323792231975, 44.440673221614048 ], [ 28.568090360738548, 44.44065942832124 ], [ 28.565746088525497, 44.440860216822088 ], [ 28.565397549680167, 44.440890052531515 ], [ 28.564609700820284, 44.440957571611385 ], [ 28.564390358035105, 44.440976351082369 ], [ 28.564171015039303, 44.440995129229627 ], [ 28.563863782366276, 44.441021431925058 ], [ 28.563538554923671, 44.441049274961742 ], [ 28.563304259862662, 44.441069331497921 ], [ 28.562084451901374, 44.44117374740636 ], [ 28.56086463908165, 44.441278149271824 ], [ 28.560225203969352, 44.441341245392472 ], [ 28.559558226893788, 44.441407059993566 ], [ 28.558891246871799, 44.441472869808919 ], [ 28.558757446548555, 44.441483987876552 ], [ 28.55809236421975, 44.441539250245896 ], [ 28.557427280501486, 44.441594508706935 ], [ 28.556710758149968, 44.441655624871075 ], [ 28.555994234146667, 44.441716736499693 ], [ 28.555707115429481, 44.441741222599632 ], [ 28.555379692607353, 44.441774151812211 ], [ 28.555174807188212, 44.441794756289681 ], [ 28.554642497830759, 44.441848286580203 ], [ 28.554402578920389, 44.441853183223465 ], [ 28.554162661208203, 44.441858079316653 ], [ 28.554078756681164, 44.441859790948484 ], [ 28.553815927282294, 44.441886315568581 ], [ 28.553553097679227, 44.441912840477684 ], [ 28.553223221514628, 44.44194725357886 ], [ 28.551757706024496, 44.442100127042224 ], [ 28.550681682157666, 44.442208681030543 ], [ 28.549413103143952, 44.442336025146957 ], [ 28.549029260134457, 44.442365106833165 ], [ 28.548822964127403, 44.442380736019629 ], [ 28.548232825359559, 44.442425443774312 ], [ 28.548015661216898, 44.44244189574556 ], [ 28.547794014417853, 44.44245868575706 ], [ 28.547565530478654, 44.442480310829048 ], [ 28.547370549119879, 44.442498763759232 ], [ 28.547288950724312, 44.442506486263028 ], [ 28.546783886128072, 44.442554284516824 ], [ 28.546740148436065, 44.442562836121475 ], [ 28.546450943379067, 44.442556032382143 ], [ 28.546182934290467, 44.442532646248196 ], [ 28.545936609970347, 44.442500618563592 ], [ 28.545410217414364, 44.442429667326053 ], [ 28.545117113495763, 44.442359325287676 ], [ 28.544858243360125, 44.442303819392926 ], [ 28.54458779985023, 44.44224071943087 ], [ 28.544320767178405, 44.442233212117024 ], [ 28.543976621811513, 44.442236089652326 ], [ 28.543458513927256, 44.44230014261754 ], [ 28.543150060477977, 44.442341679963057 ], [ 28.542845988157751, 44.442454694090358 ], [ 28.542783968936007, 44.442473573690108 ], [ 28.547365936405189, 44.44960047662056 ], [ 28.547445470884472, 44.449724170428098 ], [ 28.547832551964934, 44.450142309800476 ], [ 28.548336324208215, 44.450555933719492 ], [ 28.549515493512512, 44.451428177026401 ], [ 28.554349934348544, 44.455094107063992 ], [ 28.554504550275158, 44.455228648653581 ], [ 28.554714307262, 44.455411169406247 ], [ 28.555068804399678, 44.455852637512997 ], [ 28.556036637603349, 44.457057872675058 ], [ 28.556795511791869, 44.458028410382575 ], [ 28.556869008526871, 44.458162383479959 ], [ 28.557046802383933, 44.458486470197037 ], [ 28.557168075962121, 44.458788155259072 ], [ 28.557339096919179, 44.459293200717781 ], [ 28.557648712538963, 44.460168347532026 ], [ 28.558728485105959, 44.463333481994383 ], [ 28.559343469446411, 44.46511735962747 ], [ 28.559205910847968, 44.465135951725614 ], [ 28.559149748345746, 44.465150305908487 ], [ 28.559146672334414, 44.465151092863145 ], [ 28.558160711872368, 44.465293455482531 ], [ 28.557165781872595, 44.465437103923961 ], [ 28.555992957243152, 44.465592205519492 ], [ 28.554820126012821, 44.465747295900172 ], [ 28.553060161926901, 44.465995786053625 ], [ 28.553010116064236, 44.466000238489571 ], [ 28.551379545840401, 44.46622104336096 ], [ 28.550220808940182, 44.466376156810185 ], [ 28.549062065468057, 44.466531258436355 ], [ 28.54768584021561, 44.46671907222364 ], [ 28.546291276828665, 44.466887116032858 ], [ 28.546288743141972, 44.466886439478543 ], [ 28.546280252250178, 44.466851986739222 ], [ 28.546134800875226, 44.466705846448313 ], [ 28.545807347080597, 44.466483058151674 ], [ 28.545677188989991, 44.466394501921606 ], [ 28.545479895809326, 44.466260268867053 ], [ 28.545122097316831, 44.465195489241061 ], [ 28.545082374914415, 44.465172361951502 ], [ 28.544708458007491, 44.464954656829462 ], [ 28.544478791709722, 44.464615846955205 ], [ 28.544395678507811, 44.464540203398464 ], [ 28.544102074069439, 44.464272985307062 ], [ 28.54376730085156, 44.463660837925033 ], [ 28.542981078421569, 44.463298940588253 ], [ 28.542801759157129, 44.463017313630232 ], [ 28.542665770351814, 44.462985023727533 ], [ 28.542471046665973, 44.462937314271116 ], [ 28.541270476496535, 44.462796268739275 ], [ 28.541201088396306, 44.462796115370558 ], [ 28.540587705917261, 44.462583242209824 ], [ 28.540015651397976, 44.462384708479597 ], [ 28.540003766156662, 44.462380583668285 ], [ 28.53965767492479, 44.46221812586132 ], [ 28.539177358925016, 44.461991497691443 ], [ 28.539134971291773, 44.461971497366939 ], [ 28.538549752047913, 44.46156233950726 ], [ 28.537274094363251, 44.460670428775629 ], [ 28.537172112990316, 44.460153312650547 ], [ 28.536919940162328, 44.45997035255516 ], [ 28.53555344687155, 44.458978884239322 ], [ 28.534938951331849, 44.45851142827982 ], [ 28.534155711110849, 44.457948641905652 ], [ 28.532879890098844, 44.45703188266895 ], [ 28.532870883088769, 44.457023465482102 ], [ 28.532741647053655, 44.45702265113264 ], [ 28.532630714319509, 44.457043175751345 ], [ 28.532519782758314, 44.45706370022269 ], [ 28.532310300656285, 44.457084882631428 ], [ 28.532101660498125, 44.45700864127155 ], [ 28.531925763049841, 44.456911892840871 ], [ 28.531806087492736, 44.456845034635485 ], [ 28.531583230318315, 44.456727321306218 ], [ 28.531335569669139, 44.456650801508054 ], [ 28.531038975376184, 44.456586646920293 ], [ 28.530745653300876, 44.456523198419887 ], [ 28.53063589201204, 44.456499456886874 ], [ 28.530561578964402, 44.45649095880762 ], [ 28.530409210610465, 44.456436739665733 ], [ 28.529558757853088, 44.456423280114322 ], [ 28.529374944512483, 44.456420126373501 ], [ 28.528913276572958, 44.456300853479476 ], [ 28.528641206879367, 44.456126597520608 ], [ 28.528404510527928, 44.455920024948135 ], [ 28.528126230720325, 44.455745962418625 ], [ 28.527889187638131, 44.455686518266113 ], [ 28.527652145030547, 44.455627073607282 ], [ 28.527291787364216, 44.455535827357131 ], [ 28.526784234491647, 44.455480396476631 ], [ 28.526342030604287, 44.455373878284007 ], [ 28.526262592532539, 44.455296120563013 ], [ 28.526279836056823, 44.455170752620035 ], [ 28.526243069509377, 44.455078283679647 ], [ 28.526125270220561, 44.454983894641437 ], [ 28.526059615311816, 44.454927994849143 ], [ 28.5260793039138, 44.454842673678918 ], [ 28.526081713111996, 44.454780184292801 ], [ 28.525976304846857, 44.454582870711754 ], [ 28.525989781408487, 44.454497744104273 ], [ 28.525983805682163, 44.454399852857811 ], [ 28.525944867146045, 44.454271786502716 ], [ 28.525932713425004, 44.454276625066669 ], [ 28.52591971092637, 44.454165579143357 ], [ 28.525820857936314, 44.454177590762484 ], [ 28.524503269229818, 44.454251927679962 ], [ 28.524272417697077, 44.453542759734496 ], [ 28.511391601270191, 44.4512000543236 ], [ 28.511358159444129, 44.45124478787379 ], [ 28.511139530408361, 44.451205227130288 ], [ 28.51115343492912, 44.451182962179736 ], [ 28.510574015067814, 44.450926959707218 ], [ 28.509786073661438, 44.450566166334809 ], [ 28.506909876636808, 44.448958706011226 ], [ 28.505960433093065, 44.44842804098468 ], [ 28.505522310819138, 44.448335553528835 ], [ 28.505827549705657, 44.447119265939563 ], [ 28.505827092905385, 44.447111738351055 ], [ 28.505540155869301, 44.44672092655037 ], [ 28.505285202401872, 44.446510135260738 ], [ 28.505062231027001, 44.446479365593383 ], [ 28.504523990082031, 44.446458409856646 ], [ 28.503797500607568, 44.446458394939334 ], [ 28.503419177711329, 44.446470168549808 ], [ 28.502996546733154, 44.446272132740482 ], [ 28.502313490624264, 44.445946433988709 ], [ 28.501797670601892, 44.445600445015785 ], [ 28.501296470741128, 44.445321880722979 ], [ 28.500862433796716, 44.445109107387836 ], [ 28.500841872834599, 44.445117289461457 ], [ 28.50041380592091, 44.444655429572336 ], [ 28.500141113375854, 44.44397755195407 ], [ 28.500189551272584, 44.443908164392425 ], [ 28.504467542123209, 44.44066761345487 ], [ 28.50448810104259, 44.44065943165262 ], [ 28.511114979523121, 44.435369366393772 ], [ 28.515407220070792, 44.431863953153652 ], [ 28.516136618455889, 44.431222695624179 ], [ 28.516624478687305, 44.431282879352793 ], [ 28.517696591468766, 44.431430399208821 ], [ 28.518406000792648, 44.431498736208603 ], [ 28.518427472260012, 44.431505607818586 ], [ 28.518807526120156, 44.431523898065393 ], [ 28.518988422240845, 44.431555954993151 ], [ 28.519241027295941, 44.431555599747263 ], [ 28.519775006382314, 44.431508735203586 ], [ 28.520096569578229, 44.431430798069435 ], [ 28.520510352554794, 44.431138788322329 ], [ 28.520927300082306, 44.430725999663025 ], [ 28.521185276961887, 44.430295554997045 ], [ 28.521467888887372, 44.42975120339549 ], [ 28.521654566808373, 44.429187224231846 ], [ 28.521709300975175, 44.428876273194177 ], [ 28.521862253352992, 44.428622588317459 ], [ 28.522040298922768, 44.4282625233785 ], [ 28.521409380527562, 44.427754293869228 ], [ 28.521236706711079, 44.427684271934702 ], [ 28.52108550356435, 44.427621119949194 ], [ 28.520450972353135, 44.427226134813722 ], [ 28.520446152873294, 44.427207018581534 ], [ 28.519459576841967, 44.426421043866313 ], [ 28.518943992262219, 44.426028750492613 ], [ 28.518669490700891, 44.425925218237225 ], [ 28.518419242720469, 44.425852959264034 ], [ 28.517955615488141, 44.425763345049972 ], [ 28.517539037159818, 44.425712298950842 ], [ 28.517086566205965, 44.425622332559769 ], [ 28.516826140197164, 44.425566405487608 ], [ 28.516151571419236, 44.425499389902043 ], [ 28.515625889629312, 44.425491786031593 ], [ 28.515245205763073, 44.425479650649514 ], [ 28.514919804174728, 44.425457780373925 ], [ 28.514622056375181, 44.425523134412153 ], [ 28.514323337227076, 44.425572501522431 ], [ 28.51394799783937, 44.425648284484325 ], [ 28.513824334172728, 44.425636128515343 ], [ 28.51361047004556, 44.425610772517352 ], [ 28.513396606039514, 44.425585415211692 ], [ 28.512949971084495, 44.425591347040346 ], [ 28.512693921633112, 44.425607346098339 ], [ 28.512168724489346, 44.425607719162024 ], [ 28.511809862489308, 44.425586883034654 ], [ 28.511757477343334, 44.425460388535313 ], [ 28.51159404164094, 44.4253453658716 ], [ 28.511556211176281, 44.425274472976525 ], [ 28.511493146040817, 44.424972133379008 ], [ 28.511304019225836, 44.42498604153721 ], [ 28.511303975426557, 44.424993346105936 ], [ 28.509703386244972, 44.422189515959857 ], [ 28.508300445205784, 44.422859305211695 ], [ 28.505500050720219, 44.422791505019376 ], [ 28.503956671788895, 44.423052596911617 ], [ 28.502048088351575, 44.423684551394821 ], [ 28.501617564977948, 44.423814301954984 ], [ 28.501226485278981, 44.424059180517254 ], [ 28.500714926230703, 44.424191447267802 ], [ 28.50009068992718, 44.423803612316689 ], [ 28.499552413399105, 44.423494551190139 ], [ 28.498927490714447, 44.423095096369096 ], [ 28.498895981349563, 44.423049432213823 ], [ 28.498571664779355, 44.422848246843877 ], [ 28.498137451025052, 44.422836887533961 ], [ 28.497722286971364, 44.416834906407573 ], [ 28.497720786188559, 44.416810098317235 ], [ 28.495917885963564, 44.416816401613922 ], [ 28.495674841893827, 44.416811522968587 ], [ 28.49510296922147, 44.416816855347896 ], [ 28.4935438620189, 44.41684040365358 ], [ 28.491898967348913, 44.416879020104567 ], [ 28.491533276753739, 44.416853082782936 ], [ 28.49139791770618, 44.416845234311566 ], [ 28.491333610670818, 44.416844014655858 ], [ 28.489655485367436, 44.416828737900801 ], [ 28.487977360206763, 44.416813436118339 ], [ 28.486469415971911, 44.416799667449027 ], [ 28.484047412803157, 44.416777512228848 ], [ 28.481625409943955, 44.416755304875231 ], [ 28.480497728976534, 44.416634223594606 ], [ 28.479788395060599, 44.416558054893315 ], [ 28.479370052403407, 44.416513130947635 ], [ 28.478550877594145, 44.416541467388356 ], [ 28.478127398687018, 44.416556113963637 ], [ 28.477878536470332, 44.41656472059897 ], [ 28.477731701805673, 44.416569797880818 ], [ 28.477680405149137, 44.416567946030312 ], [ 28.477655578612421, 44.416459375056284 ], [ 28.477261949186929, 44.414737887661083 ], [ 28.477220358744905, 44.414555994710227 ], [ 28.47675042792747, 44.412500653205917 ], [ 28.476736583195628, 44.412440099644293 ], [ 28.476509332168408, 44.412354201898559 ], [ 28.476263252281758, 44.41235151744781 ], [ 28.475186858105271, 44.412425242791322 ], [ 28.474233607058807, 44.412490524096953 ], [ 28.474110460828594, 44.412498956986489 ], [ 28.47316327313775, 44.412561614554626 ], [ 28.47221608446845, 44.412624265045082 ], [ 28.47216303634292, 44.412625775528142 ], [ 28.472017579663479, 44.412629916096058 ], [ 28.471527021490218, 44.412643881114526 ], [ 28.471269331147916, 44.412651216794494 ], [ 28.470521083134166, 44.412672511590756 ], [ 28.470070700606314, 44.412675714228307 ], [ 28.469620319175199, 44.412678914127419 ], [ 28.469321662021855, 44.412681035277089 ], [ 28.46844329149096, 44.412710592297238 ], [ 28.4684183865566, 44.412711430913987 ], [ 28.467959255325283, 44.412726878058812 ], [ 28.467515108674245, 44.412741819356533 ], [ 28.467248704553175, 44.412756336507641 ], [ 28.466611082304652, 44.412791081462032 ], [ 28.465973459184003, 44.412825822816778 ], [ 28.465774863689923, 44.412831821278765 ], [ 28.465639392715509, 44.412857819221209 ], [ 28.465233541681847, 44.413072209093144 ], [ 28.465010475883826, 44.413160925229114 ], [ 28.464760696481076, 44.413184984748916 ], [ 28.464296193866886, 44.413182912873417 ], [ 28.463772858436428, 44.413215389824884 ], [ 28.463386301487478, 44.413243654627117 ], [ 28.46321880211082, 44.413243352330035 ], [ 28.463103516106109, 44.413225073168583 ], [ 28.462802598439932, 44.413157940459655 ], [ 28.462494733915101, 44.413101932546269 ], [ 28.462225843207506, 44.413061094988585 ], [ 28.461997555225025, 44.413062660800463 ], [ 28.461724978087261, 44.413087414804615 ], [ 28.461595800075258, 44.413091387835706 ], [ 28.461486809144581, 44.413051086969084 ], [ 28.461345793061536, 44.412984488050377 ], [ 28.461282720631651, 44.412948232116641 ], [ 28.461259925224091, 44.412948933139774 ], [ 28.460817567685961, 44.412935253132922 ], [ 28.460445555949306, 44.412952147813542 ], [ 28.460127060467276, 44.41297285242819 ], [ 28.459687311131908, 44.413002740676056 ], [ 28.457765476673121, 44.413072711711237 ], [ 28.455532736625955, 44.41316310925734 ], [ 28.455540661884218, 44.413168322317276 ], [ 28.452906802089323, 44.413298264755575 ], [ 28.450546163174408, 44.413414313093263 ], [ 28.450370739171568, 44.413408777331455 ], [ 28.449554745723955, 44.41172588686306 ], [ 28.449551157186207, 44.411728060543929 ], [ 28.447570457665542, 44.407731247979612 ], [ 28.447558902072881, 44.407738372887728 ], [ 28.447316342979782, 44.407248986363612 ], [ 28.44317318562792, 44.416514130565162 ], [ 28.442455009290697, 44.418114102960438 ], [ 28.441736793844409, 44.419714062570833 ], [ 28.441720188283902, 44.419751045110772 ], [ 28.441415077825305, 44.420430651194756 ], [ 28.441466596964634, 44.420442626895522 ], [ 28.440234741148771, 44.423165245355555 ], [ 28.440160151598242, 44.423330309154764 ], [ 28.43771360023549, 44.428743838142985 ], [ 28.43491139201236, 44.431031596073716 ], [ 28.434863720816821, 44.431061457949774 ], [ 28.432375385018069, 44.433105498225494 ], [ 28.429886873753944, 44.435149486444281 ], [ 28.429855646951193, 44.435177665584284 ], [ 28.429123026063131, 44.435779068751884 ], [ 28.425400624126798, 44.43898546722896 ], [ 28.425346336460667, 44.439027332111031 ], [ 28.425095295424423, 44.438878733069693 ], [ 28.425059317223795, 44.438909936615957 ], [ 28.423353881496048, 44.437900388397722 ], [ 28.423319684205172, 44.43787298507435 ], [ 28.42228434710194, 44.437209896243161 ], [ 28.415020675815345, 44.43255717792254 ], [ 28.41086372059878, 44.436234571377575 ], [ 28.410119896857953, 44.436891137429022 ], [ 28.40983703008397, 44.437087939651853 ], [ 28.409686605323763, 44.437192597661166 ], [ 28.409551622803964, 44.437286508099113 ], [ 28.408363877392418, 44.438112833128073 ], [ 28.408277346854529, 44.438173032344807 ], [ 28.406600234154137, 44.43906424708689 ], [ 28.403242404454808, 44.43983633554096 ], [ 28.403085791445292, 44.439871592698651 ], [ 28.402956704607174, 44.439887703839695 ], [ 28.40292950374106, 44.43989445054612 ], [ 28.402326202149858, 44.440044077402348 ], [ 28.401069621331335, 44.440355716717043 ], [ 28.399818847824577, 44.440665887883185 ], [ 28.397872650344375, 44.441148488979294 ], [ 28.397329490291682, 44.441274259184915 ], [ 28.394835846823167, 44.441851613746024 ], [ 28.39421246309611, 44.44199593246335 ], [ 28.393738795780891, 44.442105588170421 ], [ 28.392232218031111, 44.442454357632265 ], [ 28.390675810742298, 44.442814633094521 ], [ 28.38975657282467, 44.443027400280414 ], [ 28.388701313800922, 44.443271657087841 ], [ 28.388643642143833, 44.443285006026308 ], [ 28.387180785208841, 44.4436235690941 ], [ 28.386665217689767, 44.443743332040135 ], [ 28.386132127397367, 44.443867160798646 ], [ 28.384898867305651, 44.444153615304579 ], [ 28.382435793264495, 44.444725666593257 ], [ 28.381205931305519, 44.445011300909535 ], [ 28.380477701233545, 44.445180423620457 ], [ 28.380208199037401, 44.445243008746374 ], [ 28.377093204392622, 44.445966327461363 ], [ 28.376187250421093, 44.446176661559008 ], [ 28.376171764111181, 44.446142434454799 ], [ 28.375311386301949, 44.444479819430413 ], [ 28.375295137413268, 44.444452529973105 ], [ 28.375014717959143, 44.444603898133408 ], [ 28.37491576426568, 44.444687556098643 ], [ 28.374389062567364, 44.445132876526934 ], [ 28.373849044822229, 44.445589424935143 ], [ 28.373558769285356, 44.445859087899642 ], [ 28.373378255554051, 44.446075823743385 ], [ 28.373055560046392, 44.446491444163712 ], [ 28.372825016641833, 44.446765204052006 ], [ 28.372728287921262, 44.446819053952616 ], [ 28.371142088616669, 44.447578476633502 ], [ 28.370887996650559, 44.447681515062371 ], [ 28.369371340343665, 44.447885648831033 ], [ 28.368711168671879, 44.447966619633242 ], [ 28.368423364493431, 44.448013676376881 ], [ 28.368263683884937, 44.448048129849248 ], [ 28.366942047498821, 44.448432602571387 ], [ 28.366372832595268, 44.448598175761155 ], [ 28.36601828392363, 44.448722304039308 ], [ 28.365553047277128, 44.44893207007236 ], [ 28.363972475806399, 44.449758317111524 ], [ 28.362717753955724, 44.450457374253148 ], [ 28.361709668692413, 44.451018994542828 ], [ 28.361503639925715, 44.451103280126738 ], [ 28.361378940147141, 44.451136634263719 ], [ 28.361001128981698, 44.451195380476314 ], [ 28.360103837766875, 44.451347151366583 ], [ 28.359216869656755, 44.451380811311516 ], [ 28.356235073328058, 44.451528887287601 ], [ 28.353953482924503, 44.451855172689918 ], [ 28.352499719026888, 44.45206305552567 ], [ 28.352283727343316, 44.452216381946407 ], [ 28.351271373891155, 44.452935031523381 ], [ 28.351127951856025, 44.453094136948494 ], [ 28.349529974139635, 44.454866920904259 ], [ 28.348479775610578, 44.456264261768105 ], [ 28.347780459326767, 44.457543314201331 ], [ 28.347577771860777, 44.457629374113253 ], [ 28.346738974739974, 44.457921195766438 ], [ 28.346560175028529, 44.458084371792324 ], [ 28.346019903892373, 44.458659503268805 ], [ 28.344930783388641, 44.459496342045988 ], [ 28.343484211347175, 44.460607790388501 ], [ 28.34209587956747, 44.461443292414103 ], [ 28.341360912689449, 44.46187469060213 ], [ 28.339412048289983, 44.462506415725571 ], [ 28.337609325682617, 44.463255918971846 ], [ 28.337205425741544, 44.463535704150836 ], [ 28.336428633543818, 44.464073777876749 ], [ 28.335455933547102, 44.464539154932325 ], [ 28.334411852754439, 44.465072859053684 ], [ 28.333726542654301, 44.46535802850979 ], [ 28.333362459997733, 44.465464110265692 ], [ 28.332965721235947, 44.465611745931696 ], [ 28.3319994710724, 44.466065394769281 ], [ 28.331642267750254, 44.466233095507611 ], [ 28.331127419687814, 44.466397922415574 ], [ 28.329624917447795, 44.466878918707259 ], [ 28.329369951349072, 44.466949644867476 ], [ 28.328488075042202, 44.467095183924812 ], [ 28.328025943271243, 44.467171444846635 ], [ 28.325726737640583, 44.467550851857418 ], [ 28.325519109536454, 44.467571704464618 ], [ 28.322880156002029, 44.467512163276112 ], [ 28.322231317883826, 44.46748926888565 ], [ 28.322050911621847, 44.467515614541426 ], [ 28.321934715545368, 44.467561611521162 ], [ 28.320757317204222, 44.46823584841173 ], [ 28.320028854960153, 44.468695120438092 ], [ 28.31918158999591, 44.469348046215998 ], [ 28.319004214802789, 44.469451530801109 ], [ 28.317765740570696, 44.470061925899884 ], [ 28.317344807334415, 44.470243558757133 ], [ 28.314382905197689, 44.470924550496576 ], [ 28.314994721069368, 44.472074662499864 ], [ 28.319909878581829, 44.481243872195215 ], [ 28.320699942609963, 44.482247807471012 ], [ 28.320847756411169, 44.482527244465679 ], [ 28.321293818831396, 44.483539128922438 ], [ 28.32165699479101, 44.484362960610959 ], [ 28.318856779788906, 44.486110952132137 ], [ 28.31571858631218, 44.488069963281042 ], [ 28.313524402256146, 44.489439435156349 ], [ 28.312426790179085, 44.490124455233875 ], [ 28.307923384389603, 44.492934898663975 ], [ 28.307659069766505, 44.492977267077229 ], [ 28.307723458352761, 44.493338923173944 ], [ 28.307787552164278, 44.493647185557265 ], [ 28.307849227210674, 44.493770749968895 ], [ 28.308567722277694, 44.494920005113144 ], [ 28.30940796243317, 44.496373681265311 ], [ 28.309408522938391, 44.496383454454993 ], [ 28.309552233968603, 44.496663155594945 ], [ 28.309686094061586, 44.496930091645169 ], [ 28.309819955474676, 44.497197028421503 ], [ 28.309882615750936, 44.49733551707169 ], [ 28.309881734896859, 44.497479136631263 ], [ 28.309866943633565, 44.497698224695014 ], [ 28.309841046292053, 44.498041651657147 ], [ 28.309801238043143, 44.49846054712674 ], [ 28.309778784197089, 44.498546058111941 ], [ 28.30979572761748, 44.498551619714462 ], [ 28.309798756647425, 44.498725507189036 ], [ 28.309785071729259, 44.498850178463222 ], [ 28.309699775814508, 44.498937187455454 ], [ 28.309538778807713, 44.499036362375811 ], [ 28.30907487699336, 44.499303499477463 ], [ 28.30715341308067, 44.500314314396512 ], [ 28.306992123389751, 44.500408523247344 ], [ 28.306521332841641, 44.500919419909565 ], [ 28.306102307412853, 44.501364174337148 ], [ 28.305188139381144, 44.502380181615472 ], [ 28.305189845071677, 44.502409956105858 ], [ 28.304831275901957, 44.503061703421842 ], [ 28.30398566118647, 44.504547910731077 ], [ 28.303609144222694, 44.505166424740764 ], [ 28.303358668808393, 44.505535842040473 ], [ 28.302678718938459, 44.506478602376639 ], [ 28.302559367356245, 44.506644081251103 ], [ 28.301737855797825, 44.507265363033987 ], [ 28.300757653811868, 44.507953896904368 ], [ 28.30013049776575, 44.508394424037014 ], [ 28.299765718201417, 44.508650648294577 ], [ 28.299485224401682, 44.508754840818924 ], [ 28.298320804209908, 44.509057749606903 ], [ 28.296853023416354, 44.50943955375827 ], [ 28.296380827071747, 44.509562377604894 ], [ 28.296115790445256, 44.509666019255484 ], [ 28.295850751546826, 44.509769659434888 ], [ 28.295726676551404, 44.509949268625206 ], [ 28.295599415905102, 44.510133982275406 ], [ 28.295283106342701, 44.51059308459233 ], [ 28.295054650931565, 44.510924665982436 ], [ 28.294873882740809, 44.511190408792331 ], [ 28.294843761406128, 44.511338532181689 ], [ 28.294843516842924, 44.511559401630343 ], [ 28.294885956988168, 44.513090398525691 ], [ 28.294920576712528, 44.513471295131922 ], [ 28.294942985982669, 44.513525855308814 ], [ 28.295637979177894, 44.515030222870728 ], [ 28.296466103888719, 44.516815518404464 ], [ 28.296473126505742, 44.516835765553097 ], [ 28.296233709026609, 44.516887770749456 ], [ 28.29467652954385, 44.51626913349601 ], [ 28.293323937212786, 44.515731745299995 ], [ 28.288640632366814, 44.513871022592063 ], [ 28.28807994717593, 44.513648335383927 ], [ 28.285146066958333, 44.512483012333867 ], [ 28.28460117804936, 44.512265646810455 ], [ 28.2845446836793, 44.512243110274042 ], [ 28.283102934073611, 44.511670093921481 ], [ 28.282069043907015, 44.511259160561572 ], [ 28.27886203404298, 44.509984392591967 ], [ 28.278867009699887, 44.509991752256738 ], [ 28.279057417519638, 44.510273423486836 ], [ 28.280057567899767, 44.511017535372787 ], [ 28.28019524945972, 44.511120699850736 ], [ 28.281134836883428, 44.511824718254758 ], [ 28.282057615081605, 44.513145307345937 ], [ 28.282505791919192, 44.513783339821671 ], [ 28.282311335738083, 44.514197617093785 ], [ 28.281960024818616, 44.514494217312446 ], [ 28.281955052745214, 44.514491202797544 ], [ 28.281798827147199, 44.514520400196702 ], [ 28.281307169970468, 44.514612287947315 ], [ 28.280991872494578, 44.514763571663508 ], [ 28.280762613846772, 44.514759270029586 ], [ 28.280720418233123, 44.514758478388849 ], [ 28.280665970910725, 44.514728143496981 ], [ 28.280453354220107, 44.514609684565862 ], [ 28.280013365226637, 44.514321465053172 ], [ 28.279447838375219, 44.514080748430317 ], [ 28.278774921626706, 44.513923642908743 ], [ 28.27853376227042, 44.513939386572382 ], [ 28.277540815925491, 44.514250321518041 ], [ 28.276464362086767, 44.514494729530597 ], [ 28.276165957289397, 44.514599156965424 ], [ 28.275730952215344, 44.514871231449995 ], [ 28.275114266432208, 44.515217290361456 ], [ 28.274743406340825, 44.515351486402629 ], [ 28.273937137920939, 44.515643228551149 ], [ 28.273574916720374, 44.515740742079835 ], [ 28.272131606128973, 44.516007143963598 ], [ 28.270839990340431, 44.516112583661645 ], [ 28.268950592328864, 44.516280643797032 ], [ 28.268610672474928, 44.516450474233615 ], [ 28.268528249771652, 44.516491653712123 ], [ 28.26831058891279, 44.516737919318217 ], [ 28.268187190314961, 44.516980273348643 ], [ 28.268169359975595, 44.517116064531052 ], [ 28.268134026352453, 44.517385161421849 ], [ 28.268098683487338, 44.51765432249514 ], [ 28.26804069216427, 44.51809595992173 ], [ 28.267949741627014, 44.518166531723701 ], [ 28.267730674268755, 44.518463571951884 ], [ 28.269967923941024, 44.519271071401725 ], [ 28.275466073067626, 44.52128111127373 ], [ 28.281723673122972, 44.523550738718114 ], [ 28.281747496703542, 44.523559377927349 ], [ 28.281691296544633, 44.523645616236585 ], [ 28.281595072000151, 44.523793284919925 ], [ 28.280352605883124, 44.525699681990027 ], [ 28.279149143884538, 44.527546109696445 ], [ 28.278867193522753, 44.527978672173141 ], [ 28.278689981653226, 44.528250524316313 ], [ 28.278563347709454, 44.52844481513749 ], [ 28.278514962176839, 44.528521760448143 ], [ 28.278343415635302, 44.528794602321376 ], [ 28.278171615154932, 44.529067853762882 ], [ 28.277806679196296, 44.529650272321447 ], [ 28.277546445536011, 44.530062186322908 ], [ 28.277002939379908, 44.530926579133109 ], [ 28.276524300902746, 44.531688022119958 ], [ 28.276307082400081, 44.53203357817911 ], [ 28.275858735438401, 44.532746803694856 ], [ 28.275280673997894, 44.533684223580288 ], [ 28.27360887637008, 44.536314744820046 ], [ 28.273158526812395, 44.537023309012554 ], [ 28.272329879045387, 44.538323606641114 ], [ 28.271756084733138, 44.53920968974348 ], [ 28.271117171092449, 44.540196328479205 ], [ 28.271089596887606, 44.540238907323449 ], [ 28.26968454138817, 44.54243672580003 ], [ 28.2697012040171, 44.542442904973917 ], [ 28.269764114934368, 44.542466235559687 ], [ 28.266043967790921, 44.54826760299914 ], [ 28.274095681843267, 44.55118611401678 ], [ 28.282148199363021, 44.55410403864105 ], [ 28.282435154234907, 44.554168443952896 ], [ 28.282389851402122, 44.554347011248616 ], [ 28.282204480084399, 44.55507767091045 ], [ 28.281569548255053, 44.556733728466725 ], [ 28.281104710321799, 44.557765543836439 ], [ 28.280477023259195, 44.55855575848345 ], [ 28.278856366987974, 44.560293716019991 ], [ 28.278831281024608, 44.560324914036393 ], [ 28.278544614572397, 44.560761437971067 ], [ 28.278015793782714, 44.562972691624736 ], [ 28.277703510702707, 44.564450928373581 ], [ 28.278338655436325, 44.564575065017841 ], [ 28.278399567588192, 44.564586969757386 ], [ 28.278348984598434, 44.564902255579952 ], [ 28.278107219153739, 44.56491490210766 ], [ 28.277865886761763, 44.564927524716452 ], [ 28.277412950220445, 44.565544198184355 ], [ 28.277049988790498, 44.566038359003535 ], [ 28.276977049193331, 44.566102284045371 ], [ 28.277890229677347, 44.566436302483879 ], [ 28.280868966439854, 44.567389658987622 ], [ 28.284226618822945, 44.568428342189037 ], [ 28.285422067277235, 44.568811779105914 ], [ 28.285832487382152, 44.568930246325046 ], [ 28.286218515936124, 44.569041671098589 ], [ 28.286604545952393, 44.56915309452959 ], [ 28.287376610371791, 44.569375937363802 ], [ 28.287939270513114, 44.569538337779832 ], [ 28.288437522961615, 44.569692170330292 ], [ 28.288935778020932, 44.56984600064181 ], [ 28.290958529447341, 44.570472623127003 ], [ 28.287552610985344, 44.572750528148234 ], [ 28.28348977600298, 44.57546742491526 ], [ 28.283449611043253, 44.57549428134616 ], [ 28.280839987447173, 44.577238728594992 ], [ 28.278230205560853, 44.578983117838604 ], [ 28.278189939456809, 44.579010030190865 ], [ 28.277129867108787, 44.579698836187404 ], [ 28.277129791793097, 44.579698885195789 ], [ 28.276183916405266, 44.580313466619991 ], [ 28.273195854094688, 44.582254817995747 ], [ 28.271473129281109, 44.583373988297481 ], [ 28.271062543942897, 44.583640714047597 ], [ 28.271041464941806, 44.583654407932784 ], [ 28.270960270100662, 44.583707154392862 ], [ 28.270999018764957, 44.583739236238216 ], [ 28.270999041781188, 44.583739264381926 ], [ 28.271166960670435, 44.583981261652504 ], [ 28.271699711908738, 44.584749069701409 ], [ 28.27333664294142, 44.587108088012002 ], [ 28.274216620152973, 44.588376152502704 ], [ 28.274689331003916, 44.589068991605359 ], [ 28.276692564789247, 44.592004910883922 ], [ 28.278144297095672, 44.594132336577488 ], [ 28.278833647848369, 44.595142474234144 ], [ 28.279122616756847, 44.5955659026543 ], [ 28.279296689741216, 44.595881436215954 ], [ 28.279325483116644, 44.595933628271489 ], [ 28.27949228623666, 44.596254093634123 ], [ 28.280111046353031, 44.597442802886889 ], [ 28.280979808069819, 44.59911169447355 ], [ 28.280994303865921, 44.599146927921076 ], [ 28.281359789501181, 44.600034899077805 ], [ 28.281725266380505, 44.600922820897196 ], [ 28.281725285504162, 44.600922868960204 ], [ 28.282794430560308, 44.603520180244267 ], [ 28.283187690989735, 44.604475445880517 ], [ 28.283466669146936, 44.605153083442353 ], [ 28.283745649840778, 44.605830712260101 ], [ 28.283765043037704, 44.605873167764145 ], [ 28.28420471486784, 44.606835667340441 ], [ 28.284238532080277, 44.606909696190336 ], [ 28.285313605840237, 44.609259909811968 ], [ 28.285524051731215, 44.609719955344055 ], [ 28.286459328207542, 44.611764292447994 ], [ 28.286633452482917, 44.612144753656708 ], [ 28.286785924288978, 44.612556548260606 ], [ 28.286941133142587, 44.612856412299713 ], [ 28.28766196060095, 44.614292502534973 ], [ 28.288032081094631, 44.615146667658635 ], [ 28.288424298835167, 44.616068415290513 ], [ 28.288816529774465, 44.616990165908192 ], [ 28.289323120688309, 44.618047725734719 ], [ 28.289551026184139, 44.618523673805036 ], [ 28.29053888581517, 44.620736944506156 ], [ 28.29124058181154, 44.62203703468294 ], [ 28.291141153971711, 44.622048760184619 ], [ 28.291032951970806, 44.622061371925923 ], [ 28.290950215716279, 44.622091607861748 ], [ 28.290867600089705, 44.622121750178636 ], [ 28.290775918481913, 44.622169714155454 ], [ 28.290648672111431, 44.622254910632101 ], [ 28.290574110473038, 44.622317861167794 ], [ 28.290563302403893, 44.622369137317484 ], [ 28.290535325734353, 44.622503748202178 ], [ 28.290431949548889, 44.622569880399006 ], [ 28.290300728133758, 44.622653931938693 ], [ 28.290281522100145, 44.622734715015056 ], [ 28.290332845936586, 44.622798854230602 ], [ 28.290414694222704, 44.622803758984652 ], [ 28.290545003818565, 44.622761060761746 ], [ 28.290661243694473, 44.622653136208562 ], [ 28.29077748313658, 44.622545211542338 ], [ 28.290884420940863, 44.622510487926291 ], [ 28.291091586234291, 44.622504441989584 ], [ 28.291294797353491, 44.622554874059375 ], [ 28.291482628663523, 44.622680215042536 ], [ 28.291747920613012, 44.622857136572392 ], [ 28.292200824224349, 44.623820633510974 ], [ 28.292054809609319, 44.624351070905959 ], [ 28.292743877673217, 44.625407162037931 ], [ 28.292804582381098, 44.625496326629957 ], [ 28.292736522052916, 44.62554954484898 ], [ 28.291594110674254, 44.626444018255349 ], [ 28.291632308015387, 44.626468897831423 ], [ 28.292032126228985, 44.626680518020891 ], [ 28.292435802542492, 44.626784835442521 ], [ 28.292716264555324, 44.62692133583252 ], [ 28.293538562393579, 44.627643980124489 ], [ 28.294439842347252, 44.628239988631222 ], [ 28.295049712265474, 44.628360494235721 ], [ 28.295396405302206, 44.628511259603748 ], [ 28.295855799080954, 44.628751216069396 ], [ 28.295926254880303, 44.628835475247328 ], [ 28.295989969773519, 44.629066322310365 ], [ 28.297282453818404, 44.629953461502005 ], [ 28.297554129899023, 44.630036311079927 ], [ 28.297629958990964, 44.630762149191625 ], [ 28.297629961847662, 44.630762177019548 ], [ 28.298140509726007, 44.630744476506642 ], [ 28.298638887416928, 44.630727195381269 ], [ 28.298649365953061, 44.630726832160931 ], [ 28.299178467964033, 44.630708485185401 ], [ 28.299225736551797, 44.630705814817048 ], [ 28.299252236867797, 44.630704326450363 ], [ 28.303311554540951, 44.630475127980837 ], [ 28.303446885599804, 44.630467484035684 ], [ 28.303571903342661, 44.630460422959885 ], [ 28.304563746478451, 44.630404394913704 ], [ 28.305444382273805, 44.630354638449326 ], [ 28.305513331278352, 44.630349820948354 ], [ 28.306067767748843, 44.630311439129024 ], [ 28.306269220905765, 44.63030228010296 ], [ 28.310313887226702, 44.630118307344084 ], [ 28.314968054739939, 44.629906429632172 ], [ 28.316641229532209, 44.629830214634922 ], [ 28.321402026612233, 44.629613215676414 ], [ 28.321417572465929, 44.629614667507205 ], [ 28.321443755448399, 44.629897514308695 ], [ 28.321469929266922, 44.63018030645928 ], [ 28.321473541610018, 44.630187989205254 ], [ 28.321705746817045, 44.630682621576028 ], [ 28.321727526456602, 44.630724819881792 ], [ 28.321838746823168, 44.630967445145302 ], [ 28.321923449602018, 44.631152220840434 ], [ 28.322025156992446, 44.63137409161601 ], [ 28.322025140671968, 44.63165664858419 ], [ 28.322025106065762, 44.631939150272089 ], [ 28.322458053843718, 44.633529135236742 ], [ 28.322665245951626, 44.634544381261975 ], [ 28.323237074430459, 44.635615455713534 ], [ 28.323663111491214, 44.636413437573935 ], [ 28.322989608071097, 44.636897065619316 ], [ 28.322668998327376, 44.637127290976011 ], [ 28.322545089359888, 44.637243117405738 ], [ 28.32251237723715, 44.637273695354942 ], [ 28.322616181380404, 44.637294897818478 ], [ 28.323204521083827, 44.637415000887074 ], [ 28.324127268700831, 44.637603351577745 ], [ 28.327567251736646, 44.641186519241337 ], [ 28.327735887566732, 44.641362159190784 ], [ 28.32813457752426, 44.641777403921679 ], [ 28.328134621828724, 44.64177745033431 ], [ 28.328300056644181, 44.641949038621654 ], [ 28.328262461289174, 44.641981481178235 ], [ 28.328155547410439, 44.642073503339546 ], [ 28.328036268765388, 44.642143650952811 ], [ 28.327904570468093, 44.642208402490894 ], [ 28.327851375529004, 44.642226268909347 ], [ 28.327747960310091, 44.642261103562006 ], [ 28.327600791190452, 44.642293897653943 ], [ 28.327560637559742, 44.642299584227182 ], [ 28.327452310844848, 44.642314935304093 ], [ 28.327350944961143, 44.642319816626717 ], [ 28.327207323576072, 44.642326754768483 ], [ 28.324954127674051, 44.642337109477772 ], [ 28.321440738579405, 44.642353025002372 ], [ 28.320659847217421, 44.64236629503641 ], [ 28.32044013146287, 44.642396443656011 ], [ 28.320290509553516, 44.642461083577501 ], [ 28.320205997525186, 44.642517593997319 ], [ 28.320124492496941, 44.642606519361699 ], [ 28.320082137141235, 44.642720403079899 ], [ 28.320066998482719, 44.642822951218321 ], [ 28.320088905818114, 44.642959883594457 ], [ 28.32022604760898, 44.643818945751768 ], [ 28.320400088350855, 44.645281793451282 ], [ 28.320498351976141, 44.645991637439089 ], [ 28.320596618273303, 44.646701481325103 ], [ 28.320699481377268, 44.647643666712092 ], [ 28.320699189237668, 44.647817627791973 ], [ 28.320661448364469, 44.647878253727221 ], [ 28.320592887633186, 44.647988317222826 ], [ 28.320496312971521, 44.648104697682079 ], [ 28.320757500953562, 44.648107952187331 ], [ 28.321254445800164, 44.648113845969725 ], [ 28.321497260712391, 44.648116724997429 ], [ 28.32223702050776, 44.648125492054696 ], [ 28.322240956023787, 44.648711658370807 ], [ 28.322245896721174, 44.649447554569889 ], [ 28.322255988524354, 44.649855868476116 ], [ 28.322265528252721, 44.650181855700154 ], [ 28.322280862254186, 44.65070583503892 ], [ 28.322296196722249, 44.651229815280459 ], [ 28.322298336372636, 44.65130292038765 ], [ 28.322291267502937, 44.651789332376786 ], [ 28.322284198578046, 44.652275743477013 ], [ 28.322282086039881, 44.652421113738534 ], [ 28.322263404218681, 44.652868477259382 ], [ 28.322244722205248, 44.65331584078853 ], [ 28.322220164177295, 44.653903679346165 ], [ 28.322220164424831, 44.653903705449785 ], [ 28.322241752304969, 44.654347858861868 ], [ 28.322269202535239, 44.654912830323077 ], [ 28.322251955968628, 44.655378087998876 ], [ 28.322232918962779, 44.65589160633774 ], [ 28.322223426358306, 44.656147658401423 ], [ 28.322210157345303, 44.65614783582074 ], [ 28.322111741863065, 44.656149148813263 ], [ 28.32207068627779, 44.656890414711306 ], [ 28.32199869980613, 44.658190235760046 ], [ 28.321890647474039, 44.660141201165317 ], [ 28.321897573480292, 44.661701195795168 ], [ 28.321898686935814, 44.661727088434013 ], [ 28.321913786963194, 44.662078255924555 ], [ 28.321957216463868, 44.663088251524513 ], [ 28.321964847107452, 44.66326583309327 ], [ 28.322001110981475, 44.663735927512043 ], [ 28.32203737555713, 44.66420602191824 ], [ 28.322332960114228, 44.668036890801822 ], [ 28.322523740016713, 44.670509180318106 ], [ 28.322536327553191, 44.670551199323278 ], [ 28.322574818070397, 44.671063134513453 ], [ 28.32260338643944, 44.671443218162189 ], [ 28.322747554771297, 44.673360474079153 ], [ 28.323015117412908, 44.676918827718012 ], [ 28.32321857285314, 44.679623864886679 ], [ 28.323226338671429, 44.679668654997734 ], [ 28.323473232917699, 44.679639052966238 ], [ 28.323978729864965, 44.679572839520979 ], [ 28.324214413149058, 44.679539244342905 ], [ 28.324372824593567, 44.679513687984361 ], [ 28.324531109909767, 44.679488135117765 ], [ 28.324689245280492, 44.679457814444952 ], [ 28.324847380478452, 44.67942749355295 ], [ 28.325742114560789, 44.679325130300086 ], [ 28.326057739328835, 44.679292596132107 ], [ 28.326279549806827, 44.6793507038971 ], [ 28.326461888141875, 44.679428882985533 ], [ 28.326585854679436, 44.679455750658306 ], [ 28.326824904669625, 44.679514793259216 ], [ 28.326825267444427, 44.679514890607265 ], [ 28.326849501475948, 44.679643541413355 ], [ 28.326994565274937, 44.679573082332261 ], [ 28.327220156926529, 44.679700406788378 ], [ 28.327272038120107, 44.679624415479267 ], [ 28.327378729632713, 44.679562204133632 ], [ 28.327530013250218, 44.679509482039954 ], [ 28.327681165396562, 44.679456673579118 ], [ 28.327934131599839, 44.679364216311924 ], [ 28.328187102185868, 44.679271848373894 ], [ 28.328436792754133, 44.679164270191151 ], [ 28.328839424768269, 44.678949895934835 ], [ 28.329060921990379, 44.678898071278034 ], [ 28.329189446677884, 44.678883834365905 ], [ 28.329317971297705, 44.678869597308314 ], [ 28.330124239823235, 44.67884580157083 ], [ 28.330930507517703, 44.67882200008232 ], [ 28.332042348915845, 44.67881221811507 ], [ 28.333154189624473, 44.678802425198604 ], [ 28.334150646404613, 44.678802784131868 ], [ 28.335146982188245, 44.6788032278739 ], [ 28.336102017077668, 44.678790027817243 ], [ 28.337057051298626, 44.678776819684295 ], [ 28.337962882894558, 44.678716078500152 ], [ 28.338835067478097, 44.678657586310045 ], [ 28.338868712369916, 44.678655330072509 ], [ 28.341344673618181, 44.67862308497471 ], [ 28.344420644414658, 44.678579213030943 ], [ 28.344848695973514, 44.678425343135743 ], [ 28.345085695596634, 44.678247783963819 ], [ 28.345501779181372, 44.677888529009557 ], [ 28.350444446731284, 44.677634075932907 ], [ 28.355059184483618, 44.67744151557477 ], [ 28.35967388591315, 44.677248766949738 ], [ 28.365295542055335, 44.677013701432529 ], [ 28.368903053683951, 44.676862708674889 ], [ 28.370624765910005, 44.676819221769485 ], [ 28.371968379615637, 44.676785266999659 ], [ 28.375033700173379, 44.676707832058177 ], [ 28.375091633041134, 44.677126760823015 ], [ 28.376188330619513, 44.677237648170113 ], [ 28.377285163388301, 44.677348610906726 ], [ 28.37738308138066, 44.679300428928144 ], [ 28.376123563408001, 44.679559481820903 ], [ 28.376211770742657, 44.680193876929501 ], [ 28.37622919526126, 44.680319199364519 ], [ 28.376334828987538, 44.681078917723283 ], [ 28.377730845449488, 44.68089341973581 ], [ 28.377787091569285, 44.68088594535643 ], [ 28.377974670834949, 44.680861019389958 ], [ 28.377978837163813, 44.680888145855533 ], [ 28.377979986200799, 44.680895622507236 ], [ 28.377980176796598, 44.680896867442542 ], [ 28.377980614030921, 44.680899687879261 ], [ 28.377980620603282, 44.680899713793792 ], [ 28.377980739605462, 44.680900471060475 ], [ 28.37798114458371, 44.680902979127183 ], [ 28.377982483463377, 44.680911280254485 ], [ 28.37798669872662, 44.680937414825472 ], [ 28.377989229444189, 44.680953104885383 ], [ 28.378004172164161, 44.681045755128935 ], [ 28.378021655514701, 44.681154155460703 ], [ 28.378086930019393, 44.681558875793577 ], [ 28.378249492932149, 44.682566763666415 ], [ 28.378306448440192, 44.682937366043589 ], [ 28.378351227469782, 44.683228730405425 ], [ 28.378394258560288, 44.683625544105062 ], [ 28.378464054671333, 44.684037513956682 ], [ 28.378484088877954, 44.684207749624676 ], [ 28.37843297240374, 44.684215050891758 ], [ 28.378219132028633, 44.68425305861777 ], [ 28.377900177880818, 44.684298327837908 ], [ 28.377846584518636, 44.68432115369221 ], [ 28.377438293892787, 44.684370645791553 ], [ 28.376630723946782, 44.684510249745124 ], [ 28.376173825452447, 44.684972572039371 ], [ 28.375093013569124, 44.686097152212085 ], [ 28.374538809601738, 44.686289059623824 ], [ 28.373222451641659, 44.686256644230617 ], [ 28.372481013242371, 44.686030421383677 ], [ 28.371249779815429, 44.685167866003098 ], [ 28.369860776571311, 44.684720111024298 ], [ 28.364842773513658, 44.684808290424982 ], [ 28.365001397149975, 44.686458880251067 ], [ 28.364956141981295, 44.68649669474587 ], [ 28.365351955718278, 44.690507639697003 ], [ 28.365457670084247, 44.691578774164903 ], [ 28.35268101973643, 44.69224873528723 ], [ 28.351421544189542, 44.692294353526499 ], [ 28.349759316872746, 44.690679994972371 ], [ 28.345845490756972, 44.691267757229078 ], [ 28.344437483239389, 44.691447678602927 ], [ 28.341618384691756, 44.691912176716777 ], [ 28.340971931722411, 44.691990546171922 ], [ 28.338952994430837, 44.692321669025546 ], [ 28.33860179370161, 44.692394643955694 ], [ 28.338329203306678, 44.692451283888737 ], [ 28.332064208708957, 44.693325600020188 ], [ 28.32871957436187, 44.693785499562495 ], [ 28.326050632243824, 44.694251086076143 ], [ 28.325761870128556, 44.694266252189173 ], [ 28.318636164769948, 44.695422041232177 ], [ 28.317301599062905, 44.695616934603521 ], [ 28.315208832040053, 44.69592251840654 ], [ 28.314892623821539, 44.695969944527256 ], [ 28.314834198249343, 44.695980214469991 ], [ 28.314634950834709, 44.696015237922261 ], [ 28.314551203813931, 44.696045045976241 ], [ 28.3144875502128, 44.696067701811856 ], [ 28.315657212893615, 44.697192057549799 ], [ 28.318211001196829, 44.699443475579606 ], [ 28.319755732208314, 44.700887017919065 ], [ 28.320827356800475, 44.701856063328002 ], [ 28.32189901653571, 44.702825099004777 ], [ 28.325165751393488, 44.705785106239638 ], [ 28.326869494173348, 44.70729357229763 ], [ 28.326866307613631, 44.707295056424847 ], [ 28.326577710877121, 44.707429408250832 ], [ 28.326578000947393, 44.707429707629778 ], [ 28.326639051808307, 44.707492746050015 ], [ 28.326175789171533, 44.707617555002308 ], [ 28.326170856244012, 44.7076188834954 ], [ 28.325390781951157, 44.707984170005773 ], [ 28.325127106079719, 44.708052695286845 ], [ 28.324393733079976, 44.708295356382983 ], [ 28.323852222726497, 44.708433816222353 ], [ 28.323310707227659, 44.708572274475095 ], [ 28.322899372055961, 44.708634534498074 ], [ 28.322528004331943, 44.708720749457235 ], [ 28.321853504467907, 44.708881049566081 ], [ 28.3215503714632, 44.708955136054506 ], [ 28.320988789878314, 44.709137787006966 ], [ 28.320357969690733, 44.709299889922995 ], [ 28.320113529705949, 44.709347773324247 ], [ 28.319364660836609, 44.709568065798564 ], [ 28.318809216487672, 44.709705603566547 ], [ 28.318253770721455, 44.709843139501679 ], [ 28.318019906450939, 44.709916508547977 ], [ 28.317786055229174, 44.709989873115411 ], [ 28.317785710321839, 44.709989978695475 ], [ 28.317120018093814, 44.710192921112998 ], [ 28.317119901425922, 44.71019295605543 ], [ 28.316524591359769, 44.71036200678531 ], [ 28.315286354537665, 44.710707522828521 ], [ 28.315286232721693, 44.710707556119544 ], [ 28.314335619415527, 44.710991999066415 ], [ 28.314335476740652, 44.710992042873087 ], [ 28.312742115662406, 44.711435032108156 ], [ 28.312647734033675, 44.711461559886459 ], [ 28.312318955551032, 44.711398992820193 ], [ 28.31064320387264, 44.710836746516158 ], [ 28.308967484479144, 44.710274474873323 ], [ 28.306905895658261, 44.709582677016918 ], [ 28.305875120204153, 44.709236763688914 ], [ 28.304844355707168, 44.708890840810561 ], [ 28.30374686439718, 44.708563734262803 ], [ 28.302772966126522, 44.708217134668033 ], [ 28.301664491409657, 44.707822185838189 ], [ 28.300259905445152, 44.707341694756131 ], [ 28.299808578654687, 44.707201563710044 ], [ 28.299040217046983, 44.70700016607411 ], [ 28.298494844466909, 44.706899070446028 ], [ 28.298024380250634, 44.706843129128899 ], [ 28.294956296495666, 44.707735508391117 ], [ 28.293757574637478, 44.708082229875579 ], [ 28.291925552477618, 44.708602139773298 ], [ 28.291719992912402, 44.708663959700722 ], [ 28.291193303336978, 44.708329779217927 ], [ 28.290932967287844, 44.708164585668271 ], [ 28.29066652564256, 44.708019319205292 ], [ 28.290157537393487, 44.707672548448492 ], [ 28.288976219385955, 44.706922945450842 ], [ 28.286866530487728, 44.705584143083172 ], [ 28.283697185545002, 44.703572728844435 ], [ 28.282511482860802, 44.702820154122058 ], [ 28.282292128234307, 44.702680926947316 ], [ 28.282072774669345, 44.702541699331611 ], [ 28.282030613237893, 44.702496915836598 ], [ 28.279970201122595, 44.701201190292345 ], [ 28.277909883035186, 44.699905425828057 ], [ 28.276095487796436, 44.69876424564378 ], [ 28.273789528224057, 44.697317353730213 ], [ 28.273532613673524, 44.69741084158558 ], [ 28.273236353844521, 44.697515048243496 ], [ 28.269180492965923, 44.69881917712312 ], [ 28.268644604145297, 44.698979278964458 ], [ 28.267783646417488, 44.699192484178468 ], [ 28.268329287296446, 44.699628731862269 ], [ 28.269162172983062, 44.700281752528788 ], [ 28.269435402483172, 44.700517052338661 ], [ 28.269621065612441, 44.700735593900639 ], [ 28.269792415969828, 44.700892775828855 ], [ 28.270004142556214, 44.700998601136106 ], [ 28.270357992629279, 44.701223846466981 ], [ 28.270776786302175, 44.701543718601734 ], [ 28.270949295621932, 44.701665976094553 ], [ 28.271211146628275, 44.701851559302703 ], [ 28.271582972728918, 44.702107171409899 ], [ 28.271831385017613, 44.702286813274185 ], [ 28.272080822982165, 44.702484198101843 ], [ 28.27229893149547, 44.702701785734028 ], [ 28.272618885877726, 44.702957926332154 ], [ 28.272740354517342, 44.703047060323641 ], [ 28.272890993862919, 44.703125696237393 ], [ 28.273114147693938, 44.703289087060966 ], [ 28.273427427991162, 44.703579714010431 ], [ 28.273754919983851, 44.703771940969247 ], [ 28.274142772855495, 44.704077689677199 ], [ 28.274250195243301, 44.704189846858085 ], [ 28.274441973892319, 44.704482069610847 ], [ 28.274691366997068, 44.704839868606591 ], [ 28.27493776614612, 44.705144920461748 ], [ 28.275480319823227, 44.705918795888437 ], [ 28.275700198635001, 44.706261612052415 ], [ 28.275949677432788, 44.706541668338112 ], [ 28.276482763572986, 44.707250735669994 ], [ 28.276658152441041, 44.707542098319607 ], [ 28.27675884470381, 44.707668413403219 ], [ 28.277789162857797, 44.709275973093675 ], [ 28.277840860238346, 44.709505983092029 ], [ 28.277987725671242, 44.709769891813579 ], [ 28.278258984761962, 44.710241989497433 ], [ 28.278491250231959, 44.710537801904685 ], [ 28.27859922957467, 44.710683648873562 ], [ 28.278907145917501, 44.71134721489949 ], [ 28.279143902363593, 44.712002763725515 ], [ 28.279029624533798, 44.711971708063807 ], [ 28.278888820050344, 44.711982668846979 ], [ 28.278582360105815, 44.712076386876433 ], [ 28.278111325313759, 44.712271151868457 ], [ 28.277096249217429, 44.712677453754679 ], [ 28.276687669471844, 44.712840596934718 ], [ 28.276261480513874, 44.713028640753677 ], [ 28.276061348726007, 44.713030695886772 ], [ 28.275860830388186, 44.71307220697841 ], [ 28.275559759301231, 44.713152344747151 ], [ 28.275357647346883, 44.713165728694683 ], [ 28.275224296131789, 44.713137653710362 ], [ 28.275112371462107, 44.713069511690748 ], [ 28.274865890018742, 44.712905693571138 ], [ 28.274503512281292, 44.712742599599018 ], [ 28.274151919951638, 44.712583711436118 ], [ 28.273905537893317, 44.712421770176157 ], [ 28.27367731929213, 44.712208565857594 ], [ 28.273460203878503, 44.711909747309093 ], [ 28.273293588092322, 44.711680502626756 ], [ 28.273108617376163, 44.711397732047246 ], [ 28.272956332042838, 44.711329813150492 ], [ 28.272609398967219, 44.711241545061398 ], [ 28.272248323507913, 44.711168965198404 ], [ 28.272060314351492, 44.711100730372571 ], [ 28.271920250663314, 44.711016375218051 ], [ 28.27179265956368, 44.710887459321313 ], [ 28.27160427364522, 44.710581592006747 ], [ 28.271495538035069, 44.710406169094902 ], [ 28.271484602125867, 44.710411900011785 ], [ 28.270926815878926, 44.710743292422883 ], [ 28.270717835065671, 44.710891077614043 ], [ 28.270348929310359, 44.711150628691051 ], [ 28.269883519593428, 44.711475475352522 ], [ 28.269518247936791, 44.711711091932571 ], [ 28.269193992196108, 44.711920247694188 ], [ 28.269009973934885, 44.712037990582147 ], [ 28.268839861328487, 44.712143775997561 ], [ 28.268718165827202, 44.712219451577802 ], [ 28.2687200490668, 44.712233648920822 ], [ 28.268679674054919, 44.712255238602957 ], [ 28.269108900087687, 44.712672289577192 ], [ 28.269538132909357, 44.713089347824486 ], [ 28.271152625792141, 44.714674837761514 ], [ 28.272060563180588, 44.715608263858364 ], [ 28.274634286863506, 44.718343272861553 ], [ 28.27275118424512, 44.719578150656041 ], [ 28.261737795586665, 44.726810473313158 ], [ 28.261766598669581, 44.726854398089763 ], [ 28.262011254134677, 44.727512958358375 ], [ 28.262165273276839, 44.727846909178638 ], [ 28.262346286512532, 44.728301916977223 ], [ 28.262356115781827, 44.72843787607875 ], [ 28.26232075380431, 44.728702407882928 ], [ 28.262283421285318, 44.728868118569132 ], [ 28.262232659039988, 44.729093506399337 ], [ 28.262191248487333, 44.729478222584852 ], [ 28.262092039364042, 44.730002391964803 ], [ 28.262072627450952, 44.730174751564377 ], [ 28.262021618528614, 44.730476452322584 ], [ 28.261870191171052, 44.730981305091298 ], [ 28.261811475185354, 44.731202816879964 ], [ 28.261796021018426, 44.73126111189422 ], [ 28.261613678188937, 44.731779003550912 ], [ 28.261544738011345, 44.732022212279254 ], [ 28.261417984134578, 44.732319159499163 ], [ 28.261259244185585, 44.732695803607186 ], [ 28.261180832904675, 44.732901110259974 ], [ 28.261090868007052, 44.733117158854647 ], [ 28.26100304087575, 44.733327941503042 ], [ 28.260941424703596, 44.733571631505292 ], [ 28.260852106786004, 44.733884846549358 ], [ 28.260772087809428, 44.734147462511807 ], [ 28.260722568279053, 44.734354005035868 ], [ 28.260717603973855, 44.734400436181161 ], [ 28.260616772591149, 44.734967310170418 ], [ 28.260484824221592, 44.735640776645305 ], [ 28.260458166234752, 44.735778221979409 ], [ 28.260413588012138, 44.736227251860619 ], [ 28.260362953161142, 44.736839719762806 ], [ 28.260335801809966, 44.736986498084626 ], [ 28.260233787637066, 44.737537811510457 ], [ 28.260092639823334, 44.738330049112427 ], [ 28.259999573190356, 44.738977721999596 ], [ 28.259889674470109, 44.739791773042541 ], [ 28.25987769005857, 44.739880507916119 ], [ 28.259771758732445, 44.740682847555334 ], [ 28.259650704927385, 44.741523889237051 ], [ 28.259570296804075, 44.742242171915869 ], [ 28.259475454046644, 44.743011471793814 ], [ 28.259404225816933, 44.743510385556291 ], [ 28.259333029693277, 44.743983881045573 ], [ 28.25927228056932, 44.744158450947182 ], [ 28.259196722995821, 44.744665043603923 ], [ 28.259134503047317, 44.745385402856854 ], [ 28.259073739796424, 44.745788242465146 ], [ 28.258971246629919, 44.746550730843424 ], [ 28.258864617560096, 44.747022007537844 ], [ 28.258840351261981, 44.747145886905109 ], [ 28.2588160848663, 44.747269766268985 ], [ 28.25876234893715, 44.747525571368818 ], [ 28.258748709042351, 44.747686148953797 ], [ 28.258733276185684, 44.747886313299503 ], [ 28.258736963985136, 44.747937500617716 ], [ 28.261094928714677, 44.747667760636666 ], [ 28.261907940719521, 44.747697124882244 ], [ 28.262024358577168, 44.750235929138682 ], [ 28.26240622210284, 44.75067293562693 ], [ 28.262430031389705, 44.750751970459817 ], [ 28.263116329975428, 44.751111297934884 ], [ 28.263085773132232, 44.75151030212831 ], [ 28.26300138028283, 44.751529782548161 ], [ 28.262736934927059, 44.752366247940017 ], [ 28.262659515769158, 44.753045769155371 ], [ 28.262525502158592, 44.754138520715699 ], [ 28.262488891337554, 44.754435244342645 ], [ 28.262416974132961, 44.755018148393269 ], [ 28.262445390607841, 44.75520593584956 ], [ 28.262465712682872, 44.755312113966916 ], [ 28.262550757754312, 44.755486236120511 ], [ 28.262593078778639, 44.755601943632421 ], [ 28.2625944054437, 44.755609378329943 ], [ 28.262619257334496, 44.755748622008817 ], [ 28.262627422848244, 44.755773308163761 ], [ 28.255262038781321, 44.755897173259513 ], [ 28.253819697679592, 44.755892634072453 ], [ 28.240343160091506, 44.75609944692232 ], [ 28.240086784554585, 44.760055044191468 ], [ 28.2400179464464, 44.760495395297454 ], [ 28.23996780454452, 44.761222243914517 ], [ 28.239902031309565, 44.762299897481476 ], [ 28.239921262067824, 44.762640065532871 ], [ 28.239908381342126, 44.762851150148535 ], [ 28.239863676570874, 44.763010759552785 ], [ 28.239792886568761, 44.763462828866352 ], [ 28.239845475611194, 44.764648409418541 ], [ 28.239816662997512, 44.764647175232042 ], [ 28.239100424303221, 44.764616483950569 ], [ 28.238291484913546, 44.764581812074439 ], [ 28.238102240374282, 44.764576858297552 ], [ 28.237094645045378, 44.764550026667074 ], [ 28.235849285887429, 44.764516836967999 ], [ 28.235104968316076, 44.764497154059178 ], [ 28.234098366336088, 44.764470393305203 ], [ 28.233349196804248, 44.764450477663473 ], [ 28.232106018179834, 44.764417310325683 ], [ 28.229855739900898, 44.7643573990348 ], [ 28.22861190802579, 44.764326228751557 ], [ 28.227608939987359, 44.764303042774806 ], [ 28.226610029441023, 44.764280299172313 ], [ 28.225602201654116, 44.764256955147154 ], [ 28.223597430415648, 44.764210937785137 ], [ 28.223398908155442, 44.764206350313735 ], [ 28.221684378712709, 44.764143550362441 ], [ 28.22143611091342, 44.763965635836897 ], [ 28.221150710893287, 44.764100546508352 ], [ 28.216960248696676, 44.762315789945703 ], [ 28.216055489924567, 44.761675175308909 ], [ 28.216304649118179, 44.757222325293142 ], [ 28.216309743582347, 44.756305903247679 ], [ 28.216322849119734, 44.753903633080952 ], [ 28.215748895119333, 44.754116268711421 ], [ 28.215277215691447, 44.754127891833704 ], [ 28.214791557528102, 44.754139857895325 ], [ 28.214305900316152, 44.754151820936322 ], [ 28.21401839814407, 44.754153791490808 ], [ 28.213730894721067, 44.754155762248416 ], [ 28.213082993738119, 44.754146087416835 ], [ 28.212435092872241, 44.754136408864895 ], [ 28.211701868038695, 44.754143048987544 ], [ 28.210968644217253, 44.754149685214749 ], [ 28.209130212118318, 44.754166303645782 ], [ 28.207291778087338, 44.754182891262595 ], [ 28.205812264148452, 44.754186890166785 ], [ 28.204332750686319, 44.754190868754812 ], [ 28.201684964016522, 44.7542061519394 ], [ 28.200823069566152, 44.754215794751119 ], [ 28.200259032383677, 44.754210958854465 ], [ 28.198908042660786, 44.754195219441556 ], [ 28.197917506416154, 44.75420004404544 ], [ 28.196926971080341, 44.754204860826206 ], [ 28.196429787478298, 44.754199795519042 ], [ 28.195932602642959, 44.754194728057421 ], [ 28.195540877902463, 44.754195014411593 ], [ 28.195149151859557, 44.754195299442685 ], [ 28.194409917856337, 44.75418928517982 ], [ 28.194503687974866, 44.754256689192552 ], [ 28.194380228833435, 44.75435528177568 ], [ 28.193060225980428, 44.755029163797616 ], [ 28.19240021286635, 44.75536609963568 ], [ 28.188629733211794, 44.757234501794755 ], [ 28.186865130400669, 44.758086668303648 ], [ 28.1863245108771, 44.758385692652318 ], [ 28.183863467443942, 44.759719653772038 ], [ 28.181445634456054, 44.761032240047285 ], [ 28.181456294770172, 44.762166798553608 ], [ 28.181452095382635, 44.76400953250333 ], [ 28.181510561128757, 44.76731169810332 ], [ 28.181209347080632, 44.769943610527257 ], [ 28.181361137105792, 44.772790850779295 ], [ 28.181395605377073, 44.774906175463471 ], [ 28.181441282518673, 44.77753360479624 ], [ 28.181465126861468, 44.778984061241701 ], [ 28.181483355641401, 44.780093229881352 ], [ 28.181500202047218, 44.781208691324586 ], [ 28.181499397444302, 44.781449063635215 ], [ 28.181549741541019, 44.78520045273924 ], [ 28.181551222002959, 44.785330710281258 ], [ 28.181551339402017, 44.785341040266864 ], [ 28.181639747925807, 44.785306006548083 ], [ 28.186613839107775, 44.782679330326111 ], [ 28.190539092557287, 44.780613413522119 ], [ 28.192274107745721, 44.779760167283676 ], [ 28.196358262161489, 44.777529190667757 ], [ 28.199060226330985, 44.776093507807275 ], [ 28.200016162272508, 44.775593653519415 ], [ 28.200392461279865, 44.775388251393849 ], [ 28.20059553720299, 44.775304847647455 ], [ 28.200720578668939, 44.77528705545911 ], [ 28.200824074296147, 44.775284121921224 ], [ 28.201018707623348, 44.775317448757349 ], [ 28.20132628412378, 44.77543176446931 ], [ 28.201846944577273, 44.775521515728244 ], [ 28.202511473932621, 44.775533124304239 ], [ 28.202565294512986, 44.775525261263674 ], [ 28.202556874169463, 44.7753746271108 ], [ 28.202543922516156, 44.775040379347324 ], [ 28.202709747790259, 44.774930938365024 ], [ 28.202777506041397, 44.774912694106895 ], [ 28.202814315507258, 44.775058554305652 ], [ 28.202926143134999, 44.776800055927794 ], [ 28.202933403184776, 44.777621478444502 ], [ 28.203001888933972, 44.77801623760908 ], [ 28.203725081387841, 44.779314595688476 ], [ 28.204656585921118, 44.780630498944149 ], [ 28.205805504737416, 44.782498751446155 ], [ 28.206626535811118, 44.783483724990283 ], [ 28.208038006253666, 44.784650273705239 ], [ 28.208881533640724, 44.784378370172611 ], [ 28.209383123083601, 44.783388890939179 ], [ 28.209608835380067, 44.783275036052785 ], [ 28.209834546773365, 44.783161180727959 ], [ 28.21051724572828, 44.783705965277647 ], [ 28.211119154369349, 44.784193244266703 ], [ 28.211706294886266, 44.784728780546459 ], [ 28.21229204951732, 44.785158433807503 ], [ 28.213310777951975, 44.785905650261896 ], [ 28.213619696442791, 44.786199121124547 ], [ 28.215918317397339, 44.787985185837357 ], [ 28.217425601121718, 44.789178692417316 ], [ 28.218092800019072, 44.789626286188096 ], [ 28.218675710675569, 44.79010272275368 ], [ 28.219181900487378, 44.790428846323408 ], [ 28.219835950009958, 44.791014481285714 ], [ 28.22055934275399, 44.791628243239309 ], [ 28.221501101368144, 44.792353101473573 ], [ 28.222137899971379, 44.79297707048471 ], [ 28.222385339988254, 44.793268686440584 ], [ 28.222439107769755, 44.793332053711502 ], [ 28.222670877016789, 44.793725654926433 ], [ 28.223106309160457, 44.794817758471659 ], [ 28.223125226714572, 44.795153848829656 ], [ 28.223324906354836, 44.79567790632256 ], [ 28.223699618936635, 44.796715216437399 ], [ 28.223789186644062, 44.797017967670058 ], [ 28.223873985565312, 44.797304593603648 ], [ 28.224039906336522, 44.797915306137114 ], [ 28.224216025963464, 44.79841886205633 ], [ 28.22459401362077, 44.799436227892961 ], [ 28.224848320095759, 44.800120681813851 ], [ 28.225031421054332, 44.800711460349653 ], [ 28.225388353495205, 44.801863068099451 ], [ 28.225466725934059, 44.802159071070399 ], [ 28.225576990065836, 44.802575527066537 ], [ 28.225749764626823, 44.803126171700214 ], [ 28.225812361567701, 44.803269843193348 ], [ 28.225817918894801, 44.803368470910712 ], [ 28.225973623527921, 44.803778163665577 ], [ 28.226042774635523, 44.804045593918516 ], [ 28.226113528453769, 44.804319212446657 ], [ 28.226166886477568, 44.804525560517547 ], [ 28.22634117822323, 44.804847270136079 ], [ 28.226445700982421, 44.805108729767355 ], [ 28.226550180563716, 44.805370078906442 ], [ 28.226763193134612, 44.805902910831321 ], [ 28.226928582996589, 44.806219802245124 ], [ 28.227021609086545, 44.806479613583512 ], [ 28.227140464765736, 44.806811556545725 ], [ 28.227238770737749, 44.807245993658043 ], [ 28.227342436218045, 44.807465194436901 ], [ 28.227502844419625, 44.807959428020489 ], [ 28.227594018827652, 44.808342665380174 ], [ 28.227680131371304, 44.808649523113608 ], [ 28.227749180579554, 44.808888511326671 ], [ 28.228134669989274, 44.809839122918589 ], [ 28.228422865389067, 44.810650154775111 ], [ 28.228562718885183, 44.811006101406946 ], [ 28.228566215378024, 44.811221310690719 ], [ 28.228570717855384, 44.811373269793684 ], [ 28.228600458398979, 44.811510306176288 ], [ 28.228597800196475, 44.811663040775407 ], [ 28.228585617305704, 44.811757759247371 ], [ 28.228631960791063, 44.81198086001919 ], [ 28.228688711007322, 44.812246659987245 ], [ 28.228718084733305, 44.81233740225597 ], [ 28.229051020201428, 44.813062179039726 ], [ 28.229112536718219, 44.813221591177658 ], [ 28.229298828399035, 44.813530225517837 ], [ 28.22952889363831, 44.81391137457716 ], [ 28.22989624027857, 44.814658443276571 ], [ 28.230172977225486, 44.815171867366494 ], [ 28.230518721368139, 44.815903040325828 ], [ 28.230689734970262, 44.816213706789007 ], [ 28.230874056248297, 44.816599363343101 ], [ 28.230930753216192, 44.816717989316864 ], [ 28.230967176822912, 44.816794199330261 ], [ 28.230999678773355, 44.816862202174519 ], [ 28.231041795192613, 44.816927237037945 ], [ 28.231144447967914, 44.817123386687733 ], [ 28.231140475128264, 44.817399128438211 ], [ 28.231091119247633, 44.817686957285673 ], [ 28.230978909378916, 44.817967276822174 ], [ 28.230844984713659, 44.81826457772506 ], [ 28.230651315392887, 44.818651644975439 ], [ 28.230956895565413, 44.819084774228671 ], [ 28.231124791840056, 44.81943809751354 ], [ 28.231291022010648, 44.819819945729108 ], [ 28.231342822702533, 44.81987488418681 ], [ 28.231373279004579, 44.819978263001722 ], [ 28.231424964134462, 44.820061349088661 ], [ 28.231501157432568, 44.820137835826806 ], [ 28.231591592603618, 44.820171288456116 ], [ 28.231528466250737, 44.820303235016844 ], [ 28.231555313770251, 44.820410395895586 ], [ 28.231694711906634, 44.820714113494631 ], [ 28.231922423916664, 44.821210238703827 ], [ 28.232159889792321, 44.821827864490714 ], [ 28.232386979542937, 44.82241142449795 ], [ 28.232484896737891, 44.822632540606385 ], [ 28.232629626429855, 44.822895253507724 ], [ 28.232749436682202, 44.823228554518913 ], [ 28.232818726995575, 44.823617176910609 ], [ 28.232927086232511, 44.823990568987064 ], [ 28.233115867392776, 44.82468431266863 ], [ 28.233244631744263, 44.825060579724827 ], [ 28.233317523303491, 44.825252048600738 ], [ 28.233522519327622, 44.825757567347203 ], [ 28.23358559666341, 44.825942124000115 ], [ 28.233591936040067, 44.826054294070119 ], [ 28.233567177290549, 44.826122290289604 ], [ 28.233556558150902, 44.826171641387241 ], [ 28.233612129338692, 44.826203518110574 ], [ 28.233655139095877, 44.826270815305534 ], [ 28.233706956874723, 44.82647412097441 ], [ 28.233924874319783, 44.826854395513216 ], [ 28.234060537030686, 44.827032711771238 ], [ 28.234204589961731, 44.827105810102459 ], [ 28.234369634610694, 44.827137693797702 ], [ 28.234582201237586, 44.827142476236062 ], [ 28.23480658133299, 44.827130414599758 ], [ 28.235267142652486, 44.827091608380698 ], [ 28.235671784550739, 44.82704208492197 ], [ 28.236045558678367, 44.827018078074381 ], [ 28.236361115851164, 44.8269814499006 ], [ 28.237478208195537, 44.826892787845814 ], [ 28.238314817032315, 44.826841221279025 ], [ 28.238880609017205, 44.826813670784247 ], [ 28.239097535787277, 44.826785774319589 ], [ 28.239345004937729, 44.826736310462444 ], [ 28.239563597507789, 44.826679791436547 ], [ 28.239665156690855, 44.826664808886115 ], [ 28.239915567050595, 44.826657627767112 ], [ 28.240057460044348, 44.826639271448769 ], [ 28.24017445727311, 44.826616456402967 ], [ 28.240320835672438, 44.826599941098486 ], [ 28.240445584752351, 44.826578627623071 ], [ 28.240839526717245, 44.826475693015475 ], [ 28.241504620699189, 44.82633541835748 ], [ 28.241942493397264, 44.826243064520881 ], [ 28.242399556041015, 44.82609567814918 ], [ 28.242629088327458, 44.826048691801674 ], [ 28.24278761732457, 44.826034042105384 ], [ 28.242946743566488, 44.826039573783412 ], [ 28.243116630784669, 44.826061054176691 ], [ 28.243301553689779, 44.826106242295666 ], [ 28.243567395718564, 44.826187781071233 ], [ 28.243776246792152, 44.82623967160076 ], [ 28.244011795962098, 44.826318138249064 ], [ 28.244126612108186, 44.826314841255154 ], [ 28.244692480531565, 44.826230849759028 ], [ 28.244942851948863, 44.826193686373948 ], [ 28.24551024233724, 44.826118142858839 ], [ 28.24642772079482, 44.826119271484622 ], [ 28.246899171068964, 44.826088541982209 ], [ 28.247370619519746, 44.826057810556122 ], [ 28.248360551261467, 44.825974371027272 ], [ 28.250128301693184, 44.825813568338823 ], [ 28.251086183213591, 44.825676047871063 ], [ 28.251206094083066, 44.826256755560799 ], [ 28.251206483970972, 44.826263616825329 ], [ 28.251298449687575, 44.826721187147697 ], [ 28.251960494116606, 44.830014890244627 ], [ 28.252168481691928, 44.830785489825274 ], [ 28.252312050840789, 44.830932550772758 ], [ 28.252590890112565, 44.83091077842225 ], [ 28.254400468459856, 44.830803687512585 ], [ 28.255572889210331, 44.830701183912609 ], [ 28.257444087865608, 44.830489180905623 ], [ 28.25823238050743, 44.83042521439512 ], [ 28.259530911383465, 44.830332777402539 ], [ 28.259530520508186, 44.83032591707979 ], [ 28.263652790329267, 44.829959498905829 ], [ 28.266717548364468, 44.829678492814978 ], [ 28.266727190145211, 44.829678214019438 ], [ 28.268521175129703, 44.829468258975339 ], [ 28.271805675624186, 44.829146393737268 ], [ 28.274458899893087, 44.828932074028373 ], [ 28.274468932930898, 44.828938655755955 ], [ 28.275708370751474, 44.828827127888417 ], [ 28.278360413141609, 44.828541049264551 ], [ 28.278817327763633, 44.82849511384056 ], [ 28.27933647607761, 44.828463990943497 ], [ 28.280658233006374, 44.829123116839114 ], [ 28.28286886165737, 44.830218072406339 ], [ 28.283960059203508, 44.83076268183828 ], [ 28.285114024447001, 44.831338518495514 ], [ 28.287991309238116, 44.832770859869598 ], [ 28.28912087417218, 44.833341061613545 ], [ 28.289138128277038, 44.833349619756703 ], [ 28.289322566280788, 44.833311046053957 ], [ 28.290876702675344, 44.833128336815626 ], [ 28.296413705650966, 44.832506456565724 ], [ 28.29642295232301, 44.832499314200845 ], [ 28.296760422376355, 44.832489467029426 ], [ 28.296990248186106, 44.832455270001837 ], [ 28.297197625980989, 44.832366747099115 ], [ 28.297559273825268, 44.832273721973472 ], [ 28.297836912641756, 44.832231255055099 ], [ 28.297983914447169, 44.832268199320808 ], [ 28.298152575082785, 44.832345745627102 ], [ 28.298406035044383, 44.83238645401029 ], [ 28.298724218657735, 44.832377164030056 ], [ 28.299781666986394, 44.832291302763998 ], [ 28.302287116019372, 44.832025665189107 ], [ 28.304244147079924, 44.831796630555253 ], [ 28.304234505215764, 44.831796912554402 ], [ 28.307224377778976, 44.831558231128625 ], [ 28.309080073966363, 44.831414549640812 ], [ 28.309943063501255, 44.831306797953829 ], [ 28.310646907671309, 44.831286174489591 ], [ 28.311108913877082, 44.831258889587161 ], [ 28.311658090940004, 44.831235920151713 ], [ 28.31164844922462, 44.831236202781604 ], [ 28.312185999166534, 44.831179209524258 ], [ 28.312715495453656, 44.831149939330466 ], [ 28.31405448967406, 44.831090050689589 ], [ 28.315670702583319, 44.830980774794604 ], [ 28.317431530323155, 44.830867229213922 ], [ 28.317605078036422, 44.830862132928949 ], [ 28.317713921045559, 44.830907044817742 ], [ 28.317784993558362, 44.830966811052257 ], [ 28.31781024549073, 44.831069157637735 ], [ 28.317840885258981, 44.83159744572113 ], [ 28.317925611367098, 44.832392175204177 ], [ 28.318067034445402, 44.833831261796121 ], [ 28.31801913102003, 44.834004482933302 ], [ 28.31794756663831, 44.83410280026402 ], [ 28.317937924486337, 44.834103083437 ], [ 28.316874739562607, 44.835089589715253 ], [ 28.316572058502643, 44.835366505316266 ], [ 28.316463908194734, 44.835500259564967 ], [ 28.316469079565866, 44.835589450706195 ], [ 28.31654015675494, 44.835649217661583 ], [ 28.317565155205354, 44.836168928611023 ], [ 28.318719505337906, 44.83675355796192 ], [ 28.319467382310616, 44.837157686094741 ], [ 28.320153430890869, 44.837494901195271 ], [ 28.320580413629816, 44.837695402721153 ], [ 28.320810162138461, 44.837826101358928 ], [ 28.320902124331614, 44.837912742261921 ], [ 28.320946670814404, 44.838014521157767 ], [ 28.320910009261787, 44.838214903622905 ], [ 28.320716260721564, 44.839203376471154 ], [ 28.320689240739782, 44.839403475466185 ], [ 28.320735779853777, 44.839539558954137 ], [ 28.321585713853224, 44.841700054280764 ], [ 28.3221555619001, 44.843195268223667 ], [ 28.322486644809899, 44.844072094866746 ], [ 28.323143840947058, 44.843578559649472 ], [ 28.324649944382962, 44.842400276391714 ], [ 28.325479623457937, 44.841551149610297 ], [ 28.326183850939717, 44.840870651710951 ], [ 28.327038758222379, 44.840123858558236 ], [ 28.327658958470145, 44.839493932762181 ], [ 28.327649315481903, 44.839494216776139 ], [ 28.328138893567559, 44.838943734167891 ], [ 28.32889937497638, 44.83806912864933 ], [ 28.330491816654593, 44.836221578239325 ], [ 28.332104239998653, 44.834387158921508 ], [ 28.332094997565559, 44.834394304146365 ], [ 28.332806351307909, 44.833507374259085 ], [ 28.332485370570286, 44.833468735256687 ], [ 28.331896416666389, 44.833472361015176 ], [ 28.331680555652259, 44.83258528950379 ], [ 28.331303614582634, 44.830424665697777 ], [ 28.331210556976448, 44.829987563224321 ], [ 28.331075285531131, 44.829654794855827 ], [ 28.330424840251933, 44.826278911834919 ], [ 28.330405958142173, 44.826286341123257 ], [ 28.330227516024244, 44.825377546712083 ], [ 28.329955583874572, 44.824189732120445 ], [ 28.329813726159077, 44.822084029220719 ], [ 28.329638267530424, 44.821889895783229 ], [ 28.329565656037648, 44.821637749766403 ], [ 28.329564516938351, 44.82145222336576 ], [ 28.329314074382349, 44.819803311301989 ], [ 28.329179299931539, 44.819312457177865 ], [ 28.32905656096386, 44.81886248398127 ], [ 28.328787177254057, 44.818547411120086 ], [ 28.328707667068123, 44.818508518397927 ], [ 28.328651488181777, 44.818372722294569 ], [ 28.328591258432358, 44.8183332613511 ], [ 28.328348216608308, 44.818471001673821 ], [ 28.328247831799207, 44.81840523320615 ], [ 28.32823380304437, 44.818330048602476 ], [ 28.328231596958997, 44.817794051787381 ], [ 28.328102822028054, 44.817406108270177 ], [ 28.32769205398392, 44.81715017944483 ], [ 28.327392107607885, 44.816973455356845 ], [ 28.326970843763377, 44.816869029903216 ], [ 28.326529437692383, 44.816916391880213 ], [ 28.326055056683863, 44.817060940611512 ], [ 28.325436484346042, 44.817216603987468 ], [ 28.325148105229424, 44.817238838476435 ], [ 28.32477695849995, 44.817332233631426 ], [ 28.324309418867024, 44.81742846524272 ], [ 28.323985670283431, 44.817506717637251 ], [ 28.323811764171619, 44.817504963181129 ], [ 28.323416554688919, 44.817516591382017 ], [ 28.323189196401106, 44.81759200551663 ], [ 28.322991153999656, 44.817673430306378 ], [ 28.322866240833296, 44.817683977459048 ], [ 28.322631710770406, 44.817635895304861 ], [ 28.322436933438922, 44.817607261286469 ], [ 28.322418053083698, 44.817614689213116 ], [ 28.322195154504797, 44.817600627108021 ], [ 28.321954570433228, 44.817614575105416 ], [ 28.321779470419916, 44.817592233894061 ], [ 28.321380675929575, 44.817542107790338 ], [ 28.321187889125888, 44.817547776149226 ], [ 28.320877043802206, 44.817515679344034 ], [ 28.320583883777573, 44.817455571380158 ], [ 28.320377478297406, 44.817392913516478 ], [ 28.320139368896843, 44.817283077981628 ], [ 28.320000040274941, 44.817211575285022 ], [ 28.319883971985071, 44.817208113971951 ], [ 28.31977953178297, 44.81723867383544 ], [ 28.3194907519757, 44.817254033007863 ], [ 28.319173851202301, 44.817283962948096 ], [ 28.318944100535763, 44.817318203128863 ], [ 28.319176372955042, 44.816328601208674 ], [ 28.319314283763859, 44.816042773750176 ], [ 28.319496319571694, 44.815851864999239 ], [ 28.319620121988812, 44.815655794706785 ], [ 28.319840089787803, 44.815120142104099 ], [ 28.320107451810749, 44.814569350777234 ], [ 28.320431845283213, 44.814003137975185 ], [ 28.320864331136956, 44.813303166786326 ], [ 28.321087463714207, 44.81282239839431 ], [ 28.321196754926788, 44.812709224160372 ], [ 28.321355515603802, 44.81245027043871 ], [ 28.32136555223612, 44.812456847927791 ], [ 28.322252767074609, 44.812272687395534 ], [ 28.322627469008633, 44.812241049037105 ], [ 28.322801756196739, 44.812249666476298 ], [ 28.322943387655613, 44.812527276172567 ], [ 28.323016433866446, 44.812621342919044 ], [ 28.323020019015566, 44.812683090952127 ], [ 28.32300751387973, 44.812800292334842 ], [ 28.322998992204031, 44.812986102643741 ], [ 28.32291168996186, 44.813311681859247 ], [ 28.322812836372378, 44.813438295970251 ], [ 28.322659335657956, 44.813621498360313 ], [ 28.322620225549855, 44.813945660613584 ], [ 28.322655832766596, 44.814226388478772 ], [ 28.322730793577065, 44.814519703950708 ], [ 28.32308137516733, 44.814571244263618 ], [ 28.323266105186484, 44.814593300002279 ], [ 28.32344884323118, 44.814581050985595 ], [ 28.324096634193648, 44.814596351867344 ], [ 28.324646043144011, 44.814580182563262 ], [ 28.324691845856577, 44.814537599662579 ], [ 28.324775007916664, 44.814473298369187 ], [ 28.324791495444671, 44.814424704768818 ], [ 28.324732214599713, 44.814069075455762 ], [ 28.324727830391144, 44.8139936066354 ], [ 28.324773632532782, 44.813951022810585 ], [ 28.324906580248729, 44.813912746460147 ], [ 28.325329085955111, 44.813872818628319 ], [ 28.325798588407462, 44.813810888530682 ], [ 28.326681354552747, 44.813716167410711 ], [ 28.327527556287038, 44.813656879585594 ], [ 28.328259290821585, 44.813621576099507 ], [ 28.32861551849825, 44.81360420753532 ], [ 28.328819924778106, 44.81363254606552 ], [ 28.328927544669352, 44.813656864939951 ], [ 28.329079307602214, 44.813776098541261 ], [ 28.329213389041584, 44.813923344477523 ], [ 28.329239850283546, 44.814046270885378 ], [ 28.329265513418964, 44.814155475566032 ], [ 28.32934860995924, 44.814256115709014 ], [ 28.329375411098503, 44.814550846760092 ], [ 28.32943432090013, 44.81489961239599 ], [ 28.329557910872889, 44.815198363142535 ], [ 28.329686748943328, 44.815421361110751 ], [ 28.329727241940944, 44.8156194726837 ], [ 28.32977657578866, 44.815803577488339 ], [ 28.329817468603107, 44.816008549878489 ], [ 28.329960397863445, 44.816141788075427 ], [ 28.33022219052387, 44.816326502860946 ], [ 28.33053503158736, 44.81639287820083 ], [ 28.3307852469976, 44.816378627811964 ], [ 28.331094095394484, 44.816376393078421 ], [ 28.331422220617494, 44.816373588981165 ], [ 28.33167243566702, 44.81635933663204 ], [ 28.332018641703151, 44.816335379625251 ], [ 28.332735573676366, 44.816211140951133 ], [ 28.33302474329982, 44.816202608893079 ], [ 28.333146852591778, 44.816144024745036 ], [ 28.333395467587319, 44.816102325245041 ], [ 28.333675397172506, 44.816100936814955 ], [ 28.333865777895401, 44.816054082260642 ], [ 28.334540503573955, 44.81603416628348 ], [ 28.335242146365356, 44.815979088333279 ], [ 28.336161844129307, 44.816020655598621 ], [ 28.337125735878242, 44.815992183396737 ], [ 28.337791620494162, 44.815986254429689 ], [ 28.33784312211824, 44.81554488639803 ], [ 28.33781427603116, 44.81521585301396 ], [ 28.337783394297841, 44.815017460819952 ], [ 28.337873813841149, 44.814746756942533 ], [ 28.337966634832583, 44.814517218751412 ], [ 28.338106481168023, 44.814100729520213 ], [ 28.338203736493146, 44.813781715750977 ], [ 28.338426324074845, 44.813294055272131 ], [ 28.338597914374692, 44.812759793160303 ], [ 28.338659811922078, 44.812496804219187 ], [ 28.3384999965905, 44.812405311808156 ], [ 28.338425724881457, 44.812290672101767 ], [ 28.338327376083591, 44.812094274074987 ], [ 28.338287256420923, 44.811903026797403 ], [ 28.338538650422258, 44.81190934198434 ], [ 28.338761529898473, 44.811923372106975 ], [ 28.338923377896549, 44.811884224780442 ], [ 28.338986843157077, 44.81181362231883 ], [ 28.338998514862961, 44.811682698026381 ], [ 28.338794945512799, 44.811503155137565 ], [ 28.338532748060331, 44.811311599496065 ], [ 28.338219960819021, 44.811080303485106 ], [ 28.337956166748206, 44.810861303198195 ], [ 28.340012298700685, 44.810690560683085 ], [ 28.339946122059136, 44.810218307018033 ], [ 28.339955760028872, 44.810218022026646 ], [ 28.339853866500327, 44.809629991357887 ], [ 28.339810200880041, 44.809047110670186 ], [ 28.33918294735706, 44.809051910721237 ], [ 28.339152064770364, 44.808853518037409 ], [ 28.339368529467119, 44.808757775072515 ], [ 28.339555678748454, 44.808656025800573 ], [ 28.339642447461188, 44.808488517830526 ], [ 28.339682260027644, 44.808178072722789 ], [ 28.339603619337048, 44.807823022403745 ], [ 28.339420632025778, 44.807168662797402 ], [ 28.339892464622356, 44.807147839082646 ], [ 28.340467906488321, 44.807082714235555 ], [ 28.341723993840596, 44.806935596061962 ], [ 28.341733631245038, 44.806935310927031 ], [ 28.349460347008332, 44.80633531913751 ], [ 28.349460748458824, 44.806342179891004 ], [ 28.350940457716799, 44.806222691030271 ], [ 28.351028396307168, 44.806240700005048 ], [ 28.351183796758118, 44.806256707318866 ], [ 28.351443197024008, 44.806235265213154 ], [ 28.351568881244113, 44.806238408427568 ], [ 28.355335379661398, 44.805934145633152 ], [ 28.355388778755213, 44.805856959920902 ], [ 28.354884550033969, 44.802195080681912 ], [ 28.354884147977408, 44.802188219957067 ], [ 28.362846938422653, 44.801511560502675 ], [ 28.362856574758087, 44.801511273580566 ], [ 28.36376077226015, 44.801456856679856 ], [ 28.36605057113487, 44.801326782822635 ], [ 28.367972164160975, 44.801173278682903 ], [ 28.36895142149902, 44.801082219129711 ], [ 28.37056666026508, 44.800972171967423 ], [ 28.370576296452338, 44.800971884388694 ], [ 28.371114303010877, 44.800928336229703 ], [ 28.371825294071083, 44.800707804654039 ], [ 28.37280338811447, 44.800761072001642 ], [ 28.37427171093854, 44.800779067549868 ], [ 28.374505807374124, 44.800820181351853 ], [ 28.37475674993145, 44.800819555977029 ], [ 28.374908501365873, 44.800773785199773 ], [ 28.375006004031178, 44.800626545680245 ], [ 28.374989826276124, 44.8003521227512 ], [ 28.375080524402872, 44.800253194524707 ], [ 28.375158017123553, 44.800257751425924 ], [ 28.37542175610567, 44.800146779740402 ], [ 28.375412524585915, 44.800153928345935 ], [ 28.375978619286322, 44.800095771947831 ], [ 28.376075788417939, 44.800106612757773 ], [ 28.376592158621133, 44.800187393794694 ], [ 28.376971197789384, 44.800231041702553 ], [ 28.377222947001247, 44.800244132101774 ], [ 28.377559800181032, 44.800227186037127 ], [ 28.377747663132123, 44.800139096080244 ], [ 28.377896170696797, 44.800038436562659 ], [ 28.377896575485575, 44.800045297165354 ], [ 28.378230110077407, 44.799808523412544 ], [ 28.378420398384055, 44.799761595115122 ], [ 28.378709474818145, 44.799752947443515 ], [ 28.378846400941139, 44.799783214619296 ], [ 28.3791286759486, 44.799822877436547 ], [ 28.379257586311805, 44.79988087479704 ], [ 28.379515004041163, 44.799990007534696 ], [ 28.379779628677039, 44.800057688653119 ], [ 28.379859467003836, 44.799938464199201 ], [ 28.37990481152616, 44.799888998205979 ], [ 28.379932504238994, 44.799867551312126 ], [ 28.379980277596303, 44.799859248879031 ], [ 28.380086272816456, 44.799856076673009 ], [ 28.380340856447511, 44.79991718427177 ], [ 28.380710260375508, 44.799961108026459 ], [ 28.381417732084394, 44.800008655650153 ], [ 28.382330396883255, 44.800098162016091 ], [ 28.38270579104266, 44.800080046320083 ], [ 28.38313494646416, 44.799991592660369 ], [ 28.383547668152474, 44.799951737826582 ], [ 28.384096100469346, 44.799921560587187 ], [ 28.384352716164475, 44.800016961025435 ], [ 28.38455030036959, 44.800093512688591 ], [ 28.384640674096268, 44.80015265794637 ], [ 28.384718572859054, 44.800164068846726 ], [ 28.384871124209827, 44.80013200599852 ], [ 28.385030066224235, 44.800044770519506 ], [ 28.385107559257378, 44.800049320588137 ], [ 28.385244489251654, 44.800079579949127 ], [ 28.385351295808476, 44.800090123927994 ], [ 28.385414690412688, 44.800019496428391 ], [ 28.385434673019336, 44.799867698424151 ], [ 28.385545434003379, 44.799781905547029 ], [ 28.385916768625155, 44.799695174473911 ], [ 28.385986550714037, 44.799569374244932 ], [ 28.38631092147962, 44.799504667118711 ], [ 28.386539641280873, 44.799291628188044 ], [ 28.386708109954689, 44.799039160096136 ], [ 28.387000728603347, 44.798927294001508 ], [ 28.387454716238036, 44.798769351698148 ], [ 28.387659799145858, 44.798646364807297 ], [ 28.387739618969707, 44.798527134156274 ], [ 28.388228895800381, 44.798313149175051 ], [ 28.388473032940194, 44.798360805502263 ], [ 28.388702772014515, 44.798491366073236 ], [ 28.389159705379893, 44.798546382129601 ], [ 28.389797797634721, 44.798726540048392 ], [ 28.390381737319583, 44.798970173777825 ], [ 28.390652754587251, 44.798982655758358 ], [ 28.390969511147429, 44.798952527374858 ], [ 28.391212434076309, 44.798979597010103 ], [ 28.391549393887626, 44.799127550541925 ], [ 28.391892739569624, 44.799220330326669 ], [ 28.391902375302529, 44.799220040934735 ], [ 28.392739987032225, 44.799346080929013 ], [ 28.392994865264786, 44.799249078351366 ], [ 28.393514785309463, 44.79922658449339 ], [ 28.393960747684627, 44.799096347874283 ], [ 28.394288766778075, 44.799093362659399 ], [ 28.394668496896262, 44.798985731078318 ], [ 28.395295218438594, 44.798973764180694 ], [ 28.395907959698693, 44.799051559823944 ], [ 28.39611912932558, 44.799031464519885 ], [ 28.394616963365777, 44.798279392325981 ], [ 28.394210519875426, 44.798099172498922 ], [ 28.39381615318727, 44.797959824765435 ], [ 28.393586811513156, 44.797836134354277 ], [ 28.393033687311245, 44.797461010274382 ], [ 28.392575012347045, 44.797213626587883 ], [ 28.392584647737557, 44.79721333714275 ], [ 28.391058428751098, 44.796379468832811 ], [ 28.390539928289961, 44.796099510728567 ], [ 28.390668727252763, 44.79599255376877 ], [ 28.394184166378871, 44.79195576867113 ], [ 28.394843553698504, 44.791193696353851 ], [ 28.395305615585475, 44.79068497057699 ], [ 28.395392195544854, 44.790517422598491 ], [ 28.395791283146917, 44.790086187338993 ], [ 28.396427015523241, 44.789414162102744 ], [ 28.396930707931482, 44.788794214191107 ], [ 28.397682697886562, 44.787967483938175 ], [ 28.398336023927197, 44.787267426953761 ], [ 28.398675367524845, 44.786968560903595 ], [ 28.399151881687278, 44.786541855478035 ], [ 28.399152696068278, 44.786555576456358 ], [ 28.399479955630216, 44.786215835124722 ], [ 28.399918597437015, 44.78563906774977 ], [ 28.400414215561629, 44.785046836460417 ], [ 28.400897744897694, 44.784413731333615 ], [ 28.401101789758737, 44.784112058619073 ], [ 28.40124803286119, 44.783812127424923 ], [ 28.401348553890401, 44.783554809731655 ], [ 28.402550823956194, 44.784137133514292 ], [ 28.403914588896498, 44.784838286523211 ], [ 28.404882858206648, 44.785379530367862 ], [ 28.405961601019587, 44.785993034547076 ], [ 28.4059515596173, 44.785986464651799 ], [ 28.406867210815129, 44.786453680542465 ], [ 28.407365616836938, 44.786720424240521 ], [ 28.407846393301256, 44.787015188885356 ], [ 28.408272474077815, 44.787201639071135 ], [ 28.409099828053932, 44.787644010411064 ], [ 28.410255726965659, 44.788255145675976 ], [ 28.411730967576222, 44.78904218681884 ], [ 28.413026704500083, 44.789731542141503 ], [ 28.413752065207817, 44.790080745111062 ], [ 28.413762108216023, 44.790087314289593 ], [ 28.414090664334971, 44.790256072937169 ], [ 28.414193775768766, 44.790204846157238 ], [ 28.414277208689004, 44.790147342370133 ], [ 28.414391999046781, 44.790130126176116 ], [ 28.414511287746034, 44.790188373479104 ], [ 28.414792085346996, 44.790365446927424 ], [ 28.415095426004562, 44.790596820188149 ], [ 28.415519287868189, 44.790907020006671 ], [ 28.416063266694938, 44.79128918543487 ], [ 28.416487138927359, 44.791599381472146 ], [ 28.416823299138564, 44.791733538482752 ], [ 28.417367512027372, 44.791957617746931 ], [ 28.418141917834966, 44.792319053876405 ], [ 28.419486385944882, 44.793013736148346 ], [ 28.420585516088408, 44.793640233599071 ], [ 28.420657465105297, 44.793713654965472 ], [ 28.420665661875709, 44.793850861536683 ], [ 28.420665454852529, 44.794008941020067 ], [ 28.420675498075379, 44.794015509600676 ], [ 28.420761793837137, 44.794329042120566 ], [ 28.420983993310607, 44.795140168672482 ], [ 28.421193899516663, 44.796068504728296 ], [ 28.421392332794696, 44.796804750896982 ], [ 28.421581751932749, 44.797713087862526 ], [ 28.42175231549049, 44.798628869609445 ], [ 28.421947075259773, 44.799303371288865 ], [ 28.42205327403876, 44.799788118930344 ], [ 28.422228771514565, 44.800463203914738 ], [ 28.422294786634655, 44.800598658453112 ], [ 28.422373923106633, 44.800630624360643 ], [ 28.422488321580484, 44.800606539297974 ], [ 28.422663196254852, 44.800463784788292 ], [ 28.422874561918714, 44.800285560080702 ], [ 28.423620796287928, 44.79985057515902 ], [ 28.42440227735548, 44.799359534943818 ], [ 28.424403098052331, 44.799373255650387 ], [ 28.424874396846779, 44.799022198985114 ], [ 28.425474017838877, 44.79855728432377 ], [ 28.425849360763713, 44.798216005707062 ], [ 28.426380916083119, 44.797904351393022 ], [ 28.427467985132079, 44.797197834266321 ], [ 28.428253693045672, 44.796617291633446 ], [ 28.428985272028068, 44.796100242052468 ], [ 28.430088668633218, 44.795345094193081 ], [ 28.430733092627136, 44.794823806216634 ], [ 28.430725665447685, 44.794830023153231 ], [ 28.431405744355107, 44.794353851493227 ], [ 28.431730114568754, 44.794182814076407 ], [ 28.432025191630363, 44.793851486729203 ], [ 28.433341208011868, 44.79298455839082 ], [ 28.43377296162102, 44.792635054203281 ], [ 28.434533674123617, 44.792191450482512 ], [ 28.435562467919347, 44.79145937193676 ], [ 28.436362194090211, 44.790846379480499 ], [ 28.436364593301377, 44.790852161827821 ], [ 28.436713049489924, 44.790630800148342 ], [ 28.437061501716535, 44.790409437473024 ], [ 28.43770493384352, 44.790015172239606 ], [ 28.438364307677908, 44.789573582154198 ], [ 28.438878829034746, 44.789223377882259 ], [ 28.439028636960732, 44.789058238630822 ], [ 28.439135161581753, 44.788954634011198 ], [ 28.439313906287193, 44.788801994064798 ], [ 28.439533371143938, 44.788701639264431 ], [ 28.439673243730333, 44.788683997888079 ], [ 28.439844060313519, 44.788712248524334 ], [ 28.43998834699957, 44.788768069034774 ], [ 28.44019948462029, 44.788841926533543 ], [ 28.440408617813144, 44.78888239000964 ], [ 28.44075682147098, 44.78889185294296 ], [ 28.441155127959451, 44.788953314675446 ], [ 28.441789099187446, 44.789027663597899 ], [ 28.442376582489977, 44.78911011795968 ], [ 28.442954285821763, 44.789186175623151 ], [ 28.443417843421564, 44.789238949051452 ], [ 28.443652705429759, 44.7892384781481 ], [ 28.445307429559346, 44.788743766257774 ], [ 28.445456449673372, 44.788682534259159 ], [ 28.445985210006651, 44.788506755390095 ], [ 28.446331891758415, 44.788382804884762 ], [ 28.446693490954377, 44.788290790255871 ], [ 28.44698582737411, 44.7882355932339 ], [ 28.447142513027341, 44.788193790844986 ], [ 28.447192732727146, 44.78816449365177 ], [ 28.447200376811693, 44.788129554868028 ], [ 28.44720056068202, 44.788078648129677 ], [ 28.447180731063121, 44.788019097912951 ], [ 28.447112580247175, 44.787912434785262 ], [ 28.446926845255689, 44.787633520542933 ], [ 28.446797773011127, 44.787378326614203 ], [ 28.446619962187416, 44.786907134064101 ], [ 28.446409262383948, 44.78648321896862 ], [ 28.446257262761112, 44.78617088277916 ], [ 28.44617776638421, 44.785983586086083 ], [ 28.447310337132297, 44.786501988382156 ], [ 28.448151707314388, 44.786932096885224 ], [ 28.449155195202707, 44.787410461984607 ], [ 28.451506553406553, 44.788527854994229 ], [ 28.452668229987172, 44.789096216694659 ], [ 28.453915781706066, 44.789687390440669 ], [ 28.455131244957212, 44.790230945429322 ], [ 28.455639251680708, 44.790465280095688 ], [ 28.455931059197813, 44.790562780774607 ], [ 28.4560771026214, 44.790613838823468 ], [ 28.456394504617773, 44.790812357529241 ], [ 28.456635249023361, 44.790951988356412 ], [ 28.456982459162006, 44.791153367585949 ], [ 28.457393440334879, 44.791391729056429 ], [ 28.457543063983238, 44.791525099501229 ], [ 28.457886572273342, 44.791700033500675 ], [ 28.458167641563861, 44.791843169784556 ], [ 28.458297331425769, 44.791909213493796 ], [ 28.459774332903226, 44.7926390610506 ], [ 28.460391049013023, 44.792951024061267 ], [ 28.461476864993838, 44.793457417513288 ], [ 28.462149503206106, 44.793780381742451 ], [ 28.462855909224803, 44.794124287565658 ], [ 28.463246274917292, 44.794292785130779 ], [ 28.463493266863971, 44.794400895606415 ], [ 28.464479437309393, 44.794910895141896 ], [ 28.465058318398583, 44.795133759919864 ], [ 28.466444365293512, 44.795780705704466 ], [ 28.468032968327918, 44.796514523262118 ], [ 28.469180057987085, 44.79700857050436 ], [ 28.470306843010285, 44.797531553862356 ], [ 28.471319798233381, 44.797838222633786 ], [ 28.471777599379521, 44.797724660943203 ], [ 28.472374448372275, 44.797599880782116 ], [ 28.47274534936065, 44.797553770256272 ], [ 28.472884400076115, 44.797542552950745 ], [ 28.472966468321147, 44.797556224975672 ], [ 28.473095141965288, 44.797748933441191 ], [ 28.473370497173832, 44.797895482602222 ], [ 28.473738913704281, 44.798076189320916 ], [ 28.474337302895503, 44.798351622235778 ], [ 28.474712353615239, 44.798534434949588 ], [ 28.474814725253136, 44.798561362710721 ], [ 28.475023874336994, 44.798527162873548 ], [ 28.47542002666885, 44.798468698943687 ], [ 28.475715749765396, 44.798468852431824 ], [ 28.475962269032777, 44.798836085805391 ], [ 28.476180587125622, 44.798792346217766 ], [ 28.475716265684351, 44.797808272672533 ], [ 28.47538225471606, 44.797230869845372 ], [ 28.475383255733874, 44.797193820151975 ], [ 28.475930616638038, 44.797003445656379 ], [ 28.476164315152896, 44.797320171558248 ], [ 28.476237073762661, 44.797341069096504 ], [ 28.476610004564368, 44.797114414260086 ], [ 28.476860822306335, 44.79685681202163 ], [ 28.477012616469533, 44.796680924008626 ], [ 28.477314554272503, 44.796623039832447 ], [ 28.477894039461518, 44.79648025486263 ], [ 28.478791532840798, 44.796276769618387 ], [ 28.480411638068404, 44.795879794504117 ], [ 28.481714420604646, 44.795555049745374 ], [ 28.482425174794837, 44.79538042862049 ], [ 28.482263008221075, 44.794797746912892 ], [ 28.482161791812164, 44.794095185649901 ], [ 28.482107194211544, 44.79362487188434 ], [ 28.482070117213777, 44.793015194780175 ], [ 28.482094122912521, 44.792875631476484 ], [ 28.481935310460965, 44.792454805451243 ], [ 28.481772978436243, 44.792029460505518 ], [ 28.48157428839248, 44.791392256502668 ], [ 28.481174948856694, 44.790503494662637 ], [ 28.480754575824758, 44.789627988536409 ], [ 28.480386842129086, 44.78913724742948 ], [ 28.480236054650938, 44.788848053762941 ], [ 28.479975583690123, 44.788518278964688 ], [ 28.479651690546639, 44.788107164708514 ], [ 28.479302207488523, 44.787859695912118 ], [ 28.478899428937609, 44.787395802828748 ], [ 28.478463705608693, 44.786992061852835 ], [ 28.478117242589274, 44.786686758121178 ], [ 28.477573709919106, 44.786310955555678 ], [ 28.47734546599003, 44.786243945765001 ], [ 28.47676953669491, 44.786176072536847 ], [ 28.476573424657509, 44.786156659337223 ], [ 28.475395294195962, 44.786551549846692 ], [ 28.473795109267613, 44.787058902025528 ], [ 28.473016887970878, 44.787244798587103 ], [ 28.472821096902791, 44.787123566893385 ], [ 28.472012253030691, 44.786697266516917 ], [ 28.471741879227153, 44.786578325298962 ], [ 28.471063674734808, 44.786323844184977 ], [ 28.470529444353396, 44.786032541775405 ], [ 28.469832836273145, 44.785661776544636 ], [ 28.469196272763874, 44.785343534085968 ], [ 28.46879337592528, 44.785235598678788 ], [ 28.467892845314822, 44.785011065490934 ], [ 28.466779705575458, 44.784810089559258 ], [ 28.465999272951553, 44.784643482295486 ], [ 28.465673625104799, 44.784577124863091 ], [ 28.465363213769454, 44.784494103145725 ], [ 28.465129343775917, 44.784441124247969 ], [ 28.464848369329729, 44.784415040478592 ], [ 28.464498690774885, 44.784411740183884 ], [ 28.464487084387656, 44.784296558628974 ], [ 28.464186353852259, 44.784051277275864 ], [ 28.465968528605593, 44.783598632245507 ], [ 28.466556243597861, 44.783432514235379 ], [ 28.468793047160457, 44.782819063158492 ], [ 28.470079852764382, 44.78243253935166 ], [ 28.470984151786311, 44.7821974831717 ], [ 28.47204416358268, 44.781945091663552 ], [ 28.472900861475321, 44.781715140139731 ], [ 28.474182351237829, 44.781418897321274 ], [ 28.474392740371556, 44.78136937675248 ], [ 28.47450554705366, 44.781605618387822 ], [ 28.474883078851505, 44.782398830940366 ], [ 28.474954407752783, 44.782657815471545 ], [ 28.475020265161735, 44.782872869503741 ], [ 28.476212658982675, 44.782862634308202 ], [ 28.476697235028684, 44.782817637811412 ], [ 28.477371303696636, 44.782736724444241 ], [ 28.478254195226086, 44.782563768338974 ], [ 28.478646429774614, 44.782496156597105 ], [ 28.480130601097269, 44.782327796605294 ], [ 28.480887984744154, 44.782228099298372 ], [ 28.48104515699022, 44.782836387175806 ], [ 28.481151782034154, 44.783735446953521 ], [ 28.481167488016354, 44.783993841354118 ], [ 28.481805107290384, 44.783740754930818 ], [ 28.482074558894752, 44.783630642905955 ], [ 28.48232582887826, 44.78348869834722 ], [ 28.482686404973386, 44.783167540842648 ], [ 28.483042610277895, 44.782828006121683 ], [ 28.483182934521075, 44.782624698363165 ], [ 28.483249522462092, 44.782437547726047 ], [ 28.483418491452888, 44.78211767009779 ], [ 28.483538644341788, 44.781956631240419 ], [ 28.483893256698206, 44.781751338648668 ], [ 28.484051299895405, 44.781732580519268 ], [ 28.484233305101963, 44.781733904984087 ], [ 28.484622672739942, 44.781832948323192 ], [ 28.484977234521551, 44.782000633893368 ], [ 28.485499100637078, 44.782088170766009 ], [ 28.486813973744489, 44.782447848457203 ], [ 28.487273818312165, 44.782690470167537 ], [ 28.487520619988629, 44.782917103012117 ], [ 28.487646090963239, 44.78309544131502 ], [ 28.487658872260457, 44.783412025248793 ], [ 28.487729475667717, 44.783611137170404 ], [ 28.487848133313175, 44.783959157530418 ], [ 28.488002593861768, 44.784361599912238 ], [ 28.488276312964395, 44.784908435879821 ], [ 28.4885235322581, 44.785446835435593 ], [ 28.488696067658072, 44.78571915163571 ], [ 28.488964721751401, 44.786289279871454 ], [ 28.48930302137385, 44.786935921706956 ], [ 28.489528733990358, 44.787150528836342 ], [ 28.489965641634367, 44.787359678204332 ], [ 28.490456850658777, 44.787532747758064 ], [ 28.490739250860926, 44.787631922093532 ], [ 28.491383862483836, 44.78781328716564 ], [ 28.492104474871439, 44.788015434665695 ], [ 28.492611914275049, 44.78807840813819 ], [ 28.492588505884637, 44.78812077846765 ], [ 28.492361071875425, 44.788227302935837 ], [ 28.491972047065946, 44.788454509350302 ], [ 28.491696380530204, 44.788675896076505 ], [ 28.491051539404378, 44.789343674320079 ], [ 28.490758236602801, 44.789595681550118 ], [ 28.490373986835404, 44.789848185924981 ], [ 28.490128751231442, 44.790195881905639 ], [ 28.489545743581147, 44.791132444426907 ], [ 28.489334726025024, 44.791392198581505 ], [ 28.488580729594513, 44.792092374997836 ], [ 28.488134093122554, 44.792601307142633 ], [ 28.488047497284704, 44.792726608473522 ], [ 28.48806869370538, 44.7930745589955 ], [ 28.487983275938859, 44.793165885205688 ], [ 28.487950391759838, 44.793372820893865 ], [ 28.488089346232783, 44.793946958599406 ], [ 28.488201527253874, 44.794401608907485 ], [ 28.492966484255096, 44.7936782088603 ], [ 28.49341772846277, 44.793405114306687 ], [ 28.494609835328646, 44.792706505714484 ], [ 28.496306711623259, 44.79176088513492 ], [ 28.498851257591184, 44.790464477903029 ], [ 28.504810972956864, 44.787716053920171 ], [ 28.504956421389217, 44.787332088558628 ], [ 28.50514150810702, 44.786530202816635 ], [ 28.506427424720957, 44.78503747697733 ], [ 28.507213108190477, 44.784073703858319 ], [ 28.508272915233015, 44.782777472847407 ], [ 28.508088047333889, 44.782605071772849 ], [ 28.507622035063214, 44.782263235255805 ], [ 28.507336358251266, 44.782001402570806 ], [ 28.507115553295527, 44.781843986411843 ], [ 28.506950589589163, 44.781749619326092 ], [ 28.506698361514616, 44.781662590329056 ], [ 28.506621833183516, 44.781792222305114 ], [ 28.506481070812061, 44.781989557522074 ], [ 28.505938297402597, 44.782248427901003 ], [ 28.505775904536605, 44.782355273844864 ], [ 28.5050904941866, 44.782621807338622 ], [ 28.504815311219684, 44.782717114095234 ], [ 28.504759064236698, 44.782753565923301 ], [ 28.504608222197756, 44.782810306731626 ], [ 28.504451243422736, 44.782846413666469 ], [ 28.504127130086619, 44.782885394009178 ], [ 28.50371665606071, 44.782991031946047 ], [ 28.503379992256235, 44.783474639359973 ], [ 28.502943403041023, 44.783184730373968 ], [ 28.502700001624419, 44.78324202587612 ], [ 28.50253138570368, 44.78324725626657 ], [ 28.502356849682673, 44.78326192549229 ], [ 28.502191340408494, 44.783317960902394 ], [ 28.501977762131933, 44.783437957417497 ], [ 28.501654497238146, 44.783570609613186 ], [ 28.50148574869614, 44.783679960386038 ], [ 28.501399332341094, 44.783754365160526 ], [ 28.50129825026017, 44.78380146093896 ], [ 28.501051389591314, 44.783855389847332 ], [ 28.500436132558978, 44.783888346359014 ], [ 28.500296773716531, 44.783947757037673 ], [ 28.500114546318173, 44.78388906053025 ], [ 28.499870356062281, 44.783827217608014 ], [ 28.499726691741248, 44.783815474475702 ], [ 28.499623350269385, 44.783825618736344 ], [ 28.49938663932635, 44.783886169872524 ], [ 28.49877575891098, 44.784097138572676 ], [ 28.49822257437766, 44.784375150241637 ], [ 28.497770998827132, 44.784534903391148 ], [ 28.497519197691272, 44.784614428870057 ], [ 28.497413881851934, 44.784646287410204 ], [ 28.497207755483657, 44.784515330036491 ], [ 28.497027996429324, 44.784391329070417 ], [ 28.496899557558912, 44.784362913987081 ], [ 28.496803967581275, 44.784340423771326 ], [ 28.496632810673866, 44.784357292611091 ], [ 28.49628668877536, 44.784435107864233 ], [ 28.495914482070219, 44.784564631425589 ], [ 28.495701450723136, 44.784640638410337 ], [ 28.495430752949055, 44.784783214599962 ], [ 28.495265653507815, 44.784899383328465 ], [ 28.495029590796964, 44.784271682412246 ], [ 28.494680235368822, 44.783609996565183 ], [ 28.494284468633161, 44.782449443446829 ], [ 28.49408118755662, 44.78209942156488 ], [ 28.49398339632225, 44.781880980631897 ], [ 28.493947150902404, 44.781286825835991 ], [ 28.493906139699508, 44.780987311506848 ], [ 28.493828471888431, 44.780725950475883 ], [ 28.493764756755354, 44.780586785278437 ], [ 28.493583758285883, 44.780282347702617 ], [ 28.493589165407652, 44.779891661935785 ], [ 28.493562654037849, 44.779457002968577 ], [ 28.494660003934914, 44.779339751725935 ], [ 28.495657678062194, 44.779292672431616 ], [ 28.496702155369636, 44.779160842173994 ], [ 28.497786521947244, 44.779043962405126 ], [ 28.498797260071122, 44.778918363117711 ], [ 28.500492890056329, 44.778750664582262 ], [ 28.501833521135996, 44.778555288458989 ], [ 28.501853226984434, 44.778425666334833 ], [ 28.501843460809951, 44.778000243302905 ], [ 28.501757715553204, 44.777607256248494 ], [ 28.501530335374877, 44.77641177092174 ], [ 28.501224495520685, 44.774729285764344 ], [ 28.501038760369781, 44.77377107308341 ], [ 28.500482059326153, 44.770898839589371 ], [ 28.50370692334176, 44.772033181553766 ], [ 28.508519522563805, 44.773751023452981 ], [ 28.509279485023367, 44.774036545894553 ], [ 28.51003945373969, 44.774322064047041 ], [ 28.511575159701096, 44.774874671956859 ], [ 28.51179906580067, 44.774956596255223 ], [ 28.513832163276795, 44.775700447695996 ], [ 28.513937328844644, 44.77572031214779 ], [ 28.514627782869226, 44.77574972372323 ], [ 28.514554506114141, 44.774926002279486 ], [ 28.514501999573397, 44.774705518402939 ], [ 28.514528562257606, 44.774450181330977 ], [ 28.514330070015586, 44.774391575826648 ], [ 28.514284380853493, 44.774335154497571 ], [ 28.514316502488903, 44.774276311252251 ], [ 28.514478730937782, 44.774220359592086 ], [ 28.514498400627595, 44.774011510941548 ], [ 28.514339539900458, 44.774016455770536 ], [ 28.514135301959161, 44.773599400404542 ], [ 28.514181678239755, 44.773137524489677 ], [ 28.514239134698876, 44.773124167458448 ], [ 28.514301392298179, 44.772812189194461 ], [ 28.514451352056046, 44.772291559600077 ], [ 28.514464223994906, 44.771981118472141 ], [ 28.514335109906529, 44.771985137433546 ], [ 28.514313577201445, 44.771634120682798 ], [ 28.514667672545841, 44.770787841472242 ], [ 28.515342782201969, 44.769099201492644 ], [ 28.51502258747422, 44.768378701947398 ], [ 28.515226603510694, 44.7679969745097 ], [ 28.515937771654233, 44.766666294415472 ], [ 28.516530956678807, 44.766576094341012 ], [ 28.516589065928404, 44.766490989420959 ], [ 28.516647175063472, 44.766405885372414 ], [ 28.51674468957777, 44.76635425991342 ], [ 28.516732696585006, 44.766317613314662 ], [ 28.516680528769733, 44.766261394843561 ], [ 28.516633851961853, 44.766188810224975 ], [ 28.516613958754608, 44.766129272313044 ], [ 28.51652838301175, 44.766057898390599 ], [ 28.516438733864057, 44.766025984650298 ], [ 28.516288203374867, 44.76600753573485 ], [ 28.516232671113233, 44.76600232391381 ], [ 28.516236603187483, 44.765960554883982 ], [ 28.516328483420253, 44.765922987148436 ], [ 28.516493947389304, 44.765920146683314 ], [ 28.5165727197863, 44.765880673822522 ], [ 28.516629083333445, 44.765846526210261 ], [ 28.516670090471123, 44.765826738797323 ], [ 28.516700663856792, 44.76579570768223 ], [ 28.516738836229248, 44.765729734677493 ], [ 28.516793376040333, 44.765718780271712 ], [ 28.516835940947882, 44.765724395754326 ], [ 28.51687244938001, 44.765737140380644 ], [ 28.516913598120759, 44.765719662564344 ], [ 28.516921620953109, 44.765691647960999 ], [ 28.516882420643956, 44.765635025634666 ], [ 28.516844920094787, 44.76560611592884 ], [ 28.516832219765728, 44.765557922685034 ], [ 28.516849825901783, 44.765527296363246 ], [ 28.516865254208522, 44.765514090017625 ], [ 28.516935104866054, 44.765355736739821 ], [ 28.517005568701169, 44.765339659769751 ], [ 28.517121982185756, 44.765331405879415 ], [ 28.517212178024966, 44.765319340458653 ], [ 28.51722765881058, 44.765254074207327 ], [ 28.517204239780156, 44.765190018943727 ], [ 28.517112626577546, 44.765178990230567 ], [ 28.516929681279546, 44.76516155202313 ], [ 28.516872430973361, 44.765075414105375 ], [ 28.517041237515347, 44.764968351341253 ], [ 28.51716105100591, 44.765015520845225 ], [ 28.517219700969555, 44.765071537135427 ], [ 28.517292148902072, 44.765087789247538 ], [ 28.51730979391559, 44.765163593076203 ], [ 28.517398024540686, 44.765172412917167 ], [ 28.517477626028032, 44.765093579288518 ], [ 28.517490554667486, 44.764986745033305 ], [ 28.517493776894344, 44.764933428467458 ], [ 28.517533081890129, 44.764885929073699 ], [ 28.517606927548261, 44.764872060447928 ], [ 28.517658225586356, 44.764861206614754 ], [ 28.517699373458115, 44.764843728525527 ], [ 28.517709645433264, 44.764799447786835 ], [ 28.517679034394398, 44.764724048015296 ], [ 28.517636148048606, 44.764607384132162 ], [ 28.517596804818218, 44.764548453311384 ], [ 28.517541964107004, 44.764501573130488 ], [ 28.517507847744696, 44.764474871409469 ], [ 28.517485137562367, 44.764422362814244 ], [ 28.517519093578802, 44.764393540167205 ], [ 28.517715123902622, 44.764359667594825 ], [ 28.517892838668686, 44.764344875490437 ], [ 28.518001349379915, 44.764313729520779 ], [ 28.518014154074567, 44.764257800231313 ], [ 28.518000459422716, 44.764193443002149 ], [ 28.517972400430406, 44.764159611268347 ], [ 28.517962940254144, 44.764111317177552 ], [ 28.517983362002742, 44.764073661529245 ], [ 28.518070863032108, 44.764017718679092 ], [ 28.518255040116927, 44.76394950842537 ], [ 28.518472198820145, 44.76388952547488 ], [ 28.518748717509499, 44.763897103264227 ], [ 28.518900094005271, 44.763929404347309 ], [ 28.518977605487841, 44.763922361037032 ], [ 28.519030015834321, 44.763876766697045 ], [ 28.519076794310145, 44.763845229780472 ], [ 28.519127382056958, 44.763822829602738 ], [ 28.519243932633323, 44.763816882395489 ], [ 28.519308904027312, 44.763817171158856 ], [ 28.519375698977814, 44.763794264738529 ], [ 28.519459105214143, 44.763724566533817 ], [ 28.519548305148859, 44.763696335145042 ], [ 28.519628916328859, 44.763686880647093 ], [ 28.519705434443154, 44.763663671798646 ], [ 28.519722472251264, 44.763623806314229 ], [ 28.519713981851062, 44.763538462813223 ], [ 28.519726217396332, 44.763473297345989 ], [ 28.519740296923263, 44.763438152288337 ], [ 28.519778059297117, 44.763418464864678 ], [ 28.519823298575826, 44.763414741216884 ], [ 28.519890821612968, 44.763456596686865 ], [ 28.519926782607271, 44.763513318984529 ], [ 28.519938373405601, 44.763596251707732 ], [ 28.519936145232343, 44.763665733386858 ], [ 28.519947997775912, 44.763700069944036 ], [ 28.52000241524313, 44.763740019868216 ], [ 28.520048079098498, 44.763743224297194 ], [ 28.520129115862979, 44.763740697573269 ], [ 28.520236771649998, 44.76369569327052 ], [ 28.520282698098015, 44.763650300505923 ], [ 28.520309600772762, 44.763612441423035 ], [ 28.52031930431961, 44.763558923535832 ], [ 28.520317034316037, 44.763521974111178 ], [ 28.520358321034717, 44.763506804795881 ], [ 28.520388629868609, 44.763524368892661 ], [ 28.520435854199629, 44.763552975108425 ], [ 28.520474893356443, 44.76355407184036 ], [ 28.520550417709121, 44.76351469649471 ], [ 28.520600981904174, 44.763439080161511 ], [ 28.52061830283834, 44.763403833903602 ], [ 28.520675939751214, 44.763390467791815 ], [ 28.520727234642504, 44.763379613531797 ], [ 28.520819675286784, 44.763351279155188 ], [ 28.52095680905953, 44.763363198346468 ], [ 28.521060818895929, 44.763364581764435 ], [ 28.521082231656905, 44.763343090617653 ], [ 28.521101799631602, 44.763291578190973 ], [ 28.521070193029928, 44.763200015229856 ], [ 28.520972621368127, 44.763091998591158 ], [ 28.520881555592624, 44.763036995192806 ], [ 28.520819968949969, 44.763038915891045 ], [ 28.520768128392678, 44.763093748829803 ], [ 28.520720237803314, 44.76316002636392 ], [ 28.52064977779613, 44.763176106493319 ], [ 28.520573381260387, 44.763148410093287 ], [ 28.520579131827304, 44.763083445847371 ], [ 28.520598275830988, 44.763025006234102 ], [ 28.520692679685574, 44.762975787425646 ], [ 28.520813016271532, 44.762925759784316 ], [ 28.520946720547091, 44.762829040286157 ], [ 28.52100968246938, 44.762743782491121 ], [ 28.521030647531543, 44.762662147691188 ], [ 28.521033015034561, 44.762594975726749 ], [ 28.521010870065812, 44.762551705680508 ], [ 28.520939821578995, 44.76250533263557 ], [ 28.52087610586138, 44.762472613663356 ], [ 28.520870311152393, 44.762431146870831 ], [ 28.520916945576214, 44.76239730045004 ], [ 28.521057721677312, 44.762362831969178 ], [ 28.521166509392188, 44.762336301532329 ], [ 28.521264415387815, 44.762238384968512 ], [ 28.521386571431705, 44.762165162522983 ], [ 28.52144110691572, 44.762154205938351 ], [ 28.521503261538125, 44.76216152267348 ], [ 28.521596999387786, 44.76220718669834 ], [ 28.521687354869112, 44.762250642958413 ], [ 28.521753601777647, 44.762271713808218 ], [ 28.521795172317177, 44.762261162396115 ], [ 28.521834754524829, 44.762218280076837 ], [ 28.521827681810962, 44.762156029879741 ], [ 28.521768178956005, 44.762086160665305 ], [ 28.521759283668807, 44.762047103834007 ], [ 28.521805064454277, 44.761999401754935 ], [ 28.522000114207351, 44.762002571481155 ], [ 28.522104121570152, 44.762003953975416 ], [ 28.522157095423751, 44.761967595143595 ], [ 28.522218799950661, 44.761914767883738 ], [ 28.52233941684311, 44.761869357117142 ], [ 28.522439188439282, 44.761854675444532 ], [ 28.522501909385351, 44.761871228563024 ], [ 28.522514614814156, 44.761919421066153 ], [ 28.522527178286516, 44.761965303895607 ], [ 28.522552138875117, 44.762001544398622 ], [ 28.522595412571153, 44.762018704265742 ], [ 28.5226863117528, 44.762018181131587 ], [ 28.522750145325617, 44.761999993269391 ], [ 28.52283143999788, 44.761948868474022 ], [ 28.522910177754419, 44.761856175871372 ], [ 28.522998213628416, 44.761756251643796 ], [ 28.52312417614074, 44.761692163088576 ], [ 28.523236771396306, 44.761674767305848 ], [ 28.523314563180147, 44.761672339515883 ], [ 28.523407425738593, 44.761650931195682 ], [ 28.52343896326412, 44.761582848737305 ], [ 28.523469079468235, 44.761491672305453 ], [ 28.52348216234757, 44.761440362728933 ], [ 28.523538518593945, 44.761406210862077 ], [ 28.523599677398469, 44.761397361497082 ], [ 28.523692681369521, 44.761378261721958 ], [ 28.523749463450041, 44.761351037863108 ], [ 28.523799193872819, 44.761314780372786 ], [ 28.523869058274446, 44.761236245948261 ], [ 28.523882566724556, 44.761191863542749 ], [ 28.523839979030512, 44.761133036115076 ], [ 28.523820080288115, 44.761073499565853 ], [ 28.523856987676783, 44.761039955503456 ], [ 28.523965345477727, 44.761006494319602 ], [ 28.52405158236763, 44.76098297906708 ], [ 28.524089317106476, 44.760910075653356 ], [ 28.524141862618013, 44.76086678781774 ], [ 28.524218375027473, 44.760843575098974 ], [ 28.524294604653754, 44.760815744750232 ], [ 28.524387439391688, 44.760741121098526 ], [ 28.524492672889515, 44.760656854767305 ], [ 28.524535067656085, 44.760606942236308 ], [ 28.524630175554837, 44.76056926675426 ], [ 28.524732191761, 44.760538316908061 ], [ 28.524807709247572, 44.760498939721174 ], [ 28.524871655953692, 44.760429844919713 ], [ 28.524928269123631, 44.760347095341366 ], [ 28.525028670176116, 44.760184313364768 ], [ 28.525111496042399, 44.760105373405004 ], [ 28.525371969344409, 44.759905199695893 ], [ 28.525473388565047, 44.759811796002388 ], [ 28.525536482591033, 44.759728845507958 ], [ 28.525779804232744, 44.759619442088479 ], [ 28.526011014389447, 44.759524299239928 ], [ 28.526160083132549, 44.759466426884075 ], [ 28.526248704621718, 44.759428952594817 ], [ 28.526427316210579, 44.759270666803609 ], [ 28.526668759774996, 44.759078024924705 ], [ 28.52695910368563, 44.758888482965752 ], [ 28.527176774891458, 44.758784505121021 ], [ 28.527312193157297, 44.758768705275877 ], [ 28.527421255298336, 44.758746787390436 ], [ 28.527472090652147, 44.75867578751555 ], [ 28.527527986437537, 44.758581491142941 ], [ 28.527564180585077, 44.758536399373682 ], [ 28.527604466670475, 44.758505061655008 ], [ 28.527670825623126, 44.758475223285799 ], [ 28.527746480477486, 44.758438152970974 ], [ 28.52776956683736, 44.758391156636584 ], [ 28.527773632258576, 44.758351696111021 ], [ 28.52783379195111, 44.758326678676248 ], [ 28.527900719193493, 44.758306077027235 ], [ 28.52793819104345, 44.758281768546169 ], [ 28.528011172513342, 44.758254037113872 ], [ 28.528059220910855, 44.758243279984789 ], [ 28.52807710444975, 44.758217270427721 ], [ 28.528059334916193, 44.758192374211063 ], [ 28.528003809406005, 44.758187168979006 ], [ 28.527950244799428, 44.758161078194078 ], [ 28.527918658328645, 44.758122730922778 ], [ 28.527890170204305, 44.75808197451353 ], [ 28.527864781518971, 44.758038806233138 ], [ 28.527878428361738, 44.757996733073028 ], [ 28.527975662121989, 44.757993694409542 ], [ 28.528156197390022, 44.758025071639302 ], [ 28.528287122037227, 44.758041804003547 ], [ 28.528400703620086, 44.758040567238609 ], [ 28.528452958899614, 44.757992659066161 ], [ 28.528482384348756, 44.757943151236013 ], [ 28.5285640933891, 44.757898949707695 ], [ 28.528666102655599, 44.757867996414014 ], [ 28.528742011679896, 44.75778232935037 ], [ 28.528798131257698, 44.757586220868369 ], [ 28.528989521503149, 44.757372001844409 ], [ 28.528998503668944, 44.757306935098626 ], [ 28.528907297580421, 44.757249629395375 ], [ 28.528773958672101, 44.757193640652964 ], [ 28.528723067516452, 44.757158212054861 ], [ 28.528704871473074, 44.757126387857419 ], [ 28.528719512805509, 44.75710047953509 ], [ 28.528787147988631, 44.757091423931129 ], [ 28.528898481499407, 44.757106453845964 ], [ 28.529053484379244, 44.757092352829233 ], [ 28.52918284282045, 44.757083681522673 ], [ 28.529291616594445, 44.757057143471307 ], [ 28.529385719934961, 44.757003299206204 ], [ 28.529460405667987, 44.757003278287705 ], [ 28.529526933604487, 44.757028963042806 ], [ 28.529584277504025, 44.757010974096559 ], [ 28.529554793190336, 44.756954052304522 ], [ 28.529496537097213, 44.756851755152113 ], [ 28.529506940865851, 44.756809782268569 ], [ 28.529564711229352, 44.756798721413169 ], [ 28.529608550578118, 44.756825115495367 ], [ 28.529642810054138, 44.756854123198366 ], [ 28.529693642473511, 44.75689669813778 ], [ 28.529758537485812, 44.756914131844141 ], [ 28.529807011177933, 44.756910302968642 ], [ 28.529844481305929, 44.756885993881909 ], [ 28.529814855867095, 44.75682676336195 ], [ 28.529825512807815, 44.756736193501744 ], [ 28.529871852845709, 44.756697725120411 ], [ 28.529953732455525, 44.756709047655903 ], [ 28.529999819065655, 44.756719175274043 ], [ 28.530087469307833, 44.756718747634871 ], [ 28.530167783005446, 44.75670466741407 ], [ 28.530243861909078, 44.756674523522051 ], [ 28.530280762720729, 44.75664097746369 ], [ 28.530297601005248, 44.756601880046098 ], [ 28.530375529038889, 44.756518856276585 ], [ 28.530443402255248, 44.756434595461513 ], [ 28.530511488694223, 44.756353799094214 ], [ 28.530592751891973, 44.756276060836932 ], [ 28.530664972396313, 44.756156958619165 ], [ 28.530668039878933, 44.756101333123844 ], [ 28.530671249586831, 44.756048016386487 ], [ 28.530659590505895, 44.755990537372135 ], [ 28.530638421617599, 44.755936826943824 ], [ 28.530626067776208, 44.755894408648295 ], [ 28.530637593433088, 44.755844302985636 ], [ 28.530704911716775, 44.75577741245143 ], [ 28.530749970035714, 44.755718160417587 ], [ 28.530769811395363, 44.755671264910177 ], [ 28.530743070183881, 44.755606159154567 ], [ 28.530671935199237, 44.755532031090326 ], [ 28.5305864143759, 44.755435214543681 ], [ 28.530545200038926, 44.755319660059143 ], [ 28.530532230593423, 44.755188182315351 ], [ 28.53053699913966, 44.755028385039317 ], [ 28.530549988000011, 44.754949311794249 ], [ 28.530576737687873, 44.754909141679839 ], [ 28.530625478863364, 44.754883322748 ], [ 28.530679776963581, 44.754842291002085 ], [ 28.530721892922319, 44.754814366033685 ], [ 28.530728714888866, 44.754793328405668 ], [ 28.530694725405557, 44.754742332190062 ], [ 28.530632706165957, 44.754710722779933 ], [ 28.530580693275873, 44.754683427695461 ], [ 28.530550031785882, 44.754660093031085 ], [ 28.530543604832683, 44.754634842465975 ], [ 28.530584086015931, 44.754580360052501 ], [ 28.530629783641409, 44.754531498839725 ], [ 28.530641522474024, 44.754484857667322 ], [ 28.530650659953178, 44.754448708632381 ], [ 28.530672138235158, 44.754428370565634 ], [ 28.530726791527862, 44.754393112047325 ], [ 28.530780321925285, 44.754365986195147 ], [ 28.53079834402725, 44.754342285043656 ], [ 28.530791562668131, 44.754311262111088 ], [ 28.530757588688243, 44.754286873158051 ], [ 28.530707196836754, 44.754259527435885 ], [ 28.530556676910489, 44.754214489935087 ], [ 28.530450748239279, 44.754155331889287 ], [ 28.530417811137763, 44.754095048063981 ], [ 28.530402697966078, 44.754034205902457 ], [ 28.530390755146822, 44.753972108436962 ], [ 28.530401443593053, 44.753934754766277 ], [ 28.530438484808105, 44.753903517445039 ], [ 28.530567819328411, 44.753868236558276 ], [ 28.530629095952296, 44.753835085037444 ], [ 28.530676555933294, 44.753788482783499 ], [ 28.53071315489218, 44.753723710058409 ], [ 28.530748488724633, 44.753664761255976 ], [ 28.530810674417047, 44.753620012466257 ], [ 28.530860449509557, 44.75355829872646 ], [ 28.53088556357077, 44.753491571062241 ], [ 28.530878694571463, 44.753432786100788 ], [ 28.530829751209659, 44.753349864684537 ], [ 28.530794480973139, 44.753278085216451 ], [ 28.530766557125443, 44.753114683160689 ], [ 28.53077728450172, 44.753025268938686 ], [ 28.530796271411141, 44.752964517303106 ], [ 28.530871419086292, 44.752919362142386 ], [ 28.530964747162567, 44.752879423524035 ], [ 28.53104003688011, 44.752836577910863 ], [ 28.531070168896949, 44.752798615968125 ], [ 28.531080714413449, 44.752758952588358 ], [ 28.531062874263785, 44.752732902912086 ], [ 28.531013962033889, 44.752703196958336 ], [ 28.530949057934883, 44.752677462361518 ], [ 28.530781572041413, 44.752646837848978 ], [ 28.53062193427354, 44.752664556659454 ], [ 28.53057747276387, 44.752654378520724 ], [ 28.530577030859991, 44.752620843202195 ], [ 28.530578706184038, 44.7525953392364 ], [ 28.530640899917799, 44.752445314641449 ], [ 28.530696058222087, 44.752312863153769 ], [ 28.530791046688734, 44.752220813442257 ], [ 28.53095989980137, 44.752062825183891 ], [ 28.531013326107448, 44.751981329942552 ], [ 28.53099265636196, 44.751935701566083 ], [ 28.530918158762486, 44.751885972534069 ], [ 28.53080534129451, 44.751846696669368 ], [ 28.53075016214315, 44.751820658695436 ], [ 28.530722726898873, 44.751770614572202 ], [ 28.530711189537531, 44.751556953911368 ], [ 28.530684981673023, 44.751315988236087 ], [ 28.530683939096676, 44.751220000741064 ], [ 28.530709977056961, 44.751168284101652 ], [ 28.530808005459964, 44.751099275828309 ], [ 28.530930410196099, 44.75103066203755 ], [ 28.530965117450386, 44.750987929686687 ], [ 28.530944290548561, 44.750913384396945 ], [ 28.530955372975995, 44.750829743414194 ], [ 28.530979236227836, 44.750795447828594 ], [ 28.531069873206114, 44.750738239250119 ], [ 28.531150946632341, 44.750710252491253 ], [ 28.531202156925637, 44.750698237952804 ], [ 28.531226304550994, 44.75066856162924 ], [ 28.531235000147781, 44.750598877216703 ], [ 28.531247575849001, 44.750539483102166 ], [ 28.531283032840943, 44.750456236629134 ], [ 28.531275311477387, 44.750383594623251 ], [ 28.531255338030697, 44.750322905529764 ], [ 28.531244888974584, 44.750285055949327 ], [ 28.531275698690518, 44.750205425115809 ], [ 28.531295506888014, 44.750105314177901 ], [ 28.53133603995644, 44.750025379147559 ], [ 28.531335865470417, 44.749969855051773 ], [ 28.531315338476265, 44.749926535485855 ], [ 28.531279517535712, 44.749872126528672 ], [ 28.531275906535672, 44.74983984740269 ], [ 28.531277921727259, 44.749793509433538 ], [ 28.531304170652888, 44.749745256300642 ], [ 28.531313230751948, 44.749724933787448 ], [ 28.531320485224789, 44.749693843683794 ], [ 28.531300235828184, 44.74964183978458 ], [ 28.531259090970398, 44.749580076978674 ], [ 28.531221195734911, 44.749531517264074 ], [ 28.531186406543721, 44.749493851028461 ], [ 28.53117278058491, 44.749443953118536 ], [ 28.531160497772081, 44.749402689739469 ], [ 28.531185281433377, 44.749317463070092 ], [ 28.531215743434927, 44.74924536262165 ], [ 28.531285278704356, 44.749188235871493 ], [ 28.531471360787691, 44.74899384536927 ], [ 28.5315677729164, 44.748819612187539 ], [ 28.531659978662081, 44.748682529923961 ], [ 28.531776861003713, 44.748577068494946 ], [ 28.531881918133184, 44.748490487089704 ], [ 28.532001501871349, 44.748428901719699 ], [ 28.532057808799696, 44.748341531415605 ], [ 28.532052828648872, 44.748260706110429 ], [ 28.531985992550204, 44.748177188973344 ], [ 28.53196398884409, 44.748136230744301 ], [ 28.531982830773824, 44.748073170204322 ], [ 28.532094051270839, 44.747928551163056 ], [ 28.532178382387443, 44.747821794630227 ], [ 28.53221496018563, 44.747730414278557 ], [ 28.53218904990705, 44.747520674644051 ], [ 28.532178267392112, 44.74739838329026 ], [ 28.532211429940297, 44.747251580244125 ], [ 28.532223331957326, 44.747128579045693 ], [ 28.532216895882463, 44.746971446386617 ], [ 28.532213164622085, 44.746858189916537 ], [ 28.532227199685707, 44.746769828171253 ], [ 28.532404760027614, 44.746595368944078 ], [ 28.53252893808969, 44.746450344824176 ], [ 28.532559712088894, 44.746317498349129 ], [ 28.532530560399064, 44.746107860236265 ], [ 28.532590684911622, 44.745819074353285 ], [ 28.532619325243157, 44.745651589329917 ], [ 28.532632155666995, 44.745438323253275 ], [ 28.532625829072352, 44.745230284936142 ], [ 28.532596930382994, 44.744972049893335 ], [ 28.532567528051651, 44.744811008696288 ], [ 28.532520389452433, 44.744678286443744 ], [ 28.532407876176777, 44.744538356344336 ], [ 28.532325555017675, 44.744466892813179 ], [ 28.532331687390162, 44.744355640891278 ], [ 28.532316843846989, 44.744272811068157 ], [ 28.532291283060534, 44.744174119680515 ], [ 28.532283205852952, 44.744095705424265 ], [ 28.532339649338059, 44.744010644752549 ], [ 28.532420450267008, 44.743899370216212 ], [ 28.532474649827332, 44.743830575740915 ], [ 28.532517846157514, 44.743741301333202 ], [ 28.532521701490296, 44.743593101253005 ], [ 28.532493721773658, 44.7434551521036 ], [ 28.532442239860433, 44.743357272871926 ], [ 28.532385983961138, 44.743287307798951 ], [ 28.532334108461075, 44.743235714870089 ], [ 28.532319834357441, 44.743162121861047 ], [ 28.532347114973131, 44.743077973799402 ], [ 28.532452381048824, 44.742889579780012 ], [ 28.532496004883654, 44.742807233413949 ], [ 28.532518906015461, 44.742704712212479 ], [ 28.532527599121558, 44.742635027755263 ], [ 28.532577023377172, 44.742594147440677 ], [ 28.532665900613772, 44.74256128695837 ], [ 28.532740282889243, 44.742556645750987 ], [ 28.532848175050429, 44.742516249469517 ], [ 28.532988719183368, 44.742426242025587 ], [ 28.533091125552954, 44.742402212360112 ], [ 28.533161841156129, 44.742390744221517 ], [ 28.533230598073761, 44.742400160712492 ], [ 28.533282190170659, 44.742447133885172 ], [ 28.533368746506945, 44.742534660157851 ], [ 28.533406665559706, 44.742570493458352 ], [ 28.533463741919675, 44.742601098823521 ], [ 28.533506007659742, 44.742602089813751 ], [ 28.53360364190161, 44.742605974762412 ], [ 28.533707044652076, 44.742598109397207 ], [ 28.533778614412554, 44.74260049697714 ], [ 28.533887249438305, 44.742624860641627 ], [ 28.534032808844515, 44.742668891490155 ], [ 28.534148637367661, 44.742704598419223 ], [ 28.534246447620589, 44.742764006887818 ], [ 28.534266919621658, 44.742832778308816 ], [ 28.534314419322538, 44.742865997223241 ], [ 28.534394320376304, 44.742898201549231 ], [ 28.534483373038473, 44.742920863720038 ], [ 28.534599879180675, 44.742914902238169 ], [ 28.534696232580643, 44.742898002087948 ], [ 28.534841901637808, 44.742891126202736 ], [ 28.534996044379273, 44.74291637776453 ], [ 28.535200037060683, 44.742907675720481 ], [ 28.535272319184031, 44.742921607890082 ], [ 28.535310810513995, 44.742966677283611 ], [ 28.535283925812056, 44.743004538764794 ], [ 28.535231547251676, 44.743050141037564 ], [ 28.535195085038776, 44.743090615672322 ], [ 28.535177210590248, 44.743116627085804 ], [ 28.535182158849047, 44.74314423690781 ], [ 28.535212744733091, 44.743166416448432 ], [ 28.53527206661391, 44.74318075453624 ], [ 28.535392810776621, 44.743190855564883 ], [ 28.535435504140416, 44.743198772970871 ], [ 28.535483965813732, 44.743194941842326 ], [ 28.535557351696919, 44.74317413303578 ], [ 28.535614679888127, 44.743156141273012 ], [ 28.535668624833576, 44.743135941348477 ], [ 28.535723566714275, 44.743131907130028 ], [ 28.535767684279151, 44.743162917284984 ], [ 28.535794888439579, 44.743182888494403 ], [ 28.535845628815675, 44.743216005268998 ], [ 28.535903382981513, 44.743204941441292 ], [ 28.535970432145486, 44.743186644976696 ], [ 28.536040008563379, 44.743156699655025 ], [ 28.536120160581568, 44.743140305831432 ], [ 28.536184252486727, 44.743126730100549 ], [ 28.536261022505897, 44.743108128919808 ], [ 28.536430761114371, 44.743070417987013 ], [ 28.536548228815942, 44.7430274040209 ], [ 28.536728257868884, 44.742998625752541 ], [ 28.536880692089031, 44.742996163478004 ], [ 28.537037257923988, 44.743060669903826 ], [ 28.537134929215139, 44.743117766171117 ], [ 28.537214121016046, 44.743138422008663 ], [ 28.537277500180977, 44.743113298339345 ], [ 28.537310256361103, 44.743012781297935 ], [ 28.537290847884172, 44.742856054373277 ], [ 28.537424763013576, 44.742763935835413 ], [ 28.53766813391038, 44.742656816992096 ], [ 28.537820529084289, 44.742601138226739 ], [ 28.53788985698294, 44.742619789537969 ], [ 28.537946793188752, 44.742648082956578 ], [ 28.537985960783665, 44.742651483489425 ], [ 28.538086940205005, 44.742604356486815 ], [ 28.538116455228185, 44.742503940781845 ], [ 28.538132903016631, 44.742454836097281 ], [ 28.538161029804478, 44.742384541926207 ], [ 28.538191436784754, 44.742351196634033 ], [ 28.538217462874865, 44.7422994784785 ], [ 28.538217853275931, 44.742253191236792 ], [ 28.538215145503894, 44.742209315223363 ], [ 28.538208626935258, 44.742156303125341 ], [ 28.538208304772454, 44.742098469469717 ], [ 28.538220230377952, 44.742028684034956 ], [ 28.538275950385845, 44.741932073253125 ], [ 28.538329428455594, 44.741851729693103 ], [ 28.538398071080238, 44.741701498212024 ], [ 28.5384084286332, 44.741606310296689 ], [ 28.538363455758301, 44.741561445123793 ], [ 28.538342305289536, 44.74153434333072 ], [ 28.538367903326495, 44.741475697121921 ], [ 28.538443813984934, 44.741443238487797 ], [ 28.538480130315843, 44.741400453214681 ], [ 28.538576403810037, 44.741277120221419 ], [ 28.538594201256345, 44.741144678675987 ], [ 28.538576784191033, 44.741020282550892 ], [ 28.538572898570436, 44.740904716851219 ], [ 28.538607076583169, 44.740827292313504 ], [ 28.538658842822919, 44.740719236519588 ], [ 28.538716128783502, 44.740648028913121 ], [ 28.53889888552299, 44.740505788114831 ], [ 28.539076054534817, 44.740430820616275 ], [ 28.539212385707284, 44.740377956753754 ], [ 28.539344801457034, 44.740366864093843 ], [ 28.539503565830621, 44.740361885552836 ], [ 28.539717166163229, 44.740403775340418 ], [ 28.539971357514379, 44.740472157418878 ], [ 28.54018581412755, 44.740527902343814 ], [ 28.540415330899751, 44.740564664288428 ], [ 28.540533114861997, 44.740579479914473 ], [ 28.540635839144613, 44.740613277115166 ], [ 28.540689677917598, 44.740643980411129 ], [ 28.5408091734622, 44.740686506902421 ], [ 28.540961276312743, 44.740626205611619 ], [ 28.541373156573314, 44.74056700846679 ], [ 28.541694312842555, 44.740510656592413 ], [ 28.541952663758781, 44.740488667746611 ], [ 28.542155832319846, 44.740519311542883 ], [ 28.542297135561, 44.740704604580912 ], [ 28.542462076765947, 44.740852135181072 ], [ 28.542529649382935, 44.740789857368824 ], [ 28.542520803034066, 44.740646682519532 ], [ 28.542558091483251, 44.740409509588368 ], [ 28.542636828773748, 44.740212684343149 ], [ 28.54270097586064, 44.740094982420203 ], [ 28.542787416279261, 44.740022857575944 ], [ 28.542843169321955, 44.739979459852314 ], [ 28.542857472034431, 44.739895716343547 ], [ 28.542821648011056, 44.739841310194286 ], [ 28.542772291125768, 44.73977807505311 ], [ 28.542799554868498, 44.739693924732315 ], [ 28.542882000348335, 44.739557139035171 ], [ 28.542929844887883, 44.739490852871221 ], [ 28.543064213952384, 44.739458870169422 ], [ 28.543149311650538, 44.739470080847497 ], [ 28.543243456693549, 44.739522655184061 ], [ 28.543325498523171, 44.739589492280011 ], [ 28.543417647194079, 44.739609736962628 ], [ 28.543556783447194, 44.739549839153391 ], [ 28.543655041019509, 44.739458831507214 ], [ 28.543715845467176, 44.739392138106062 ], [ 28.543628380018401, 44.739237548759725 ], [ 28.543549107497221, 44.739110467897937 ], [ 28.543523101920236, 44.739004852227026 ], [ 28.54352949776613, 44.738898219317626 ], [ 28.543570389819024, 44.738771993188159 ], [ 28.543649650304459, 44.73853118887677 ], [ 28.54374486542887, 44.738338471856387 ], [ 28.543832216504004, 44.73817608063586 ], [ 28.543861862071324, 44.738077972361445 ], [ 28.54391375750312, 44.737972224025953 ], [ 28.544015252323891, 44.737881114374183 ], [ 28.544155668467909, 44.737841999887834 ], [ 28.544273590375603, 44.737859120413887 ], [ 28.544356203169912, 44.737935193462327 ], [ 28.544399320785413, 44.737950036450194 ], [ 28.544504526309879, 44.737918966878453 ], [ 28.544564614404248, 44.737840726708512 ], [ 28.544607688985074, 44.737802353547131 ], [ 28.544748532752287, 44.73777016542558 ], [ 28.54486526938701, 44.737715596721792 ], [ 28.544934834499823, 44.737685646994166 ], [ 28.544979907537275, 44.737679604016385 ], [ 28.545057238357995, 44.737670233732793 ], [ 28.545110889199243, 44.737645411069593 ], [ 28.545164254448906, 44.737615970022091 ], [ 28.545216049042804, 44.7375611266257 ], [ 28.545233203388644, 44.737523568273794 ], [ 28.545304152308127, 44.737463495859316 ], [ 28.545380053658253, 44.737431032706169 ], [ 28.545445708774583, 44.737442853233404 ], [ 28.545500501569144, 44.737436504723426 ], [ 28.545543433719487, 44.73739582245031 ], [ 28.545555635089482, 44.7373306538598 ], [ 28.545573271415865, 44.737195902802497 ], [ 28.545575280592519, 44.737070897305152 ], [ 28.545561705279674, 44.737008852562617 ], [ 28.545507154698313, 44.736966604297145 ], [ 28.545425871839434, 44.736964530276019 ], [ 28.54531895514895, 44.736967888720123 ], [ 28.54526554708475, 44.736944115568072 ], [ 28.545276221644297, 44.736906759842107 ], [ 28.545325775895851, 44.736868183756584 ], [ 28.545359700451648, 44.736839352361493 ], [ 28.545365993586341, 44.736783624939775 ], [ 28.545351178437787, 44.736754012223329 ], [ 28.545302963752523, 44.736709251630643 ], [ 28.54518838234284, 44.736641123976433 ], [ 28.545128066816048, 44.736610626287778 ], [ 28.545116776428909, 44.736585529259344 ], [ 28.545118016755037, 44.736553098103357 ], [ 28.545311035493022, 44.736419778804347 ], [ 28.545487371669104, 44.736384161614971 ], [ 28.545527249227508, 44.736399105035986 ], [ 28.545517431609802, 44.736450315855848 ], [ 28.545471590303666, 44.736548933372397 ], [ 28.545465011729252, 44.736600042439456 ], [ 28.545496027574213, 44.736629147130515 ], [ 28.545560823764962, 44.7366271116707 ], [ 28.545649255718232, 44.736587313242218 ], [ 28.545723013775159, 44.736520210849932 ], [ 28.545778761283572, 44.736476812665266 ], [ 28.545841559358067, 44.736442447608894 ], [ 28.545868861169168, 44.736411510899217 ], [ 28.545897404096202, 44.736348142986401 ], [ 28.545949768122348, 44.736302536895437 ], [ 28.546058066087429, 44.736269055444509 ], [ 28.546158170736319, 44.736208066436078 ], [ 28.54618276009294, 44.736133253887914 ], [ 28.546214023170897, 44.735956426798005 ], [ 28.546311316505555, 44.735902467417866 ], [ 28.546507418888524, 44.735924070508396 ], [ 28.546945840754201, 44.73597970525482 ], [ 28.547157189351942, 44.736037848541606 ], [ 28.547232036847024, 44.736093340104858 ], [ 28.547284159199073, 44.736096329294625 ], [ 28.547386931130422, 44.736026000678137 ], [ 28.547505947551475, 44.736008377944387 ], [ 28.547660172596608, 44.735982706051416 ], [ 28.54782997930926, 44.735894073827083 ], [ 28.548045953717146, 44.735764656357098 ], [ 28.548693154771222, 44.735522189111308 ], [ 28.548877919287214, 44.735465477194218 ], [ 28.549025662868953, 44.735440007199863 ], [ 28.549237107166469, 44.735447240212764 ], [ 28.549579571603346, 44.73547349085208 ], [ 28.549720312633479, 44.735492202093575 ], [ 28.549804546604761, 44.735489552837635 ], [ 28.549855524880059, 44.735474067478819 ], [ 28.549907028401758, 44.735414603650355 ], [ 28.549912029057484, 44.735338092201665 ], [ 28.549978063650371, 44.735303622987097 ], [ 28.550020274939307, 44.735251392823976 ], [ 28.550003170385306, 44.735184832222934 ], [ 28.549972677117001, 44.735111751286333 ], [ 28.549955143714659, 44.735038261816655 ], [ 28.550014554464354, 44.735001687697846 ], [ 28.55007610956752, 44.734999751555556 ], [ 28.550164154919376, 44.735006236804452 ], [ 28.55020627216479, 44.735004912004584 ], [ 28.550247531605212, 44.734989732168096 ], [ 28.550244100232749, 44.734934309388166 ], [ 28.550196884200894, 44.734905716462045 ], [ 28.550094593724747, 44.734878854956797 ], [ 28.549991158375491, 44.734833519133367 ], [ 28.549961953259718, 44.734781222035643 ], [ 28.550009356756362, 44.734708004205892 ], [ 28.550167198299565, 44.734635940815764 ], [ 28.550369156738007, 44.73459488167358 ], [ 28.550532001890723, 44.734603641874436 ], [ 28.550564921657116, 44.734558645239836 ], [ 28.55058907563027, 44.734476903876129 ], [ 28.550569159344342, 44.734417372361868 ], [ 28.550584021517906, 44.734342864758169 ], [ 28.550590166361289, 44.734284827511871 ], [ 28.550792982479372, 44.734257623510793 ], [ 28.550904655636817, 44.73422634523331 ], [ 28.551079265291509, 44.734163007645613 ], [ 28.551102609267438, 44.734120626246728 ], [ 28.551105513350858, 44.734062690929427 ], [ 28.551135050383785, 44.734015486431758 ], [ 28.551183309825365, 44.733956124052483 ], [ 28.55120946481976, 44.733906712729045 ], [ 28.551223947200661, 44.733878491233583 ], [ 28.55117630254934, 44.733842970757664 ], [ 28.551127850066383, 44.733846809382229 ], [ 28.551071488355173, 44.733827758358174 ], [ 28.551065532411144, 44.733783984714464 ], [ 28.551286732574358, 44.733686788635111 ], [ 28.551371629739702, 44.733642469474894 ], [ 28.5514094555136, 44.733571866506082 ], [ 28.551430510757442, 44.733492536563148 ], [ 28.55138258029459, 44.733452397835826 ], [ 28.551319310751101, 44.733426622849578 ], [ 28.551260947369116, 44.733375243560857 ], [ 28.55124060183185, 44.733308785116094 ], [ 28.551217539212914, 44.733198450222801 ], [ 28.551232973533622, 44.733133179187206 ], [ 28.551237879574188, 44.733107574023784 ], [ 28.551214722976905, 44.733048144579797 ], [ 28.551188327589106, 44.732988817939486 ], [ 28.551222677249939, 44.732966913679242 ], [ 28.551325058711083, 44.732942867857339 ], [ 28.551581419524716, 44.732941742436992 ], [ 28.551787947795351, 44.73297457692091 ], [ 28.551928303808964, 44.73303957259899 ], [ 28.55214188386994, 44.733081440090018 ], [ 28.552337407494559, 44.733093795562581 ], [ 28.552630119641563, 44.733103092409905 ], [ 28.552839173848795, 44.733124276684457 ], [ 28.553038131639607, 44.733192053597755 ], [ 28.553207554976392, 44.733307035167563 ], [ 28.553302946429252, 44.733484504474049 ], [ 28.5533580316525, 44.733640106010668 ], [ 28.553470000857121, 44.733770778081343 ], [ 28.553730476045924, 44.733940736136809 ], [ 28.55398218367592, 44.734073949184008 ], [ 28.554128359990163, 44.734180405890527 ], [ 28.554206556560338, 44.734342219839213 ], [ 28.55420923764758, 44.734490215678875 ], [ 28.554195496085747, 44.734716877506052 ], [ 28.554179218147674, 44.734787281035807 ], [ 28.554177184409756, 44.734914971950772 ], [ 28.554171843877256, 44.734918098958737 ], [ 28.554121144515864, 44.735057637755887 ], [ 28.554052458854098, 44.735240045378248 ], [ 28.554041786085072, 44.735317628942049 ], [ 28.554052697980527, 44.735368783959366 ], [ 28.554120153249681, 44.735416319757768 ], [ 28.554299527211239, 44.735521024972968 ], [ 28.554372133235674, 44.735568397522073 ], [ 28.554444739379736, 44.735615770022783 ], [ 28.554484436118305, 44.735673375052059 ], [ 28.554483154500254, 44.735735949788285 ], [ 28.554459831791675, 44.735817610065226 ], [ 28.554416176044857, 44.735945892333646 ], [ 28.554393535902236, 44.736038566841593 ], [ 28.554385935746268, 44.736165713623421 ], [ 28.554359169036253, 44.736275070790143 ], [ 28.554319226474863, 44.736421628383447 ], [ 28.554316650592053, 44.736421709501442 ], [ 28.554300299741591, 44.73653257823252 ], [ 28.554286337067477, 44.736681995952907 ], [ 28.554271248605041, 44.736938123765512 ], [ 28.554228027317063, 44.737281582040481 ], [ 28.55418320185688, 44.737474274098169 ], [ 28.554172214252031, 44.737657286125945 ], [ 28.554169716854631, 44.737738812798433 ], [ 28.554161633612715, 44.737934054033133 ], [ 28.554158192916898, 44.738114985219674 ], [ 28.554183897288048, 44.73837580736712 ], [ 28.554175783367512, 44.738423363671309 ], [ 28.554077290659365, 44.738871909866923 ], [ 28.553986462050176, 44.739063699350993 ], [ 28.553887092040963, 44.739215449681552 ], [ 28.553775023960227, 44.739404426652065 ], [ 28.553752765943653, 44.7394630867148 ], [ 28.553719928840373, 44.739623974080466 ], [ 28.553701843331464, 44.739699609240013 ], [ 28.553633974361418, 44.739883780884 ], [ 28.553578343471713, 44.740123460836543 ], [ 28.553547939929913, 44.740274846662942 ], [ 28.55442242056882, 44.740804653649874 ], [ 28.555388457593228, 44.741421311279133 ], [ 28.555391911224035, 44.741423564336294 ], [ 28.556627680595128, 44.742274961673559 ], [ 28.558040494243343, 44.743255378901189 ], [ 28.558037186693515, 44.743255483163196 ], [ 28.558715389504073, 44.743723434358579 ], [ 28.560017472050131, 44.744621823459809 ], [ 28.560683509420311, 44.74510147907052 ], [ 28.56096039436752, 44.745291120662898 ], [ 28.561994717055239, 44.746027395594766 ], [ 28.562703000749909, 44.746528313085612 ], [ 28.564196115984107, 44.747584241561476 ], [ 28.564839596262939, 44.748041928317868 ], [ 28.565999476997327, 44.748854189791274 ], [ 28.566557532777452, 44.749283482709082 ], [ 28.568067034874193, 44.750336016327701 ], [ 28.569870504389986, 44.751607513956422 ], [ 28.570477470320402, 44.752001925337588 ], [ 28.570245753547994, 44.752355887964448 ], [ 28.570101225873763, 44.75268529292903 ], [ 28.569902092943384, 44.753280201417681 ], [ 28.569774728123605, 44.753660692586998 ], [ 28.5696060261597, 44.754023466258452 ], [ 28.569428302663681, 44.754281389493862 ], [ 28.569363670311329, 44.754371288242623 ], [ 28.569364275801487, 44.754440484147253 ], [ 28.569366386139489, 44.754681319435235 ], [ 28.569439516455692, 44.755644980614406 ], [ 28.569419377164262, 44.755849135865326 ], [ 28.5693183702315, 44.756204866475947 ], [ 28.569276744717474, 44.756528524981007 ], [ 28.569201450725501, 44.757113958807139 ], [ 28.569200045195053, 44.757124892272678 ], [ 28.569092695721526, 44.758069499601945 ], [ 28.569089613193562, 44.758096627381299 ], [ 28.56904656222865, 44.758156930415616 ], [ 28.568755329836417, 44.758564989474806 ], [ 28.568704580902601, 44.759127905805116 ], [ 28.568643972825118, 44.759800159094866 ], [ 28.568525904510086, 44.76110972801537 ], [ 28.568489584214198, 44.761512564365802 ], [ 28.568818180928606, 44.762640041965199 ], [ 28.568771467206641, 44.763037206473285 ], [ 28.568722019463237, 44.76339046186083 ], [ 28.568690082774918, 44.763659868428029 ], [ 28.568702960678351, 44.763814483881504 ], [ 28.568792612325979, 44.764054595003778 ], [ 28.568770223314971, 44.76484140807888 ], [ 28.568770206828962, 44.764841995687284 ], [ 28.568770192147788, 44.764842754322316 ], [ 28.568764500168321, 44.765124755045427 ], [ 28.568755770761481, 44.765557284794525 ], [ 28.568755757464377, 44.765557659798105 ], [ 28.568744534249831, 44.765837730144099 ], [ 28.568746798243865, 44.765987109205085 ], [ 28.568771620361524, 44.76624925860996 ], [ 28.568729660684067, 44.766464421634176 ], [ 28.568591614039438, 44.766866631476965 ], [ 28.568622731688087, 44.767063191022523 ], [ 28.56864649036353, 44.767150386050936 ], [ 28.568689557762216, 44.76726449089162 ], [ 28.569282977289728, 44.767128770265231 ], [ 28.569285011021403, 44.767162612965599 ], [ 28.56929161015961, 44.76747707686873 ], [ 28.569490644660878, 44.769941886538462 ], [ 28.569561027563829, 44.770758734756654 ], [ 28.569737353381157, 44.772858688038625 ], [ 28.569898270400572, 44.775023914462565 ], [ 28.569908009473355, 44.775805659518369 ], [ 28.569739632429663, 44.776856806059463 ], [ 28.569388187955955, 44.779505611760641 ], [ 28.56918100206472, 44.780872657694566 ], [ 28.569034862926042, 44.781916158458031 ], [ 28.568746475472388, 44.783857269278037 ], [ 28.56870595507981, 44.784145456626597 ], [ 28.56880265440644, 44.784133146512083 ], [ 28.56920048110948, 44.784000255855808 ], [ 28.569592109086205, 44.783872187099604 ], [ 28.570039795539124, 44.783705324688384 ], [ 28.570289183752358, 44.783588692142551 ], [ 28.570528267475556, 44.783463130139104 ], [ 28.570914348647559, 44.783194092354449 ], [ 28.571358575661062, 44.782867683839491 ], [ 28.57187629401977, 44.782469535416674 ], [ 28.572167756398635, 44.782194231554364 ], [ 28.572431619670194, 44.78194525110964 ], [ 28.572801469968301, 44.781676720103732 ], [ 28.573145666040247, 44.781413627054235 ], [ 28.573430271361321, 44.78118481228114 ], [ 28.574253599112065, 44.780686743072145 ], [ 28.574510963180607, 44.780542083226685 ], [ 28.574865016188937, 44.780385106770012 ], [ 28.575411223337149, 44.780131806677538 ], [ 28.576239853408506, 44.779719164175894 ], [ 28.576886770071653, 44.779414078040766 ], [ 28.577673374567631, 44.779005069265615 ], [ 28.578079786311466, 44.77880246190265 ], [ 28.578112929281378, 44.778812980485377 ], [ 28.578169913687244, 44.778737133843329 ], [ 28.578331648770639, 44.778570043603892 ], [ 28.578458085495271, 44.778461917249864 ], [ 28.578556935650724, 44.778484235314139 ], [ 28.578630206859451, 44.778461089333319 ], [ 28.578713636232241, 44.778444561950259 ], [ 28.578751533037803, 44.778427164489329 ], [ 28.578833663782429, 44.778389854519787 ], [ 28.578897707970011, 44.778323038473346 ], [ 28.578961107908949, 44.77829789192819 ], [ 28.578995329016131, 44.778273669375892 ], [ 28.579053110508831, 44.778262582112767 ], [ 28.57912753434471, 44.778257909684136 ], [ 28.579169538028165, 44.778254264031752 ], [ 28.579261827811102, 44.778223573219712 ], [ 28.579298857199269, 44.778192320027117 ], [ 28.579370107468574, 44.778136845059528 ], [ 28.579431130115228, 44.778125654848793 ], [ 28.579452237386281, 44.77809953465308 ], [ 28.579458933505119, 44.778050732624088 ], [ 28.579466784151922, 44.778020405314976 ], [ 28.579500859284021, 44.777993873090857 ], [ 28.579571319799559, 44.77797775711133 ], [ 28.579607416497517, 44.777983553326358 ], [ 28.579676077518371, 44.777990632135278 ], [ 28.580309000838074, 44.778553634517671 ], [ 28.580781180065379, 44.778987532951426 ], [ 28.581940506844997, 44.780019725170476 ], [ 28.582612460113527, 44.780634694381689 ], [ 28.582746853735941, 44.780757687138951 ], [ 28.58277301623836, 44.780812388293093 ], [ 28.582756595571958, 44.780861498235325 ], [ 28.582572411148707, 44.781188956974241 ], [ 28.581958030300676, 44.782221883306789 ], [ 28.581678311968407, 44.782684257390287 ], [ 28.580851670265016, 44.784064034919631 ], [ 28.580453785951818, 44.784715253775808 ], [ 28.580087017681109, 44.785344661758721 ], [ 28.579861372568722, 44.78568499909484 ], [ 28.579545666006254, 44.786143880077894 ], [ 28.579425565769416, 44.786353613466261 ], [ 28.579322910201814, 44.786634520399041 ], [ 28.579278977586323, 44.786867290189186 ], [ 28.57914807969, 44.787216192358748 ], [ 28.5794202387155, 44.787152034927864 ], [ 28.579090827792761, 44.787599779991034 ], [ 28.578958330066708, 44.787819160536529 ], [ 28.57884694367409, 44.788012420755358 ], [ 28.578718773611229, 44.788301077244377 ], [ 28.578599455943792, 44.788471450756191 ], [ 28.578401735452495, 44.788635053108251 ], [ 28.578296389580171, 44.788717059673424 ], [ 28.578199906103482, 44.788784903158934 ], [ 28.578079279239446, 44.788830372900662 ], [ 28.57781921548456, 44.788880261568188 ], [ 28.577624871726321, 44.788941949556921 ], [ 28.577427070686831, 44.789052336470746 ], [ 28.577262419016716, 44.789173241754327 ], [ 28.577154912980763, 44.789324729033659 ], [ 28.577130776276803, 44.789406475043457 ], [ 28.577150106886194, 44.789715908774106 ], [ 28.577134124501658, 44.789980185590935 ], [ 28.57707165857892, 44.790176520636322 ], [ 28.576919477178379, 44.79044511185193 ], [ 28.57684829337833, 44.790709980123623 ], [ 28.576839225343772, 44.790928918441615 ], [ 28.576882227515597, 44.791227189671616 ], [ 28.576671736863982, 44.791394664490078 ], [ 28.576604668070292, 44.791478350083651 ], [ 28.576415218234843, 44.791618548956073 ], [ 28.576540322480643, 44.791644665913154 ], [ 28.576730863070402, 44.791677964836786 ], [ 28.576847825391926, 44.791729790384508 ], [ 28.576633585793491, 44.791889285264908 ], [ 28.57639859011007, 44.792028613446931 ], [ 28.576153216927725, 44.792209917975555 ], [ 28.575953528257184, 44.792290282561623 ], [ 28.575803779797582, 44.792389889028378 ], [ 28.575622467860825, 44.79250437777015 ], [ 28.575429118836979, 44.792582226519158 ], [ 28.575265388006898, 44.792666078695525 ], [ 28.575239661288574, 44.792722424461587 ], [ 28.575234476371975, 44.792847532304201 ], [ 28.575213076497892, 44.792973152626345 ], [ 28.57515845164901, 44.793035040682653 ], [ 28.574922005841142, 44.793151273787657 ], [ 28.574833869724838, 44.793248928354309 ], [ 28.574808648703872, 44.793365415699242 ], [ 28.574811246184442, 44.793511100785523 ], [ 28.57474681854449, 44.793520081874476 ], [ 28.574663940742845, 44.793441723228796 ], [ 28.574494582193303, 44.793331396278418 ], [ 28.574266490947352, 44.793165082778636 ], [ 28.573913075873115, 44.792813006626922 ], [ 28.573791932703735, 44.792694211168737 ], [ 28.57363951469631, 44.792594914846994 ], [ 28.573445802031625, 44.792510808141245 ], [ 28.573156316740608, 44.792401965613742 ], [ 28.572944373315735, 44.79228604242163 ], [ 28.572803488167729, 44.792163242333459 ], [ 28.572652442363694, 44.792033822936645 ], [ 28.572369228725986, 44.791973369699392 ], [ 28.572193535460421, 44.791917613055034 ], [ 28.571932988137213, 44.791829833636335 ], [ 28.571690347512209, 44.791794703374826 ], [ 28.571534653601407, 44.791773019785815 ], [ 28.571371608727407, 44.791737685457797 ], [ 28.571169758787903, 44.791679284200761 ], [ 28.570963582621385, 44.791655725134731 ], [ 28.570825002343703, 44.791673989555377 ], [ 28.570562645831007, 44.791765581831108 ], [ 28.570317082656508, 44.791813837315367 ], [ 28.570003418313341, 44.791864245292039 ], [ 28.569828982464795, 44.791906779791141 ], [ 28.569560426787046, 44.792003193039889 ], [ 28.569343615780529, 44.79204359598527 ], [ 28.568996334656671, 44.79204994439484 ], [ 28.568783849766888, 44.792055503810715 ], [ 28.568316145371195, 44.792084745278189 ], [ 28.567855966363641, 44.792156551301808 ], [ 28.567565559685978, 44.792176138355401 ], [ 28.567413302088806, 44.792196566708441 ], [ 28.567348144532502, 44.792128633853615 ], [ 28.567305457027921, 44.792186668764685 ], [ 28.566566242970229, 44.793386569943543 ], [ 28.565982528533784, 44.793196765838744 ], [ 28.565498838957232, 44.793047760985274 ], [ 28.56479274445843, 44.792510122665121 ], [ 28.564443129793755, 44.792218055416434 ], [ 28.564320265351729, 44.792175658198886 ], [ 28.564159267242378, 44.792199250245488 ], [ 28.563932467235283, 44.792261938648451 ], [ 28.563767713870213, 44.792329609938534 ], [ 28.563619813320742, 44.792459220774589 ], [ 28.563441656474328, 44.792520373969403 ], [ 28.563105454236606, 44.792600395059964 ], [ 28.56258534651435, 44.792649198413095 ], [ 28.56255591387275, 44.792802835273207 ], [ 28.562460265389287, 44.792884520634061 ], [ 28.562269565375228, 44.792953008235074 ], [ 28.56193580112058, 44.79307228367405 ], [ 28.561992491403856, 44.793200066052577 ], [ 28.562029928939527, 44.793383986732614 ], [ 28.561971511913441, 44.793594067803475 ], [ 28.561928652135407, 44.793845306160208 ], [ 28.561909108727658, 44.794262400298479 ], [ 28.561853807353014, 44.794731525070567 ], [ 28.561524691495862, 44.794977908935344 ], [ 28.561223813912324, 44.79526042194852 ], [ 28.560942714189281, 44.795560032000793 ], [ 28.560700432865428, 44.795805620953217 ], [ 28.560535929173195, 44.79598202640441 ], [ 28.5602603538116, 44.796201267336045 ], [ 28.560015485354448, 44.796391774483716 ], [ 28.559770269375282, 44.796524447811677 ], [ 28.559251245467074, 44.796695830020845 ], [ 28.558950258146151, 44.796767787752394 ], [ 28.55861611994704, 44.79682922050128 ], [ 28.558336685301867, 44.796881987069362 ], [ 28.558164995132135, 44.796942926962899 ], [ 28.558010296803424, 44.797068116900341 ], [ 28.55768732036125, 44.797413787851745 ], [ 28.557369248008694, 44.797733852435748 ], [ 28.556982889950405, 44.798157872319003 ], [ 28.556898016527931, 44.798308625425449 ], [ 28.556773161434801, 44.798391226513303 ], [ 28.556617538249846, 44.798449343786331 ], [ 28.556542137511126, 44.798491052311128 ], [ 28.556384186373702, 44.798616342343244 ], [ 28.556004476703599, 44.798938343939682 ], [ 28.555874997094776, 44.79905116785482 ], [ 28.555640003121727, 44.799270275346494 ], [ 28.55541564271542, 44.799477479611312 ], [ 28.555087904805209, 44.799746939029049 ], [ 28.554784408213703, 44.799935808753411 ], [ 28.554544943764881, 44.800135388097509 ], [ 28.55440680464022, 44.800265836044964 ], [ 28.554052661274532, 44.800581241641666 ], [ 28.553820629799201, 44.800743565743289 ], [ 28.553576033746907, 44.800965285000359 ], [ 28.553393591247474, 44.801219754529775 ], [ 28.553249898149467, 44.80144408339109 ], [ 28.553021622280994, 44.801771720510658 ], [ 28.552912613385647, 44.801848033266289 ], [ 28.552832528230105, 44.801866749829699 ], [ 28.552703789786566, 44.801886995111673 ], [ 28.552293724358503, 44.80192997358251 ], [ 28.55209500909567, 44.801922341950394 ], [ 28.551706110620128, 44.801835081368544 ], [ 28.55149399093084, 44.801820927879042 ], [ 28.551202410930557, 44.801887942077805 ], [ 28.550811231732471, 44.801921065665354 ], [ 28.550455538178355, 44.801897542320894 ], [ 28.550197006861836, 44.801868650247101 ], [ 28.549986126464244, 44.801822062650757 ], [ 28.549579531404671, 44.801658997646896 ], [ 28.549295097916115, 44.801526798358879 ], [ 28.548999172642663, 44.80147131294337 ], [ 28.548813239701854, 44.801407743042482 ], [ 28.54851864892461, 44.801268919567249 ], [ 28.548275431891586, 44.801172443226783 ], [ 28.548028017666248, 44.801113117882537 ], [ 28.547611895476205, 44.801005875188423 ], [ 28.547193054773313, 44.80085475527865 ], [ 28.546846336230988, 44.80076615330767 ], [ 28.546586237828151, 44.800711850567751 ], [ 28.546269091903831, 44.800733378798945 ], [ 28.545939400116335, 44.800762241522932 ], [ 28.545022871042825, 44.800918271721976 ], [ 28.544688120624887, 44.800970427149657 ], [ 28.544390478554067, 44.801044554519862 ], [ 28.544202498556615, 44.801052767360893 ], [ 28.54396180812585, 44.80110196864289 ], [ 28.543610454209045, 44.801200917050103 ], [ 28.543201858630244, 44.8013201696346 ], [ 28.54275491070182, 44.80144987852438 ], [ 28.542752139744351, 44.801510123518419 ], [ 28.542624727385341, 44.801604356631358 ], [ 28.542283998906068, 44.801770066123574 ], [ 28.541992165424212, 44.801885651774491 ], [ 28.541760628894647, 44.801925305606758 ], [ 28.541530092166319, 44.801981124626543 ], [ 28.541307084848398, 44.802106118876857 ], [ 28.54115476390076, 44.802270544049762 ], [ 28.54101984309133, 44.802506149350663 ], [ 28.540862074548755, 44.802740157613314 ], [ 28.540814587811457, 44.802970708037364 ], [ 28.540729234959056, 44.803114522686307 ], [ 28.54057986696586, 44.803274227103991 ], [ 28.540456119734269, 44.803375283298223 ], [ 28.540270070957295, 44.803519941088489 ], [ 28.540092465914796, 44.803643510430724 ], [ 28.53993536283604, 44.803835848641071 ], [ 28.539741864775841, 44.8040177585724 ], [ 28.539501810448385, 44.804182617049506 ], [ 28.539144594392369, 44.804397421750117 ], [ 28.53897151213857, 44.804541670956532 ], [ 28.538670514532662, 44.804877341638189 ], [ 28.538477230030217, 44.805167988020251 ], [ 28.538339231731882, 44.805459216942019 ], [ 28.53821085864978, 44.805801046564007 ], [ 28.538036279747356, 44.806026321657249 ], [ 28.537793864111347, 44.806258349708528 ], [ 28.53753165911278, 44.80643315229495 ], [ 28.536761892192931, 44.806862167048095 ], [ 28.53619483289069, 44.807152945830325 ], [ 28.535702520442491, 44.807443695765208 ], [ 28.53550781789858, 44.807553909027831 ], [ 28.535229914740999, 44.807685237431215 ], [ 28.535075812787632, 44.807768728286931 ], [ 28.534874836080132, 44.807987883932441 ], [ 28.534728254535715, 44.808140551509958 ], [ 28.53450888061921, 44.808272358548784 ], [ 28.534290895161373, 44.808374044528016 ], [ 28.534197569198849, 44.8084417502481 ], [ 28.533880373526738, 44.808673795420006 ], [ 28.533670014967186, 44.808793750815084 ], [ 28.533388999563382, 44.808927485113628 ], [ 28.533105165956876, 44.809068247389689 ], [ 28.5328159848744, 44.80922768729738 ], [ 28.532519457894171, 44.809373473329266 ], [ 28.532424025136255, 44.809459752714524 ], [ 28.532274617621916, 44.809619446768551 ], [ 28.532021433489735, 44.809835602531969 ], [ 28.531807712782062, 44.810006561825325 ], [ 28.531507398714368, 44.810196424435652 ], [ 28.531200627326712, 44.810439704563066 ], [ 28.530609327090396, 44.810865409013651 ], [ 28.530359485208177, 44.811030554055399 ], [ 28.530193925116027, 44.811086631325807 ], [ 28.530032574880362, 44.81110555640312 ], [ 28.530021513589833, 44.81124241303543 ], [ 28.529997587175878, 44.811328769433146 ], [ 28.529938084396427, 44.811365335408716 ], [ 28.529870955281826, 44.811383629519007 ], [ 28.529820647867293, 44.811463868938191 ], [ 28.529803525285423, 44.811607856405374 ], [ 28.529832106490858, 44.811755042817346 ], [ 28.529996293486469, 44.811992855150905 ], [ 28.530059705955036, 44.81212507002023 ], [ 28.530125568726973, 44.812225639121607 ], [ 28.530141389371327, 44.812263655222381 ], [ 28.530133826141999, 44.812351813415397 ], [ 28.530087505576422, 44.812496713531438 ], [ 28.530043576117247, 44.812627656929351 ], [ 28.530115297843452, 44.81273647457445 ], [ 28.530337315430476, 44.812963223418244 ], [ 28.530592632036846, 44.81320281381921 ], [ 28.530646029364618, 44.813330714151732 ], [ 28.530646872768266, 44.813555120547832 ], [ 28.530670946287685, 44.813708232092395 ], [ 28.530798962949085, 44.813833800648865 ], [ 28.530981135254287, 44.813941479057782 ], [ 28.531302275560673, 44.81408877329293 ], [ 28.53157518061079, 44.814244516296647 ], [ 28.531782773453276, 44.814395359534117 ], [ 28.531944695856541, 44.814596219725971 ], [ 28.532039881164049, 44.814769087755458 ], [ 28.532133708826674, 44.815025293604222 ], [ 28.532130173149557, 44.815231327742957 ], [ 28.532062144248879, 44.815393102777968 ], [ 28.531994861182113, 44.815619640578859 ], [ 28.531953138719967, 44.815891653176209 ], [ 28.531943609586197, 44.816211248207814 ], [ 28.53198274551799, 44.816529321456635 ], [ 28.532092975615591, 44.816840544168002 ], [ 28.532074289544269, 44.816959129327472 ], [ 28.532000733027299, 44.817084058561797 ], [ 28.531895730520297, 44.817226166241284 ], [ 28.531836400102016, 44.81731825744226 ], [ 28.531759700028115, 44.817602933324757 ], [ 28.531671153538234, 44.818117039733266 ], [ 28.531628220183439, 44.818264147794977 ], [ 28.531627465853536, 44.818409937930518 ], [ 28.531732776988836, 44.818746765570111 ], [ 28.53201773563644, 44.819624019718439 ], [ 28.532109040683654, 44.819891872492867 ], [ 28.532196781379966, 44.820101993763053 ], [ 28.532253645789833, 44.820338531283966 ], [ 28.532327092635864, 44.820475059572253 ], [ 28.532487216560803, 44.820699112196138 ], [ 28.532518448146778, 44.820783744120398 ], [ 28.53244827566126, 44.820910880975575 ], [ 28.532112997158123, 44.821219839562907 ], [ 28.531757426925179, 44.821568765176892 ], [ 28.53155410851269, 44.821750966839325 ], [ 28.531238474260899, 44.821904287296299 ], [ 28.530573611775953, 44.822193464432054 ], [ 28.530047238588651, 44.822408897938907 ], [ 28.529924089097499, 44.822546943375137 ], [ 28.529929186609941, 44.822576863017524 ], [ 28.529950539771786, 44.822659491110208 ], [ 28.529977877157471, 44.822839108652047 ], [ 28.529955941070373, 44.822957794945701 ], [ 28.529885299947377, 44.823024787738682 ], [ 28.529691564551637, 44.823115278112354 ], [ 28.529584595964145, 44.82315681251724 ], [ 28.529467276450617, 44.823257655768408 ], [ 28.529412637348635, 44.823425952916338 ], [ 28.52940845858954, 44.823516319406558 ], [ 28.529455770305354, 44.823598136485565 ], [ 28.529578852099039, 44.823696095238212 ], [ 28.529691545883107, 44.823728618997201 ], [ 28.5298961656475, 44.823727826354755 ], [ 28.530008484485897, 44.82375670936446 ], [ 28.530106004078519, 44.823809191384719 ], [ 28.530332813200236, 44.8239548099519 ], [ 28.53048677826375, 44.824026351794508 ], [ 28.530823486413084, 44.824161592983245 ], [ 28.531161906597717, 44.824324545417305 ], [ 28.531270873534332, 44.824404433449864 ], [ 28.531430258944777, 44.824563726454549 ], [ 28.531649368657863, 44.824795191848203 ], [ 28.531780515786103, 44.824918347775032 ], [ 28.531986723012011, 44.82504609711085 ], [ 28.532447494751025, 44.82524223953704 ], [ 28.532764351190554, 44.825424371001098 ], [ 28.533415402121996, 44.82575338361017 ], [ 28.53367243112562, 44.825914246522061 ], [ 28.534048453680317, 44.82615930888533 ], [ 28.534344318977254, 44.826369857686544 ], [ 28.534639473088689, 44.826568860131076 ], [ 28.534862060282077, 44.826698405978249 ], [ 28.535134501786935, 44.826898117038333 ], [ 28.535454802417714, 44.827135664113612 ], [ 28.535640451769279, 44.827298756798818 ], [ 28.535816405453659, 44.827515369237403 ], [ 28.536024809715865, 44.827730965613426 ], [ 28.536091814267028, 44.827710357895143 ], [ 28.536422999649989, 44.827966070953224 ], [ 28.536721595769819, 44.828220490232127 ], [ 28.536872659793818, 44.8283499584144 ], [ 28.537177178663171, 44.828594935544395 ], [ 28.537498742325099, 44.828800044440747 ], [ 28.537949725103399, 44.829047374236708 ], [ 28.538159492266232, 44.829179629507522 ], [ 28.538317766250742, 44.829320437906254 ], [ 28.538441202335047, 44.829476220280696 ], [ 28.538612499222594, 44.829669836951417 ], [ 28.538530124662024, 44.829704809615741 ], [ 28.538634560592943, 44.829921345029931 ], [ 28.538685319506065, 44.830058579477949 ], [ 28.538781939367304, 44.830201319572758 ], [ 28.538871538316549, 44.830388239673823 ], [ 28.539067739262705, 44.8306689984963 ], [ 28.539265014414671, 44.83078313298342 ], [ 28.539322337303329, 44.83092131858551 ], [ 28.539460289834928, 44.831048880211377 ], [ 28.539511979186152, 44.831017181584983 ], [ 28.539583495052639, 44.830990646084103 ], [ 28.539599557845314, 44.830961221696512 ], [ 28.539653032051124, 44.830958389049904 ], [ 28.539802720895896, 44.830934031186132 ], [ 28.540023137868399, 44.830870437073344 ], [ 28.540250882531875, 44.8307938870215 ], [ 28.54043300065673, 44.830741904108187 ], [ 28.54062112927701, 44.830708242754881 ], [ 28.540860988065997, 44.830696097173664 ], [ 28.541007358524446, 44.830670685550913 ], [ 28.541024177516597, 44.830706021768904 ], [ 28.541187773345239, 44.830696265178624 ], [ 28.541305051334213, 44.830726137962735 ], [ 28.541529184376444, 44.830722581569788 ], [ 28.541687737174581, 44.830670758235605 ], [ 28.541834398776597, 44.830571295387003 ], [ 28.54225485416627, 44.830377639036939 ], [ 28.542292267744401, 44.830404230751832 ], [ 28.5426340938597, 44.8302535293994 ], [ 28.543105107086955, 44.830036302784045 ], [ 28.543479331047983, 44.829910033442943 ], [ 28.543836183118319, 44.829765798465928 ], [ 28.544207422828116, 44.829617639732483 ], [ 28.544754087346938, 44.82944083737361 ], [ 28.54511625392843, 44.829329979940439 ], [ 28.545404663307043, 44.829261928035358 ], [ 28.545713378593462, 44.829180511232366 ], [ 28.545969956221779, 44.829097260868672 ], [ 28.546110211376398, 44.829025758354589 ], [ 28.54622429053212, 44.828951608039361 ], [ 28.546372061504883, 44.82884400664728 ], [ 28.546466861283982, 44.82874732282643 ], [ 28.546778767980971, 44.828533919467908 ], [ 28.546964212483502, 44.828430918770131 ], [ 28.547135602886449, 44.828389673432042 ], [ 28.547482129792211, 44.828315163748144 ], [ 28.547786710205166, 44.828272048632975 ], [ 28.54808401124787, 44.828216435457897 ], [ 28.548506651394582, 44.828137216803285 ], [ 28.548829148337926, 44.828094693077496 ], [ 28.549153697322296, 44.828059044519385 ], [ 28.549409266360449, 44.828038289319018 ], [ 28.549880532189331, 44.827982989307024 ], [ 28.55027052688089, 44.827927927548231 ], [ 28.550452893587938, 44.827932607423527 ], [ 28.550700231173465, 44.827936401820665 ], [ 28.550927263788317, 44.827953559864298 ], [ 28.551071622346022, 44.827974472656656 ], [ 28.551300733975609, 44.828025114913494 ], [ 28.551568024714317, 44.82808843747339 ], [ 28.551807134417089, 44.828116782871099 ], [ 28.552093054353129, 44.828113575751942 ], [ 28.552547428631645, 44.828100443713076 ], [ 28.55289068346347, 44.828078079033773 ], [ 28.553570585939408, 44.828057849117968 ], [ 28.553992392740927, 44.82807003051952 ], [ 28.554353061721013, 44.828124095591171 ], [ 28.554469878516191, 44.828167223692027 ], [ 28.554548029890675, 44.828221451605145 ], [ 28.55458020365959, 44.828294479549029 ], [ 28.554627223876544, 44.828397119452291 ], [ 28.554692710492461, 44.828482981131884 ], [ 28.554786138263527, 44.828573748802746 ], [ 28.554916596864022, 44.828658722764146 ], [ 28.555173928546647, 44.828770939803753 ], [ 28.555371959616657, 44.8288445318179 ], [ 28.555644282298466, 44.828988668370741 ], [ 28.555896418894257, 44.829121870892799 ], [ 28.556755341752382, 44.829392880163155 ], [ 28.556943357766851, 44.8294442459324 ], [ 28.557054466233598, 44.829482998559875 ], [ 28.557223958322353, 44.829549893572626 ], [ 28.557621142455812, 44.829706652503447 ], [ 28.557828953373978, 44.829750394279444 ], [ 28.557936729069375, 44.829773079131407 ], [ 28.557986226160391, 44.829791734971472 ], [ 28.558333526313305, 44.829934768702522 ], [ 28.55876947066583, 44.830147784089952 ], [ 28.559350190384226, 44.830492748244346 ], [ 28.559955047502925, 44.830964206259196 ], [ 28.560461430536922, 44.831316134988981 ], [ 28.56064652835083, 44.831416734566169 ], [ 28.560783544961581, 44.831423984472679 ], [ 28.560941599409272, 44.831397238526151 ], [ 28.561178475928568, 44.831356582689004 ], [ 28.561985534747162, 44.831318345202298 ], [ 28.562799210327366, 44.831278801902066 ], [ 28.563022823568307, 44.831263717007992 ], [ 28.563341151664819, 44.832543030105342 ], [ 28.563940633179577, 44.834481221098251 ], [ 28.564018202882355, 44.836546053905685 ], [ 28.563888581694211, 44.837308991131913 ], [ 28.564297578455236, 44.837764548400429 ], [ 28.56517134633998, 44.838120220654005 ], [ 28.566084655262713, 44.838267788614452 ], [ 28.568009122485204, 44.84077539768947 ], [ 28.568228670997691, 44.841239591139725 ], [ 28.56923215810637, 44.841505977499409 ], [ 28.575346121641196, 44.844079918657094 ], [ 28.575632766600858, 44.844377547097857 ], [ 28.575792221080544, 44.844639047154132 ], [ 28.575990660867202, 44.844743827838052 ], [ 28.576317356930605, 44.844923215539986 ], [ 28.57676241941552, 44.845071090620003 ], [ 28.577057517947026, 44.845161239430723 ], [ 28.577329250292145, 44.845293776555195 ], [ 28.577706379487797, 44.84553837372134 ], [ 28.577627909630671, 44.845635724170343 ], [ 28.577566169235801, 44.845688582365497 ], [ 28.57745660618529, 44.8457568370373 ], [ 28.577350867287986, 44.845834226181871 ], [ 28.577321008224679, 44.845876819941708 ], [ 28.577313003775494, 44.845904838619838 ], [ 28.577334213817188, 44.845931932235104 ], [ 28.577383770282207, 44.845944246098291 ], [ 28.577475667844894, 44.845957532423235 ], [ 28.577625127510419, 44.845955112796062 ], [ 28.577801342755134, 44.845912512414174 ], [ 28.577900667803899, 44.845888543173096 ], [ 28.577937528652779, 44.845905885346959 ], [ 28.577979081090294, 44.845946217664256 ], [ 28.578026404013443, 44.845974798292218 ], [ 28.578110653982733, 44.845969815856407 ], [ 28.578170303789303, 44.845935534025415 ], [ 28.578223973948898, 44.84596159939764 ], [ 28.578290916560071, 44.845991871754386 ], [ 28.578402579814533, 44.846009159575971 ], [ 28.578521457400356, 44.846037786794383 ], [ 28.578602396607497, 44.846083811935983 ], [ 28.578678931981294, 44.846111466965219 ], [ 28.578765785002993, 44.846148049886899 ], [ 28.578854727083879, 44.846166057010841 ], [ 28.578939266318631, 44.846165692185643 ], [ 28.57903707936687, 44.846169535077593 ], [ 28.579144708774223, 44.846226283224397 ], [ 28.579237698599606, 44.846308947067975 ], [ 28.579187287351996, 44.846386899231291 ], [ 28.579184120373306, 44.846440216792708 ], [ 28.579254887487906, 44.846479622210808 ], [ 28.579389353348983, 44.846549402985147 ], [ 28.57941215357253, 44.846601897842923 ], [ 28.579440080918005, 44.846684308737281 ], [ 28.57948185805639, 44.846780163887779 ], [ 28.579635591063802, 44.846897923780766 ], [ 28.579750292526189, 44.846963702087045 ], [ 28.580050385797421, 44.847081451196836 ], [ 28.58040595309043, 44.847202068878822 ], [ 28.580760733801661, 44.847362043674387 ], [ 28.58105801980788, 44.847486820688076 ], [ 28.581257491483665, 44.847607756054835 ], [ 28.581369608594308, 44.847736087640378 ], [ 28.581426978449095, 44.847873095283198 ], [ 28.58152026356311, 44.847960375379337 ], [ 28.581618450925237, 44.84802204888188 ], [ 28.581739214866321, 44.848080692411152 ], [ 28.58182873948202, 44.848107933575157 ], [ 28.581991847818593, 44.848167547599019 ], [ 28.582116437786244, 44.848235325118203 ], [ 28.582206333238179, 44.848320398001817 ], [ 28.582302658729521, 44.848456170966813 ], [ 28.582391832617386, 44.848529697657888 ], [ 28.582509787164529, 44.848595371017439 ], [ 28.582703061928346, 44.848721127842978 ], [ 28.582880894725367, 44.848808039859897 ], [ 28.582948711407919, 44.848852164916202 ], [ 28.583025686649201, 44.848886743787247 ], [ 28.583092779930297, 44.848919322765433 ], [ 28.583117962818413, 44.848957858297958 ], [ 28.583175463606157, 44.848993055602882 ], [ 28.583287360868066, 44.849065860933308 ], [ 28.583460501602222, 44.849129783008728 ], [ 28.583552054999167, 44.849189351166387 ], [ 28.583623201709276, 44.849286586608336 ], [ 28.583690378331408, 44.849372379902086 ], [ 28.583835174053469, 44.849451082713351 ], [ 28.583929394748594, 44.849501311178294 ], [ 28.584082192703757, 44.849551994558631 ], [ 28.584152243240194, 44.849579851719739 ], [ 28.584219193176086, 44.849610120451842 ], [ 28.584451140584729, 44.849730020127787 ], [ 28.584678828715049, 44.849833857244477 ], [ 28.585027435063786, 44.84999864330517 ], [ 28.585197768270184, 44.850069593429907 ], [ 28.585544060358096, 44.850197431297076 ], [ 28.585885079487657, 44.850293041896151 ], [ 28.586069472902857, 44.850328837635281 ], [ 28.586118429505209, 44.850227790572482 ], [ 28.586185441205185, 44.850207153017976 ], [ 28.586283694781748, 44.85021791731841 ], [ 28.586627442045057, 44.8502532811032 ], [ 28.586758738425303, 44.850272250817476 ], [ 28.58683203775027, 44.850300002312345 ], [ 28.586912843491014, 44.850343712695718 ], [ 28.587015358304136, 44.850370537428972 ], [ 28.587130424081451, 44.850390022024996 ], [ 28.58730528352968, 44.850377528512297 ], [ 28.587510517395167, 44.850382580738106 ], [ 28.58770334663479, 44.850397281306812 ], [ 28.58784835380601, 44.850427383327414 ], [ 28.587996460355406, 44.850455072583742 ], [ 28.588095875357045, 44.850484308941901 ], [ 28.588215491523616, 44.850524471685098 ], [ 28.588327312538592, 44.850544058126033 ], [ 28.588497852902989, 44.85056640681352 ], [ 28.588626744219471, 44.850495213271863 ], [ 28.588712072126775, 44.850455482810752 ], [ 28.588889017095966, 44.850424410086966 ], [ 28.589051471814443, 44.850421563616926 ], [ 28.58917056595028, 44.850401583900862 ], [ 28.589311570402945, 44.850316121633298 ], [ 28.589392635957097, 44.850260328796963 ], [ 28.589487701767215, 44.85022028835867 ], [ 28.58960073813186, 44.850207441297023 ], [ 28.589749916711344, 44.850200388218681 ], [ 28.589843475390889, 44.850188159784977 ], [ 28.589887761435048, 44.850168243001193 ], [ 28.589907295629164, 44.850116718161289 ], [ 28.58989364186505, 44.850054679804046 ], [ 28.589859786892749, 44.849981714371751 ], [ 28.589829612415709, 44.849915573541573 ], [ 28.589781410490211, 44.849873143427054 ], [ 28.589732139385038, 44.849865454142737 ], [ 28.589694489338104, 44.849887474174338 ], [ 28.589670550888993, 44.849920627495983 ], [ 28.589555050363117, 44.849894218648195 ], [ 28.589461547856555, 44.849855540927258 ], [ 28.589217677716558, 44.849701323264725 ], [ 28.589012471254225, 44.849541250367068 ], [ 28.588907114224789, 44.849417338688539 ], [ 28.588901549562014, 44.849380495336391 ], [ 28.588977571815274, 44.849348000904222 ], [ 28.589070259541504, 44.849321918550743 ], [ 28.589180047606892, 44.84930917507414 ], [ 28.589386116910987, 44.849223959777035 ], [ 28.589466311034002, 44.849154312338982 ], [ 28.589504886347463, 44.849095241953229 ], [ 28.589524274397515, 44.849041409472818 ], [ 28.589481173928828, 44.848924775110667 ], [ 28.589376945049231, 44.848715218823564 ], [ 28.589350074389468, 44.848598069688904 ], [ 28.589350188766495, 44.848496258686801 ], [ 28.589345114813508, 44.848415438085063 ], [ 28.589423858083784, 44.848322697938841 ], [ 28.589545380197265, 44.848237854268653 ], [ 28.58960624214798, 44.848171135084264 ], [ 28.589680087697769, 44.848104003331535 ], [ 28.589888092278553, 44.847997900880003 ], [ 28.590009557630236, 44.847963961734692 ], [ 28.590036451611802, 44.847926086104899 ], [ 28.590026769896333, 44.847875491414811 ], [ 28.589971064011952, 44.847817102595592 ], [ 28.589841681337148, 44.847673131486665 ], [ 28.589823131382502, 44.847636700781912 ], [ 28.589836606798784, 44.847592310917044 ], [ 28.589926391457524, 44.847520044216608 ], [ 28.589946648538824, 44.847480066247421 ], [ 28.589977513839404, 44.847453633395752 ], [ 28.590034669267173, 44.847535113162728 ], [ 28.590047107212907, 44.847629583754291 ], [ 28.590100236075632, 44.847750525728173 ], [ 28.590263385087614, 44.84791424727792 ], [ 28.590432211856957, 44.848013002705741 ], [ 28.590639903962764, 44.848057305275397 ], [ 28.59075931700168, 44.848146061724755 ], [ 28.590882990937441, 44.848250878993113 ], [ 28.590936667648187, 44.848276938245156 ], [ 28.59108187046683, 44.848258440726639 ], [ 28.591182353950902, 44.848252932574646 ], [ 28.591301152692616, 44.848228332510239 ], [ 28.591446353936526, 44.848209833668719 ], [ 28.591630363794351, 44.848187787637976 ], [ 28.591827593604652, 44.848220851686179 ], [ 28.592081746157252, 44.848279870904726 ], [ 28.592348976072568, 44.84839169116961 ], [ 28.592504297966865, 44.848430714001644 ], [ 28.592663645237248, 44.848430275204365 ], [ 28.592815049437263, 44.848406949942806 ], [ 28.593005603919682, 44.848333790258359 ], [ 28.593105361684533, 44.848316734503875 ], [ 28.593244651171847, 44.848307677076399 ], [ 28.593353513084576, 44.848331980017946 ], [ 28.593466873053263, 44.848427866868441 ], [ 28.593565943410582, 44.848503385245266 ], [ 28.593693358520735, 44.848564117899848 ], [ 28.59381360826589, 44.848562606974546 ], [ 28.593916466359353, 44.848543138630028 ], [ 28.593985358964066, 44.848552516045253 ], [ 28.594045385309954, 44.848576057700697 ], [ 28.594060111045611, 44.848603354599746 ], [ 28.593864952189801, 44.848706742048165 ], [ 28.593812962359646, 44.848759299153123 ], [ 28.593828704156252, 44.848802761042592 ], [ 28.593909222581651, 44.848841847299681 ], [ 28.594056167696081, 44.848851055895544 ], [ 28.594169345388007, 44.8488405138582 ], [ 28.594254812019976, 44.848803087947623 ], [ 28.594328217281216, 44.848729025520377 ], [ 28.594408259403501, 44.848657065143861 ], [ 28.59449077063169, 44.848624360484422 ], [ 28.594579679811901, 44.848538235636411 ], [ 28.594674935399478, 44.848449594631248 ], [ 28.594751150657402, 44.84836850094019 ], [ 28.594789086830669, 44.848351097480943 ], [ 28.594804104435532, 44.848383011510549 ], [ 28.594777938130438, 44.848432434146645 ], [ 28.594771104750748, 44.848478927477402 ], [ 28.594802206369515, 44.848508017382933 ], [ 28.594903850148096, 44.848520979542663 ], [ 28.59496271528068, 44.848526048023693 ], [ 28.595005785622398, 44.848538559740128 ], [ 28.595021818645471, 44.848586639620429 ], [ 28.594997541264306, 44.848666080820664 ], [ 28.594987024579545, 44.84870574980566 ], [ 28.595005868612706, 44.84874679867557 ], [ 28.595074908055327, 44.848758484015541 ], [ 28.595183770292685, 44.848782785208996 ], [ 28.59526695541015, 44.848812531731468 ], [ 28.59536443132281, 44.84886264630876 ], [ 28.595451589284835, 44.848903834345705 ], [ 28.595575956343431, 44.848916073657328 ], [ 28.595872178837677, 44.848816408153247 ], [ 28.596364084912413, 44.848673491814964 ], [ 28.596640537284451, 44.848569826172685 ], [ 28.596776921258844, 44.848514580956071 ], [ 28.596966404648612, 44.84847615465705 ], [ 28.597189656000911, 44.848457477581015 ], [ 28.597371194144326, 44.848396166503179 ], [ 28.597752486701825, 44.848201235287455 ], [ 28.598107177417393, 44.848048798498603 ], [ 28.598387886115056, 44.847961189323833 ], [ 28.598683661275441, 44.847854588959038 ], [ 28.598965579591756, 44.84773454607739 ], [ 28.599143188660506, 44.847610884881654 ], [ 28.599290711224612, 44.847474298771736 ], [ 28.599442883862174, 44.847411606566922 ], [ 28.599626887623099, 44.84738954670464 ], [ 28.599763800692141, 44.847394440047999 ], [ 28.599910643957713, 44.847350426678432 ], [ 28.599965680132335, 44.847346358811471 ], [ 28.60037394263944, 44.847166755499643 ], [ 28.600898666103969, 44.846925594662061 ], [ 28.601180720547546, 44.846807855921206 ], [ 28.601449207469933, 44.846681294128814 ], [ 28.60148965961211, 44.846652239164968 ], [ 28.601748836605712, 44.846377889708059 ], [ 28.601773685583677, 44.846307684406632 ], [ 28.601765685040135, 44.846180680493674 ], [ 28.601821202521066, 44.846132634523627 ], [ 28.601933208196922, 44.846103612280672 ], [ 28.60202012027181, 44.846089272257146 ], [ 28.60210426819933, 44.846031057561405 ], [ 28.602174805125046, 44.846014926264594 ], [ 28.602279401381189, 44.846023160178795 ], [ 28.602382397270254, 44.846005992866502 ], [ 28.602610764460337, 44.845862196907945 ], [ 28.602820336873535, 44.845781472276876 ], [ 28.603057185714725, 44.84572070207382 ], [ 28.603197676020631, 44.845679200192393 ], [ 28.603608478325953, 44.845437031383419 ], [ 28.603686276530148, 44.845381333070421 ], [ 28.603687194266286, 44.845344282622186 ], [ 28.603839546223846, 44.84523298842246 ], [ 28.604042085141142, 44.845092327538019 ], [ 28.604176270148713, 44.845002436267826 ], [ 28.604434320100598, 44.844813726747887 ], [ 28.604537983028337, 44.844703984986211 ], [ 28.604548389345947, 44.844611100904345 ], [ 28.604489133481696, 44.844548205807449 ], [ 28.604590524748421, 44.844505636348401 ], [ 28.604702526980386, 44.844476610493267 ], [ 28.604791226359698, 44.844439073240956 ], [ 28.604852168386419, 44.84442555964727 ], [ 28.605001911736768, 44.844427722964085 ], [ 28.605191067403606, 44.844229641947159 ], [ 28.605335320511532, 44.844093151905845 ], [ 28.605390292377542, 44.843984963203859 ], [ 28.605534296136, 44.843792949961369 ], [ 28.605798099365977, 44.843592484538142 ], [ 28.605989391378497, 44.843479944413872 ], [ 28.606067810831462, 44.843382575928928 ], [ 28.606082041958075, 44.843298824424629 ], [ 28.606105512921044, 44.843103716186526 ], [ 28.6060337114506, 44.843048163949334 ], [ 28.606021062736588, 44.843002290748842 ], [ 28.606015237859111, 44.842909925487845 ], [ 28.60600650050171, 44.842771376247384 ], [ 28.605886056522468, 44.842666473105353 ], [ 28.605736547677441, 44.842564809883299 ], [ 28.605346172086936, 44.842408362181999 ], [ 28.605109177068933, 44.842311804321632 ], [ 28.604926152434487, 44.842245917537703 ], [ 28.604637271119046, 44.842100110959748 ], [ 28.604325379450785, 44.841950410394986 ], [ 28.604103888699083, 44.841841787713989 ], [ 28.603860407002529, 44.841745434251848 ], [ 28.603727335579315, 44.841749679288405 ], [ 28.603609181458875, 44.841732623579134 ], [ 28.603480127344767, 44.841697405748469 ], [ 28.603410368605903, 44.841674179603288 ], [ 28.603355629184112, 44.841682867197868 ], [ 28.603245814201134, 44.841746528134365 ], [ 28.603147336788336, 44.841835279515806 ], [ 28.603005210063991, 44.841902284937603 ], [ 28.602852328547712, 44.841953436747204 ], [ 28.602775740910534, 44.841976703096584 ], [ 28.602439561727117, 44.841441368485313 ], [ 28.601924817577455, 44.840652582054311 ], [ 28.601581266827196, 44.84061957263846 ], [ 28.601366039648802, 44.840610237707381 ], [ 28.601087354580155, 44.840626063205711 ], [ 28.600935392919531, 44.840640161983146 ], [ 28.600844951870275, 44.840649986368213 ], [ 28.600777812654719, 44.840668322794414 ], [ 28.600708735918573, 44.840707545663086 ], [ 28.600566708249474, 44.840827762400878 ], [ 28.600296261027701, 44.841026112176664 ], [ 28.600071879841568, 44.841181345623546 ], [ 28.599895358022788, 44.841270267902793 ], [ 28.599732447294432, 44.841317106742522 ], [ 28.59948815145421, 44.841311008606986 ], [ 28.599252769358888, 44.841239839434479 ], [ 28.599078473164873, 44.841157467944029 ], [ 28.598927236276385, 44.841028086535452 ], [ 28.598797799506073, 44.840935030682708 ], [ 28.598705517482017, 44.840863929081763 ], [ 28.59865082586883, 44.840821708612914 ], [ 28.598195717278681, 44.840514588707698 ], [ 28.598005004402307, 44.840326304399539 ], [ 28.59790967337511, 44.840206710099714 ], [ 28.597618109761516, 44.839966106340405 ], [ 28.597275394418123, 44.839687795459746 ], [ 28.59707640420983, 44.839522911219895 ], [ 28.596970126946907, 44.839436057511847 ], [ 28.596901680672524, 44.839433609448804 ], [ 28.596819379986631, 44.839417719323492 ], [ 28.596774863826678, 44.839382116481602 ], [ 28.596756168345429, 44.839343377372735 ], [ 28.596813766516121, 44.839276757039585 ], [ 28.596926828970933, 44.839212999003252 ], [ 28.59729072354034, 44.838949208484095 ], [ 28.597403689832781, 44.838832235518367 ], [ 28.597464822066222, 44.838770130605205 ], [ 28.597494081386788, 44.838718295493678 ], [ 28.597458139980514, 44.838663908405572 ], [ 28.597319555320141, 44.83858039803107 ], [ 28.596844171897711, 44.838364155513801 ], [ 28.596401827781055, 44.838156115846054 ], [ 28.595943454980464, 44.837899993761916 ], [ 28.595848371069891, 44.837835920724373 ], [ 28.595828223556715, 44.837774089749658 ], [ 28.59586828856029, 44.837687204192825 ], [ 28.595940711829162, 44.837546071125544 ], [ 28.595998215642837, 44.83742623762982 ], [ 28.596308143280854, 44.837131775293855 ], [ 28.596612593728434, 44.836853682830409 ], [ 28.596829264699146, 44.836731095328432 ], [ 28.597061520317855, 44.836959706151546 ], [ 28.597330007316373, 44.837247321827405 ], [ 28.597663261827371, 44.837530560104078 ], [ 28.598023888148511, 44.837731943670981 ], [ 28.598331768084289, 44.837870219783973 ], [ 28.598724998830495, 44.838072875888088 ], [ 28.598909553938434, 44.838215079114541 ], [ 28.599073765901235, 44.838344047936019 ], [ 28.599313835108781, 44.838438205914024 ], [ 28.599533268865752, 44.838514510354138 ], [ 28.599650057467194, 44.838561692361623 ], [ 28.599721459331107, 44.838559417146996 ], [ 28.599822117014543, 44.838505306247633 ], [ 28.599948155964121, 44.838441131594891 ], [ 28.60009560567357, 44.838355449745045 ], [ 28.600205951500882, 44.83835193312261 ], [ 28.6003307802021, 44.838320189415292 ], [ 28.600372244776747, 44.83830729891109 ], [ 28.60049068162715, 44.838328975379888 ], [ 28.600706143570548, 44.838393836056873 ], [ 28.600902326411042, 44.838410720737201 ], [ 28.601077000228596, 44.8383958970078 ], [ 28.601298611153169, 44.838351811289314 ], [ 28.601520848903238, 44.838266058385081 ], [ 28.601612250483356, 44.838168278227549 ], [ 28.601698714346121, 44.838147010970616 ], [ 28.60179975929697, 44.838150730898157 ], [ 28.602023750114423, 44.838247709970858 ], [ 28.60249236978613, 44.838459518355982 ], [ 28.603321600888261, 44.838923595826287 ], [ 28.603618554030451, 44.839094599217354 ], [ 28.603793825451358, 44.83924403244314 ], [ 28.604074262958537, 44.839410934131713 ], [ 28.604565240507366, 44.83971920036786 ], [ 28.604894716653742, 44.839993283851797 ], [ 28.605048045517375, 44.840104080988361 ], [ 28.605283197620679, 44.840274738205842 ], [ 28.605401888346453, 44.840351933299246 ], [ 28.605479594374472, 44.840398043474224 ], [ 28.605527215866442, 44.84043122971385 ], [ 28.605566266501498, 44.840483200981616 ], [ 28.60561815343976, 44.840532448380102 ], [ 28.60569513061764, 44.840567012666916 ], [ 28.605768862996101, 44.84060167957081 ], [ 28.605957501803047, 44.840653503439228 ], [ 28.606028904639327, 44.840651224242691 ], [ 28.606117616666147, 44.840768710003395 ], [ 28.606381028934134, 44.841026387600948 ], [ 28.606530035193913, 44.841017003263609 ], [ 28.606673134234892, 44.841017062174146 ], [ 28.606814691786106, 44.841095839049885 ], [ 28.607013319912795, 44.841202874071477 ], [ 28.607314020411046, 44.841329786579884 ], [ 28.607507364552681, 44.841404594803251 ], [ 28.607655999251225, 44.841492400414893 ], [ 28.607712842216305, 44.841620157579086 ], [ 28.607836346836685, 44.841773552174601 ], [ 28.608008576519961, 44.841874486089885 ], [ 28.608179390372698, 44.841901423436987 ], [ 28.608290470849649, 44.841909444570263 ], [ 28.608814994568693, 44.841820962538371 ], [ 28.609238609477366, 44.841731073666487 ], [ 28.6094704404228, 44.841642683568892 ], [ 28.609881731000236, 44.841460634728229 ], [ 28.610073153511625, 44.841350396535866 ], [ 28.610217679345254, 44.841218519570496 ], [ 28.610439299774221, 44.840968487372507 ], [ 28.610742495418833, 44.840722789899658 ], [ 28.610902225307964, 44.840574228691814 ], [ 28.611296584527857, 44.840330243119261 ], [ 28.611628071083356, 44.840120658216698 ], [ 28.612281044239552, 44.839646275948517 ], [ 28.612553266064861, 44.839476762509527 ], [ 28.612753374029666, 44.83937549669966 ], [ 28.612979190237265, 44.839217878211031 ], [ 28.613242234866313, 44.838980398534119 ], [ 28.613418180787065, 44.838831314914593 ], [ 28.61366625279598, 44.838588529499006 ], [ 28.613893644765515, 44.838275832881017 ], [ 28.613953370180678, 44.838088818510741 ], [ 28.614170112469235, 44.837813483260092 ], [ 28.614362709772006, 44.837464878431931 ], [ 28.614725300065157, 44.83702753727696 ], [ 28.614866480902695, 44.836791639704892 ], [ 28.614982979069442, 44.836628259317543 ], [ 28.615044742806493, 44.836473572012444 ], [ 28.615057388448516, 44.836313514946525 ], [ 28.615100846935949, 44.836177923147339 ], [ 28.615242282905001, 44.835997547916868 ], [ 28.615497482352605, 44.835764942018045 ], [ 28.615693681756277, 44.835524968209654 ], [ 28.61594186954245, 44.835181522689147 ], [ 28.616111193145702, 44.834979428784877 ], [ 28.616261304608241, 44.834833481593755 ], [ 28.616422934340935, 44.83466402735381 ], [ 28.6166526657628, 44.834337367497291 ], [ 28.616776957064449, 44.83419455951271 ], [ 28.616952733272562, 44.834043162174659 ], [ 28.617198765468469, 44.833820099689397 ], [ 28.617292502501357, 44.833708350091236 ], [ 28.617613608893048, 44.833061252581416 ], [ 28.617626428061712, 44.832805685488239 ], [ 28.617620828199765, 44.832562915746372 ], [ 28.617810352681925, 44.832114908871759 ], [ 28.617985693946196, 44.831699749786914 ], [ 28.618130950339211, 44.831271671714653 ], [ 28.618276320009372, 44.830896806698398 ], [ 28.618454668764297, 44.830375114836421 ], [ 28.618647425469192, 44.829927003716435 ], [ 28.6189158341972, 44.82949266499535 ], [ 28.619172573452449, 44.829079523401077 ], [ 28.619374763069278, 44.828626480313616 ], [ 28.61984180006294, 44.827991414771255 ], [ 28.619967884626529, 44.827774504613309 ], [ 28.620137408735115, 44.82742200089556 ], [ 28.620273254560765, 44.827153872959386 ], [ 28.620490363447139, 44.826885454336093 ], [ 28.620642722557776, 44.826621424954631 ], [ 28.620787245788666, 44.826387725353321 ], [ 28.62105632483167, 44.826015832279538 ], [ 28.621326305554685, 44.825606888260282 ], [ 28.621458165688583, 44.825327318376061 ], [ 28.621628083209377, 44.825032644847781 ], [ 28.621753102385718, 44.824850472928262 ], [ 28.62198741486856, 44.824648599736754 ], [ 28.622177617225752, 44.824468965430306 ], [ 28.622336395565636, 44.824306534156271 ], [ 28.622536704704864, 44.823978491473753 ], [ 28.622721374797099, 44.823660204888938 ], [ 28.622959005545802, 44.823305512050716 ], [ 28.623442377103409, 44.823616042877113 ], [ 28.623909633881723, 44.82389048789473 ], [ 28.624259771496767, 44.824131458835929 ], [ 28.624681000892007, 44.824365519935753 ], [ 28.624890799594315, 44.824495300909888 ], [ 28.625415640100769, 44.824876431191562 ], [ 28.625774768386201, 44.825156443733306 ], [ 28.626109453899584, 44.825358570547756 ], [ 28.626008356288906, 44.825507585632963 ], [ 28.626400401189656, 44.825742577487866 ], [ 28.627153663861041, 44.826238997730357 ], [ 28.627773657567776, 44.82663325941612 ], [ 28.628014870545229, 44.826796733134344 ], [ 28.628229665373336, 44.827005018896585 ], [ 28.628185534073648, 44.827078164201737 ], [ 28.628483522214854, 44.827265265625925 ], [ 28.628886180248216, 44.827564695336761 ], [ 28.629121475900206, 44.82778851651166 ], [ 28.629420958004335, 44.827947801953982 ], [ 28.62971838920755, 44.828074759454672 ], [ 28.629865996139969, 44.828146372267618 ], [ 28.630181539588222, 44.828353729244327 ], [ 28.630572574076872, 44.828623446970226 ], [ 28.630941484751204, 44.828903129485376 ], [ 28.631413022719922, 44.829262808461394 ], [ 28.631811145192124, 44.829541549145269 ], [ 28.632066681975463, 44.829725378975603 ], [ 28.632341172670287, 44.830105272470341 ], [ 28.632544922881884, 44.830343984593732 ], [ 28.632995088440001, 44.830725169557525 ], [ 28.633606280567093, 44.831235373898309 ], [ 28.634107645993797, 44.831603337670941 ], [ 28.63433074924923, 44.831788206110843 ], [ 28.634833755577489, 44.832130662538184 ], [ 28.635387550382017, 44.832580190294102 ], [ 28.635759299099313, 44.832903728815204 ], [ 28.635906725963341, 44.833061924480042 ], [ 28.636151183523531, 44.833225502351588 ], [ 28.636410582398366, 44.833418454377401 ], [ 28.636262599235533, 44.833545850901096 ], [ 28.63606357378556, 44.833688772617663 ], [ 28.635854518076268, 44.833827388448434 ], [ 28.635666856066969, 44.833944492182432 ], [ 28.635514743548384, 44.834058137293596 ], [ 28.635351721796777, 44.834153622526365 ], [ 28.635212750459857, 44.8342182536908 ], [ 28.63503099009694, 44.834325910579295 ], [ 28.63485720249405, 44.834405544945675 ], [ 28.634707616294545, 44.834456634648774 ], [ 28.634646968568504, 44.834525686517502 ], [ 28.63472175324268, 44.834525594394186 ], [ 28.634813352014607, 44.834534216109155 ], [ 28.634925741869068, 44.834562992753753 ], [ 28.635066735216132, 44.834632497797024 ], [ 28.635193574590073, 44.834683948309333 ], [ 28.635310089947701, 44.83472647420426 ], [ 28.635447267932761, 44.834735942757149 ], [ 28.635628541728341, 44.8347740708993 ], [ 28.635857156174303, 44.834840754883849 ], [ 28.636072628125628, 44.834956452072127 ], [ 28.636573764328258, 44.835268881737051 ], [ 28.637184185139777, 44.835663401800211 ], [ 28.637506287065293, 44.835870529196711 ], [ 28.637640194447343, 44.835981908301186 ], [ 28.63767085659423, 44.836054963061478 ], [ 28.637701811298008, 44.836132635859521 ], [ 28.637706658141131, 44.836208835215544 ], [ 28.637750594787317, 44.836286089948089 ], [ 28.63782610422399, 44.836348445509046 ], [ 28.637938939762215, 44.836384146535828 ], [ 28.638120072229757, 44.836419962060873 ], [ 28.638305774037722, 44.836476454180257 ], [ 28.638556807412808, 44.836588687265447 ], [ 28.63888380580563, 44.836719296823709 ], [ 28.639163461930188, 44.836821350732087 ], [ 28.639362158444612, 44.836826518570689 ], [ 28.639547727420673, 44.836829795731887 ], [ 28.63976795364081, 44.836866662373133 ], [ 28.640047929545457, 44.836871524273114 ], [ 28.640520846802019, 44.836893304972158 ], [ 28.640721623944408, 44.836828988619629 ], [ 28.640964895179224, 44.836717026659372 ], [ 28.641117727161241, 44.83666582404576 ], [ 28.641259049754815, 44.836638130470327 ], [ 28.641449353943766, 44.836562581254022 ], [ 28.64148711077754, 44.836593757321594 ], [ 28.641714592973635, 44.836489243439274 ], [ 28.6418840923555, 44.836444444095839 ], [ 28.642083533531242, 44.83641024825846 ], [ 28.642262903759011, 44.83641834826512 ], [ 28.642632411026742, 44.836450395038803 ], [ 28.643124787930891, 44.836522443089123 ], [ 28.643672032965068, 44.83663899396339 ], [ 28.644456608350847, 44.836856635325873 ], [ 28.644985564314531, 44.836992280782397 ], [ 28.645116553013345, 44.837006564887801 ], [ 28.645184114485726, 44.836995129826121 ], [ 28.645273363573352, 44.836966797357299 ], [ 28.645305971305241, 44.836917155262888 ], [ 28.645296977617487, 44.836878110590618 ], [ 28.645254649362688, 44.836826258284255 ], [ 28.645143729803166, 44.836769678562057 ], [ 28.645064673126619, 44.836702814740036 ], [ 28.645071171348029, 44.836651701021601 ], [ 28.64512383856756, 44.83661066665141 ], [ 28.645213970194465, 44.836596189070612 ], [ 28.645333153668844, 44.836629363759648 ], [ 28.645471654612432, 44.836710505675981 ], [ 28.645666209743162, 44.836803721726859 ], [ 28.646102238913464, 44.836909967749627 ], [ 28.646423949933265, 44.837008332298446 ], [ 28.647549431444158, 44.837319069870084 ], [ 28.647933543826454, 44.837426985309015 ], [ 28.64827488428752, 44.837476121795802 ], [ 28.648706503421518, 44.837513085440399 ], [ 28.649199485639716, 44.837594341785334 ], [ 28.649595109951363, 44.837678741458376 ], [ 28.649886001391238, 44.837752640417094 ], [ 28.650417925684984, 44.83793444149719 ], [ 28.651008859134837, 44.838123587925182 ], [ 28.651243993317145, 44.838240934681473 ], [ 28.651618969992651, 44.838409293090393 ], [ 28.652098684578924, 44.838588145750521 ], [ 28.652457145495625, 44.838752407917831 ], [ 28.652758518674833, 44.838888434041309 ], [ 28.653064171681464, 44.839040517637109 ], [ 28.65331421306114, 44.839136554002977 ], [ 28.653587562508672, 44.83929199512454 ], [ 28.653798661269683, 44.839440194119639 ], [ 28.654196372479586, 44.839709616335412 ], [ 28.65469214160958, 44.840006508579428 ], [ 28.65479161774719, 44.840067514115297 ], [ 28.654966433102757, 44.840207629925189 ], [ 28.655155264819477, 44.840414391915182 ], [ 28.655310607574673, 44.840555136383593 ], [ 28.65556376066867, 44.840750562351012 ], [ 28.655783720851527, 44.840884587688009 ], [ 28.656060475750515, 44.840991322865897 ], [ 28.65650304344733, 44.841046412853437 ], [ 28.656835558773068, 44.841058787854266 ], [ 28.657065544092454, 44.841044401979623 ], [ 28.657303346000695, 44.840999681617433 ], [ 28.657566371874822, 44.840942575779586 ], [ 28.65772525294193, 44.840935116398455 ], [ 28.658112944355331, 44.840996606208776 ], [ 28.658481310901355, 44.841061033847247 ], [ 28.658820327350146, 44.841175000955253 ], [ 28.659298177010346, 44.841425613527853 ], [ 28.659464735837659, 44.84148731905082 ], [ 28.659405140661345, 44.841521642941743 ], [ 28.658575958261572, 44.841981186624565 ], [ 28.658212481407482, 44.842247479736372 ], [ 28.657697794084477, 44.842590395148527 ], [ 28.657359975573161, 44.842800321997579 ], [ 28.656799708599589, 44.843396917474209 ], [ 28.656417928675332, 44.843784115388857 ], [ 28.656118313167685, 44.844083041068544 ], [ 28.65606698017465, 44.84424666998946 ], [ 28.655753792545813, 44.844638587294369 ], [ 28.65546642209403, 44.845129163385508 ], [ 28.655454480504684, 44.845349363252986 ], [ 28.655506730494892, 44.845912247162566 ], [ 28.655601615422142, 44.846378883859671 ], [ 28.655776458067034, 44.846671710527346 ], [ 28.656150191622, 44.847124694598037 ], [ 28.656753797911506, 44.847611888200753 ], [ 28.657134026464846, 44.847911947241002 ], [ 28.657624180179173, 44.848252408740692 ], [ 28.657877819069501, 44.848454755319786 ], [ 28.658051337124416, 44.848574083862623 ], [ 28.658397789910254, 44.848854408332592 ], [ 28.658679622973317, 44.849141452021264 ], [ 28.658961311082198, 44.849426185552069 ], [ 28.659145311431292, 44.849556742199553 ], [ 28.65941341773437, 44.849730851055646 ], [ 28.659591513074119, 44.849819949908657 ], [ 28.659742755201616, 44.849896034089234 ], [ 28.659939003129551, 44.850014623555161 ], [ 28.660215379737572, 44.850216228548007 ], [ 28.660404110438908, 44.85036976837192 ], [ 28.660490582972788, 44.850450265203904 ], [ 28.660598890401914, 44.850516171094839 ], [ 28.660685363375507, 44.850596666871539 ], [ 28.660766977726816, 44.850753676898741 ], [ 28.660851993397564, 44.850963794245693 ], [ 28.660898796856333, 44.851186719875955 ], [ 28.660920844622691, 44.851259089122131 ], [ 28.66175000817071, 44.851426141322555 ], [ 28.663254046940907, 44.851536981891513 ], [ 28.664606832753538, 44.851105377466091 ], [ 28.665233501638905, 44.850492310969223 ], [ 28.665638049249814, 44.850209611610822 ], [ 28.66551288165255, 44.849982290327823 ], [ 28.666214801907543, 44.849566161696622 ], [ 28.666990651406611, 44.849237868447567 ], [ 28.667192316835969, 44.849136455430489 ], [ 28.667445767093781, 44.849031046771209 ], [ 28.667541772547533, 44.848854391843098 ], [ 28.667621089887753, 44.848620432499224 ], [ 28.667634614328023, 44.848425631812923 ], [ 28.667748868611728, 44.848077160152748 ], [ 28.667803132535699, 44.847959707126236 ], [ 28.668289387401384, 44.847832855407063 ], [ 28.668510534209606, 44.84778171083957 ], [ 28.668755601289693, 44.847799205267272 ], [ 28.66905245281675, 44.847812703150339 ], [ 28.669272413321064, 44.847743085566918 ], [ 28.669634121665048, 44.847550856840321 ], [ 28.670127393145091, 44.847229406503281 ], [ 28.670552380342183, 44.847009667206621 ], [ 28.671224866359079, 44.846592149273924 ], [ 28.671671559768562, 44.846457312366681 ], [ 28.672165750632033, 44.84630241878908 ], [ 28.672613922739426, 44.846190669384434 ], [ 28.67278960248656, 44.846090089907193 ], [ 28.673067066320353, 44.845953808233958 ], [ 28.673410612155511, 44.845782982708876 ], [ 28.673909020660638, 44.845491427516414 ], [ 28.674128224219313, 44.845410255604435 ], [ 28.674334166529974, 44.845375791542004 ], [ 28.674510619734541, 44.845388563246573 ], [ 28.674646066106781, 44.845421178607261 ], [ 28.674758754475292, 44.845352726025361 ], [ 28.674940750385623, 44.845198719842557 ], [ 28.675074525934331, 44.845104127361118 ], [ 28.675218354321338, 44.84506474147792 ], [ 28.675345824957123, 44.845074476977125 ], [ 28.675524483273932, 44.845070978581255 ], [ 28.675565563786471, 44.845052288129324 ], [ 28.676119144193489, 44.845400467219257 ], [ 28.676612513406305, 44.845578169446853 ], [ 28.677284469782876, 44.845750673351091 ], [ 28.678259927938228, 44.845473313503156 ], [ 28.679918165374694, 44.844054480944955 ], [ 28.681710381044645, 44.842720676760514 ], [ 28.681788059939894, 44.841244522555719 ], [ 28.680054534879467, 44.839333817730363 ], [ 28.678928076046855, 44.837205526941851 ], [ 28.679791295079649, 44.83585729219562 ], [ 28.679759188659769, 44.834016315869725 ], [ 28.679935205712184, 44.833396568321596 ], [ 28.681034630415187, 44.832120293007804 ], [ 28.681652794210656, 44.831822485095124 ], [ 28.682184732007855, 44.831671605999027 ], [ 28.683140199378951, 44.831087853364174 ], [ 28.684577137426555, 44.829935767757966 ], [ 28.68585480682081, 44.827652949867762 ], [ 28.686117356328438, 44.826396745353414 ], [ 28.686123755814901, 44.825126730281774 ], [ 28.685929145419255, 44.824713708634675 ], [ 28.685222564876081, 44.823399092163562 ], [ 28.684050301242198, 44.821755917075564 ], [ 28.683223210443295, 44.821266423683383 ], [ 28.683409366965144, 44.821077558813954 ], [ 28.683502358180892, 44.820956520148513 ], [ 28.683571947785214, 44.820926483623133 ], [ 28.683803451974381, 44.820886539533944 ], [ 28.683965367774714, 44.820876630840942 ], [ 28.684102816039871, 44.820890658548386 ], [ 28.684272409564414, 44.820899009082957 ], [ 28.684476175623999, 44.82083220236234 ], [ 28.684703163672673, 44.820621178929962 ], [ 28.684843067363129, 44.820269537461385 ], [ 28.685019818747591, 44.819884299073912 ], [ 28.685280915826826, 44.81949630914513 ], [ 28.685568614335544, 44.819218514772878 ], [ 28.685721600281724, 44.81907006362583 ], [ 28.685791072796217, 44.818836411946641 ], [ 28.685926376878538, 44.818716303602166 ], [ 28.686274127234586, 44.817629882479963 ], [ 28.686349398970922, 44.817486281084413 ], [ 28.686492376790312, 44.817384432541687 ], [ 28.686692110758575, 44.817255279288226 ], [ 28.68680208169075, 44.817196156430079 ], [ 28.687044224398115, 44.816968436416481 ], [ 28.687160475565069, 44.816804985595418 ], [ 28.687294104969833, 44.816608573666208 ], [ 28.687399043898179, 44.816521848400804 ], [ 28.687565321736837, 44.81642849366127 ], [ 28.68781079374758, 44.816353377114538 ], [ 28.688050817839791, 44.816294633833877 ], [ 28.688261826130145, 44.816290057367127 ], [ 28.688359888792814, 44.816298424178989 ], [ 28.688405305423966, 44.816296940963269 ], [ 28.688458964562919, 44.816272049981961 ], [ 28.68855607381909, 44.816164755865799 ], [ 28.688708627701967, 44.816060277431362 ], [ 28.688964987874879, 44.815952409078882 ], [ 28.689110487963156, 44.815889810072335 ], [ 28.68928473750239, 44.815819329994298 ], [ 28.689420027188074, 44.8156992177002 ], [ 28.689523770172332, 44.81559401931618 ], [ 28.689587959077855, 44.81542995239613 ], [ 28.689842581791478, 44.815143972852603 ], [ 28.689958373301184, 44.814973591329313 ], [ 28.69010065822323, 44.814962001606432 ], [ 28.690349661473192, 44.814891391535006 ], [ 28.690734428809957, 44.814758497881321 ], [ 28.690862248512566, 44.814724240425036 ], [ 28.691002181812841, 44.814726609008545 ], [ 28.691275594705164, 44.814782461277595 ], [ 28.691525556251257, 44.814827510144106 ], [ 28.692077085405543, 44.814911290749315 ], [ 28.692696817430246, 44.814893342602112 ], [ 28.693107302035113, 44.814856781787412 ], [ 28.694693674815618, 44.814756305202273 ], [ 28.695101060416476, 44.814722152700568 ], [ 28.695541294071557, 44.814844265668455 ], [ 28.696966817421359, 44.815172455283232 ], [ 28.697568993524037, 44.815335536497344 ], [ 28.697826383259581, 44.815445115755175 ], [ 28.697966248653355, 44.815546973317474 ], [ 28.698278684679476, 44.815904645595211 ], [ 28.698604399808531, 44.816266510651303 ], [ 28.698796768396299, 44.816375903815427 ], [ 28.699194702321581, 44.816497073082097 ], [ 28.700978401220137, 44.816933802592366 ], [ 28.702108224585935, 44.817111961885139 ], [ 28.702452470009955, 44.816855407974941 ], [ 28.702397788986314, 44.816362034628909 ], [ 28.702392002321076, 44.815971182354538 ], [ 28.70245858358717, 44.815191542344536 ], [ 28.702510204004074, 44.814683115714871 ], [ 28.702585786555122, 44.813741210842565 ], [ 28.702645044820731, 44.813200139073153 ], [ 28.702678292438726, 44.813111121971026 ], [ 28.702979214992272, 44.813089686276548 ], [ 28.706006684497005, 44.813006576579681 ], [ 28.706448283106411, 44.812999026313513 ], [ 28.706814928265537, 44.812938402025175 ], [ 28.707031707376178, 44.812972935497463 ], [ 28.707346949338245, 44.812971843446221 ], [ 28.707976187514308, 44.812900280636157 ], [ 28.708620743552348, 44.812814327700309 ], [ 28.708837026149595, 44.812791028184172 ], [ 28.708990080085652, 44.812795256837283 ], [ 28.709180760049822, 44.812828330004905 ], [ 28.709552540106021, 44.812897104283216 ], [ 28.710421012229602, 44.813055997402536 ], [ 28.710812656212347, 44.81308015177553 ], [ 28.71096735808602, 44.813109775654574 ], [ 28.711150358247597, 44.81327498835369 ], [ 28.711368593534267, 44.813582502693734 ], [ 28.711581195140546, 44.814003581140696 ], [ 28.711711999043793, 44.814165880835247 ], [ 28.711769090534233, 44.814194084086935 ], [ 28.712140380617925, 44.814205019353544 ], [ 28.712593417990131, 44.814273427157808 ], [ 28.712998196786081, 44.814299455649248 ], [ 28.713140774046458, 44.81429245382445 ], [ 28.713181894991887, 44.814274904907137 ], [ 28.713276203468872, 44.814075124972035 ], [ 28.713431678315072, 44.813565590319016 ], [ 28.713553619010128, 44.813140456971688 ], [ 28.713805852311733, 44.81266938903773 ], [ 28.714082746319665, 44.812377991731751 ], [ 28.714249620151136, 44.812228875268246 ], [ 28.714526475703483, 44.812002724143575 ], [ 28.714849642782827, 44.811973583172794 ], [ 28.715504372567686, 44.8120445995241 ], [ 28.715930956956814, 44.812206418068328 ], [ 28.717193581245148, 44.812675710643234 ], [ 28.718505684203414, 44.813310711117587 ], [ 28.718793844819359, 44.813418072783819 ], [ 28.719128619056299, 44.813542409876725 ], [ 28.719414634587366, 44.81364174261055 ], [ 28.719688125531697, 44.813748428062951 ], [ 28.720104552255414, 44.813903624899197 ], [ 28.720504763528762, 44.814059353533452 ], [ 28.720940747799652, 44.814165311270628 ], [ 28.721321499931971, 44.814321679105717 ], [ 28.722154612778667, 44.814585771599099 ], [ 28.72267929842176, 44.814755901414784 ], [ 28.722920903966141, 44.814821981146601 ], [ 28.723239130913178, 44.814966520153547 ], [ 28.723785841097595, 44.815175254620449 ], [ 28.724124976679494, 44.815291335412304 ], [ 28.724646431337881, 44.815461562837328 ], [ 28.72472789033144, 44.815514409069245 ], [ 28.724844731711421, 44.81556146070033 ], [ 28.725004794525418, 44.815623283632284 ], [ 28.725337748331881, 44.815744192343381 ], [ 28.725704644337362, 44.815887119188176 ], [ 28.725902045914701, 44.815973162153675 ], [ 28.726271587629888, 44.816106743854156 ], [ 28.726878815168629, 44.816345861874645 ], [ 28.728097967380751, 44.816796165108606 ], [ 28.728607826188139, 44.816987582939319 ], [ 28.729745003669919, 44.817426692411161 ], [ 28.73051572875087, 44.817729807452032 ], [ 28.730947899586639, 44.817926094443493 ], [ 28.730920359353508, 44.81795245732831 ], [ 28.731172540618118, 44.81808064514113 ], [ 28.731716447320643, 44.818245471358566 ], [ 28.732144790466229, 44.818333127927232 ], [ 28.732431916929023, 44.818349091506448 ], [ 28.7328291183027, 44.81830819759162 ], [ 28.733417793817889, 44.818212381812465 ], [ 28.733952302937315, 44.818083644568752 ], [ 28.734215309463117, 44.817829677321342 ], [ 28.734370868671903, 44.817822220442416 ], [ 28.734525220840382, 44.81779629108182 ], [ 28.73466071282931, 44.81778024126907 ], [ 28.734942785201529, 44.817768599982067 ], [ 28.735399576320059, 44.817744236622403 ], [ 28.735699151375538, 44.817701933816707 ], [ 28.735995482785171, 44.817659737507952 ], [ 28.736478681688926, 44.817541941539041 ], [ 28.736947846434838, 44.817408409893837 ], [ 28.736956596080514, 44.817442828716572 ], [ 28.737197929602889, 44.817404763248121 ], [ 28.737878245959894, 44.81726886792972 ], [ 28.738433406505848, 44.817157937848599 ], [ 28.738974608494296, 44.81708217367563 ], [ 28.739204093352576, 44.817012102029295 ], [ 28.739612745510478, 44.816848168487375 ], [ 28.739925360384873, 44.816657333887939 ], [ 28.740207722452734, 44.816451303236036 ], [ 28.740573815891626, 44.816133744994062 ], [ 28.740983881629219, 44.815742999735328 ], [ 28.740946992756271, 44.815725710350939 ], [ 28.741120416511389, 44.815544110420461 ], [ 28.741407897332866, 44.815317081474213 ], [ 28.741558313815389, 44.815231112058548 ], [ 28.74168262967936, 44.815143693829349 ], [ 28.741848884649961, 44.815001666210549 ], [ 28.742178528943231, 44.814773238211224 ], [ 28.742340408488534, 44.814663748948554 ], [ 28.742441561656882, 44.814570155528656 ], [ 28.742686792153894, 44.814393115354633 ], [ 28.742831171376007, 44.814314285205455 ], [ 28.742963781625686, 44.814254357145963 ], [ 28.743039437437385, 44.814168550071294 ], [ 28.743240310245636, 44.814009175868421 ], [ 28.743547308462698, 44.813732903077373 ], [ 28.743773141190449, 44.813507911304313 ], [ 28.743932970922192, 44.813317502227548 ], [ 28.744051923714338, 44.813171397766446 ], [ 28.744155626617616, 44.813044022835307 ], [ 28.744472710150589, 44.812623951766781 ], [ 28.744955645503911, 44.812006327544047 ], [ 28.745441658615853, 44.811471095437064 ], [ 28.745986270001342, 44.811401765173152 ], [ 28.746687584154625, 44.81152589026312 ], [ 28.747513826263049, 44.811633048863442 ], [ 28.747754689987445, 44.811599423393744 ], [ 28.746959508665611, 44.811004207647919 ], [ 28.74616434389948, 44.810408986042823 ], [ 28.746233885329584, 44.810233655737733 ], [ 28.745903358836191, 44.809860123914966 ], [ 28.745865527363289, 44.809694764145803 ], [ 28.74595532191417, 44.809416229926775 ], [ 28.745991026323846, 44.809274064236654 ], [ 28.745970777680871, 44.809290699760226 ], [ 28.746181994608005, 44.808853446295366 ], [ 28.746447037672176, 44.808066111308371 ], [ 28.746692927638527, 44.807279411056328 ], [ 28.747016421355891, 44.806556353548295 ], [ 28.747187283244205, 44.806087341298202 ], [ 28.747214198654209, 44.806013458175009 ], [ 28.747239802821323, 44.805943176385554 ], [ 28.747769669957066, 44.804488645866435 ], [ 28.74874332333799, 44.801824387156891 ], [ 28.748805158965318, 44.801656652505059 ], [ 28.748980291879661, 44.801181575512992 ], [ 28.749183094977589, 44.80063143325377 ], [ 28.749967788594248, 44.800722424511662 ], [ 28.750249920577296, 44.800752943830304 ], [ 28.751651021698045, 44.800759588189329 ], [ 28.751642574932117, 44.800773165451318 ], [ 28.752022852338246, 44.80073393820696 ], [ 28.752285262881013, 44.800748487403098 ], [ 28.752547674799928, 44.800763035945465 ], [ 28.753206423079252, 44.800840865593159 ], [ 28.753497974655268, 44.800857604120466 ], [ 28.754566844022378, 44.800851587697331 ], [ 28.755182190034763, 44.800848118215519 ], [ 28.755426018579563, 44.800846744168702 ], [ 28.755660824811859, 44.80084541933531 ], [ 28.756781520782841, 44.800839098977171 ], [ 28.757077560504399, 44.800837425102735 ], [ 28.757931636184534, 44.800832589859994 ], [ 28.758587649790357, 44.800881269099115 ], [ 28.759203037936334, 44.800867432342059 ], [ 28.760111622239908, 44.800910311912723 ], [ 28.760945233575491, 44.8009490329503 ], [ 28.761709698957915, 44.80093021632225 ], [ 28.76228067863774, 44.800951083824685 ], [ 28.762289996218861, 44.800950773380322 ], [ 28.763085902648648, 44.80098408655337 ], [ 28.764698251934604, 44.800936991451792 ], [ 28.765455144438373, 44.800944995266747 ], [ 28.765946632800773, 44.80103497657857 ], [ 28.766992802356043, 44.801039970516015 ], [ 28.767714172506299, 44.801075737606325 ], [ 28.768882854868728, 44.801083903967445 ], [ 28.769034523405928, 44.80107162872288 ], [ 28.769357358202782, 44.801045499260994 ], [ 28.770063029051133, 44.801010637252261 ], [ 28.771392651579475, 44.801065960637423 ], [ 28.772739162286793, 44.801094111627926 ], [ 28.77333678643112, 44.801094087990982 ], [ 28.773337223749628, 44.801100721734777 ], [ 28.775177118174302, 44.80110570633741 ], [ 28.77639632696776, 44.801117105226432 ], [ 28.776924628336754, 44.80113403022505 ], [ 28.77776755075103, 44.801166499487387 ], [ 28.778072414313424, 44.801167203847029 ], [ 28.778450359343388, 44.801168075233754 ], [ 28.780168768463277, 44.801171647722462 ], [ 28.780561520802767, 44.80117246028253 ], [ 28.78367106804771, 44.801225040723935 ], [ 28.784552624419455, 44.801250600662534 ], [ 28.784469006403484, 44.802104382226659 ], [ 28.784385386301217, 44.802958163780737 ], [ 28.78421133522297, 44.804280355169496 ], [ 28.784270536421708, 44.80461078481342 ], [ 28.784206970159723, 44.805344225113089 ], [ 28.784189211168968, 44.805358116998633 ], [ 28.784147359952847, 44.80670247061785 ], [ 28.783913212613509, 44.807680964879033 ], [ 28.783693094131181, 44.80887173304977 ], [ 28.783642013462622, 44.809511679075143 ], [ 28.783633464890112, 44.809664875527872 ], [ 28.783624915022799, 44.809818072023283 ], [ 28.783479446129377, 44.81005656213086 ], [ 28.784138203415189, 44.810005420569162 ], [ 28.784920804617084, 44.809944484600209 ], [ 28.785474537502623, 44.809863448463723 ], [ 28.785879915430993, 44.809800109107243 ], [ 28.786285292477036, 44.809736769209209 ], [ 28.78696951876686, 44.809662919965049 ], [ 28.787929918210043, 44.809538152376916 ], [ 28.788213801866249, 44.809505490445638 ], [ 28.788443957306054, 44.809446863355284 ], [ 28.788902368833863, 44.809399089199772 ], [ 28.789405878436295, 44.809345172186745 ], [ 28.789762335958496, 44.809328581677697 ], [ 28.790045148281528, 44.809279753760862 ], [ 28.79060470910413, 44.80923783317256 ], [ 28.791078109758299, 44.809171035391699 ], [ 28.791476422818036, 44.809148407523509 ], [ 28.79175335694838, 44.809109027988512 ], [ 28.792100724936613, 44.809053399584975 ], [ 28.792278339685762, 44.809035865466022 ], [ 28.792590459765606, 44.809036953107999 ], [ 28.79283061566781, 44.809031201602238 ], [ 28.792972584871698, 44.808966270766369 ], [ 28.793213534316447, 44.808923468588894 ], [ 28.793502644922302, 44.808920698911912 ], [ 28.793695834583378, 44.808941975932782 ], [ 28.793978486980155, 44.808890829152148 ], [ 28.794279040381799, 44.808864533758175 ], [ 28.794737411618627, 44.808865329044039 ], [ 28.795107603538227, 44.808859830588091 ], [ 28.795489236638677, 44.808830807085613 ], [ 28.795829166029552, 44.808810126064166 ], [ 28.796074887776701, 44.808790296608606 ], [ 28.796431213417637, 44.808722784003777 ], [ 28.796660898504232, 44.808657213799322 ], [ 28.797023607915452, 44.808489985501787 ], [ 28.797308119819224, 44.808417942756392 ], [ 28.797484811475815, 44.808386547479664 ], [ 28.797975458952624, 44.808383930759682 ], [ 28.798409132581551, 44.808355460424188 ], [ 28.798491131679132, 44.80836658618454 ], [ 28.798872785868017, 44.808288957527317 ], [ 28.799172225929283, 44.80818807982179 ], [ 28.799934505870308, 44.808045242945148 ], [ 28.800863724440944, 44.807923145228557 ], [ 28.801481253211076, 44.807872599621817 ], [ 28.801854682315177, 44.807866969932675 ], [ 28.80211529130905, 44.807877592515808 ], [ 28.802996323536426, 44.807731343305605 ], [ 28.805017992724846, 44.807436475831018 ], [ 28.805894909428368, 44.807328250952402 ], [ 28.806028154462538, 44.806203817180858 ], [ 28.806114615347283, 44.805451189878241 ], [ 28.806425295901288, 44.803085136838199 ], [ 28.806786753921351, 44.80031011951904 ], [ 28.806954375319702, 44.799263199756126 ], [ 28.807085579412998, 44.797717698777859 ], [ 28.807216870854528, 44.796759932275613 ], [ 28.807323196899098, 44.796501815036166 ], [ 28.807405258602355, 44.795878914674212 ], [ 28.807446732523985, 44.79562298408289 ], [ 28.80749991178331, 44.79544533222878 ], [ 28.807625970011063, 44.794409068116295 ], [ 28.807729974165056, 44.793725265695315 ], [ 28.807841722508147, 44.792962527608651 ], [ 28.808038949819487, 44.791396734418775 ], [ 28.808032743964425, 44.791193159564244 ], [ 28.808022572990627, 44.791137968490389 ], [ 28.808087930664218, 44.790996927983365 ], [ 28.808106873636547, 44.790695478267551 ], [ 28.808160388259587, 44.790425257256885 ], [ 28.808216530856029, 44.790145692191054 ], [ 28.808260830542427, 44.789736946653598 ], [ 28.80831845669865, 44.789186601118239 ], [ 28.808376338534327, 44.788786652779343 ], [ 28.808504127485559, 44.788021059395163 ], [ 28.808531514586154, 44.787785269589982 ], [ 28.81154706805826, 44.784053677827373 ], [ 28.813295807055162, 44.782116029280367 ], [ 28.811728214990715, 44.782073444909663 ], [ 28.809855422676222, 44.78207672370953 ], [ 28.809839759478756, 44.782082978585983 ], [ 28.809547174104008, 44.78203559223487 ], [ 28.809420006532108, 44.78193681595387 ], [ 28.809403623268022, 44.781811398081402 ], [ 28.809614493470669, 44.780630461517887 ], [ 28.809766885106548, 44.779537388011789 ], [ 28.809808592468706, 44.779318394341402 ], [ 28.809806494895611, 44.779325463848004 ], [ 28.810060108378543, 44.777145813741612 ], [ 28.810214125061137, 44.77628888066284 ], [ 28.810206365264296, 44.776172237261299 ], [ 28.810467305783224, 44.774220582382419 ], [ 28.810780329623235, 44.771954399928376 ], [ 28.810977569672243, 44.769451728364558 ], [ 28.81121963331606, 44.766380077551233 ], [ 28.811384164731521, 44.76568340771108 ], [ 28.811401899585835, 44.764775404760861 ], [ 28.811442211336896, 44.7640893144521 ], [ 28.81147384029104, 44.763860003725284 ], [ 28.811474948844996, 44.76387666704963 ], [ 28.811686924389377, 44.762717161666743 ], [ 28.811835341828338, 44.761776910167917 ], [ 28.811959557160733, 44.761060152502267 ], [ 28.811960296236961, 44.761071261380366 ], [ 28.812051511393335, 44.760210878143369 ], [ 28.812148197461198, 44.759667623507838 ], [ 28.812228110731624, 44.759342045082676 ], [ 28.812444192377583, 44.758009824774362 ], [ 28.812631635033739, 44.756834444154173 ], [ 28.812656621438315, 44.756446701099939 ], [ 28.812681607589813, 44.756058958049067 ], [ 28.812749017466011, 44.755310715691053 ], [ 28.812786214151021, 44.755047814916111 ], [ 28.813070077538796, 44.752856001540309 ], [ 28.813161973375035, 44.752123633316863 ], [ 28.813520296438956, 44.750346820046964 ], [ 28.813657875177547, 44.749479301724243 ], [ 28.813891264985653, 44.748408137424875 ], [ 28.814031109292319, 44.747446150197739 ], [ 28.814186688327414, 44.745993871806199 ], [ 28.814151793963731, 44.745968843679776 ], [ 28.814170524738319, 44.745812226184476 ], [ 28.814386381006951, 44.744344269522529 ], [ 28.814666014444303, 44.742325167703648 ], [ 28.814741148886689, 44.741693568964514 ], [ 28.814985797626793, 44.739970693586486 ], [ 28.815127862484708, 44.738819110340188 ], [ 28.815368084973411, 44.736912676157225 ], [ 28.815508626441936, 44.735855780543623 ], [ 28.815657666436344, 44.734926636495011 ], [ 28.815617239262046, 44.734776231472232 ], [ 28.815435208798341, 44.73473264214055 ], [ 28.815440507302412, 44.734692793079262 ], [ 28.815453990976025, 44.734591375346987 ], [ 28.815461595408106, 44.734534179348458 ], [ 28.815556333296819, 44.734370335241039 ], [ 28.815725729284839, 44.734264696722583 ], [ 28.815999706855941, 44.734143724969179 ], [ 28.816395096824476, 44.733926434949694 ], [ 28.816583438409566, 44.73375206722438 ], [ 28.816726696588944, 44.733671921916851 ], [ 28.816845333406029, 44.733691430570232 ], [ 28.816973562346618, 44.733799044229933 ], [ 28.817039862083497, 44.73382219595053 ], [ 28.817056498213777, 44.733837935984965 ], [ 28.817125948214677, 44.733903643417499 ], [ 28.817310433841264, 44.733952287927664 ], [ 28.817344402581725, 44.733889500218417 ], [ 28.817591089185346, 44.733433550326538 ], [ 28.817834728442691, 44.732983232033298 ], [ 28.818381827727436, 44.731971934446115 ], [ 28.820026536840082, 44.728593466134441 ], [ 28.819829748483741, 44.728563121426518 ], [ 28.819830131185263, 44.728562324131708 ], [ 28.819930560313022, 44.728352769111922 ], [ 28.820174851097818, 44.72782074727828 ], [ 28.820786140650743, 44.726564198219144 ], [ 28.820916782108323, 44.726298130083165 ], [ 28.822181576078989, 44.723716786215192 ], [ 28.823405054605569, 44.721337234971195 ], [ 28.823770189252862, 44.720606730890964 ], [ 28.825205403344711, 44.717774629910238 ], [ 28.826827197534257, 44.714698580059803 ], [ 28.826834127938035, 44.714685434438181 ], [ 28.828116581591999, 44.712259290617148 ], [ 28.829833650324797, 44.708977774733597 ], [ 28.829842180788368, 44.708988619036042 ], [ 28.831516408498118, 44.705769764336097 ], [ 28.833190453570005, 44.702550889127679 ], [ 28.833176361556191, 44.702573634788955 ], [ 28.836167238279767, 44.69687164873978 ], [ 28.836137574344367, 44.696894925234254 ], [ 28.839088589368075, 44.691305547542385 ], [ 28.8391026763356, 44.691282800337518 ], [ 28.84232886804676, 44.685149538114686 ], [ 28.842345182767193, 44.685160116278688 ], [ 28.845360222351903, 44.679379099347699 ], [ 28.845374304039108, 44.679356351459013 ], [ 28.847139451839748, 44.675889194509246 ], [ 28.848086581347388, 44.674654426775319 ], [ 28.849033670746685, 44.673419651823387 ], [ 28.84901959190201, 44.673442400115619 ], [ 28.853220971642806, 44.667921275381296 ], [ 28.85318909356085, 44.667911230576706 ], [ 28.854351565455605, 44.666401834381354 ], [ 28.854335999469548, 44.666402366361368 ], [ 28.858325203559104, 44.660408662226807 ], [ 28.859190297642041, 44.659108697085912 ], [ 28.859246272434834, 44.659024583639251 ], [ 28.860309028145142, 44.659474509963516 ], [ 28.860955750448259, 44.660062122246394 ], [ 28.861674884135223, 44.660315275383837 ], [ 28.862394022725017, 44.660568422978045 ], [ 28.862761487999546, 44.661517890300992 ], [ 28.862765597966305, 44.662425602715182 ], [ 28.863582780249981, 44.663007362374856 ], [ 28.865299438637507, 44.664042289258632 ], [ 28.867063880914483, 44.664821837881675 ], [ 28.868335580997343, 44.665025997384866 ], [ 28.86924723378964, 44.665358640022184 ], [ 28.870704830783225, 44.666872689867461 ], [ 28.870878735993575, 44.667154314576756 ], [ 28.871519791950693, 44.66728716837271 ], [ 28.872163000917087, 44.667543830559488 ], [ 28.872903025271921, 44.667839119646167 ], [ 28.873180626221302, 44.667921434665203 ], [ 28.873458227947435, 44.668003748987978 ], [ 28.873916334394327, 44.668364098301183 ], [ 28.875015682269151, 44.668675869068686 ], [ 28.875677069251577, 44.669110938066581 ], [ 28.877191621947084, 44.669879773716723 ], [ 28.877693860627936, 44.669791714307387 ], [ 28.878649917007436, 44.669816357736167 ], [ 28.879228294084562, 44.66993805044077 ], [ 28.879651521013109, 44.670423464195409 ], [ 28.880380273995097, 44.671119592036234 ], [ 28.880992214506442, 44.671554262936361 ], [ 28.881373565180077, 44.671603082777771 ], [ 28.881754916460668, 44.67165190131935 ], [ 28.882055754102186, 44.671884896934507 ], [ 28.882760419606839, 44.672590687880295 ], [ 28.883191585632705, 44.673022532187979 ], [ 28.883575207405027, 44.673274984995203 ], [ 28.884364038188554, 44.673575235846592 ], [ 28.885364643911881, 44.673956082299355 ], [ 28.885852554954528, 44.674231887525693 ], [ 28.886281294451987, 44.674474240083562 ], [ 28.886705634668811, 44.674565304726798 ], [ 28.886932604955675, 44.674805257745142 ], [ 28.887059628690597, 44.675216786766754 ], [ 28.887432020368756, 44.675407480783583 ], [ 28.888147036050448, 44.675773619028469 ], [ 28.889042797794804, 44.676037754718266 ], [ 28.889619898500705, 44.676207921942982 ], [ 28.889955761170928, 44.676431027503099 ], [ 28.890322180100981, 44.676807750073365 ], [ 28.890835823213092, 44.676887371456857 ], [ 28.89123456724732, 44.677192183325346 ], [ 28.891540264813845, 44.677425864322466 ], [ 28.892344845110856, 44.677569780377688 ], [ 28.89304799752869, 44.677518964959802 ], [ 28.89341294068355, 44.67759928387656 ], [ 28.893594672088465, 44.677902729229309 ], [ 28.894171467067466, 44.678090769582859 ], [ 28.894842624242443, 44.678390587774771 ], [ 28.895066455424431, 44.678674878259862 ], [ 28.895713786710836, 44.678988787994413 ], [ 28.896542342385533, 44.679141574028939 ], [ 28.897098594866886, 44.679117930721929 ], [ 28.897661846538295, 44.679288724478781 ], [ 28.898141523682469, 44.679506648501949 ], [ 28.898143051358719, 44.679803041211478 ], [ 28.898908697357871, 44.680033201608808 ], [ 28.899126524332768, 44.679954878682402 ], [ 28.900042203079909, 44.68029488332585 ], [ 28.900703424035132, 44.680739587868196 ], [ 28.901671987476323, 44.680835833516767 ], [ 28.902360684981364, 44.681210218812765 ], [ 28.9027814791549, 44.681438964458152 ], [ 28.902806150673431, 44.68165385430553 ], [ 28.903379947574429, 44.681979115254279 ], [ 28.903621698226736, 44.681762034730568 ], [ 28.906577313337234, 44.68287279632888 ], [ 28.907328509846625, 44.683253837137151 ], [ 28.908767631912941, 44.683814565902274 ], [ 28.909983842951547, 44.684378578958757 ], [ 28.910872080837088, 44.684586712313205 ], [ 28.911271884649896, 44.684904693287649 ], [ 28.912343527466284, 44.685256890552537 ], [ 28.913054677517881, 44.685595036891854 ], [ 28.914729965645037, 44.686253688899306 ], [ 28.914763516371163, 44.686836569246857 ], [ 28.91520410423027, 44.687024807721585 ], [ 28.915462881683183, 44.687546775792654 ], [ 28.915584256281555, 44.687962897461404 ], [ 28.915462156426042, 44.68844499124895 ], [ 28.915127798705758, 44.68899639616604 ], [ 28.915283247985574, 44.689548497914281 ], [ 28.915593022916259, 44.690090818259705 ], [ 28.913797783554909, 44.690675221527002 ], [ 28.913453169702482, 44.691675672887484 ], [ 28.913153471672629, 44.693116380860133 ], [ 28.913132835200749, 44.693291439242707 ], [ 28.91257194667276, 44.694488247042294 ], [ 28.913185464137754, 44.695579840243859 ], [ 28.914496550969115, 44.696626784399527 ], [ 28.915175792886362, 44.696284244217928 ], [ 28.915985832157578, 44.696931705110828 ], [ 28.916070104326376, 44.696986233490975 ], [ 28.91610727576289, 44.6969943986551 ], [ 28.916384890747654, 44.696914519485709 ], [ 28.916662504940717, 44.696834639646724 ], [ 28.91674865007964, 44.696813007659486 ], [ 28.916791370263304, 44.696817377817425 ], [ 28.916961024079459, 44.696877000700674 ], [ 28.917130678241634, 44.696936623323005 ], [ 28.917152376504955, 44.696933125947716 ], [ 28.9172524783712, 44.696984174358533 ], [ 28.917734958481542, 44.697265179597416 ], [ 28.918217443292491, 44.697546182695781 ], [ 28.919262720187053, 44.696422029619789 ], [ 28.919359486566062, 44.696404349141567 ], [ 28.920235965788763, 44.696439722002275 ], [ 28.920450161437138, 44.69643515977463 ], [ 28.920620694288946, 44.696460481414633 ], [ 28.921418910010743, 44.696626305611645 ], [ 28.922462018155112, 44.69683759609778 ], [ 28.922706906510271, 44.696883067572706 ], [ 28.923225608147504, 44.696979379659211 ], [ 28.923956791317135, 44.697204283387897 ], [ 28.92432461289755, 44.69714281799051 ], [ 28.924552572804743, 44.696940204880363 ], [ 28.924872563666792, 44.69681403240935 ], [ 28.92527764911879, 44.69684418340595 ], [ 28.925830441684674, 44.696948835768531 ], [ 28.927114207001697, 44.697134230561595 ], [ 28.927635207476737, 44.69720946636847 ], [ 28.928211520131583, 44.697494238855406 ], [ 28.928549887205214, 44.697661433979832 ], [ 28.928926520811672, 44.697703842939788 ], [ 28.92944430705397, 44.697659260127466 ], [ 28.929794010426903, 44.697514340365828 ], [ 28.930139177605682, 44.697303208143197 ], [ 28.930318538409587, 44.697115550063756 ], [ 28.930689211939228, 44.697005293209507 ], [ 28.931289659085657, 44.696900301608174 ], [ 28.932242683467404, 44.696783016995809 ], [ 28.932642681790579, 44.696790564197521 ], [ 28.932793996518502, 44.696878837436962 ], [ 28.932932134475667, 44.697033307151557 ], [ 28.933155758174273, 44.696987585241409 ], [ 28.933117531789364, 44.696791707150958 ], [ 28.933316489820111, 44.696696278045692 ], [ 28.933537442006617, 44.696663290215568 ], [ 28.933852005405654, 44.69661632562557 ], [ 28.934234452853037, 44.696649096248436 ], [ 28.93465472694167, 44.69662938136252 ], [ 28.935035232606062, 44.696494747979301 ], [ 28.935362145102584, 44.696508627117936 ], [ 28.935499746801295, 44.696551864800206 ], [ 28.935872783432167, 44.696566662003661 ], [ 28.936417261503944, 44.696446529574906 ], [ 28.936800260069599, 44.696362023350453 ], [ 28.937303995941232, 44.696465432929692 ], [ 28.937376634579898, 44.696450028891746 ], [ 28.937448593400781, 44.696375951572676 ], [ 28.937511701764326, 44.696337024888379 ], [ 28.937618382230248, 44.696307099096643 ], [ 28.937647068323585, 44.69629905196652 ], [ 28.937854185532366, 44.696338726442988 ], [ 28.938061303015704, 44.696378400534584 ], [ 28.938094922802989, 44.696392850260224 ], [ 28.938249078722865, 44.696459107061479 ], [ 28.938387306560507, 44.696604859903921 ], [ 28.938817578269337, 44.696607118230666 ], [ 28.939247849956928, 44.696609374916235 ], [ 28.939708118790712, 44.696551471064865 ], [ 28.939736144566357, 44.696397399164574 ], [ 28.939824576777241, 44.69633555327357 ], [ 28.939927905391514, 44.696228554605611 ], [ 28.939916595209493, 44.695966706934662 ], [ 28.939913386869854, 44.695963467193224 ], [ 28.940166392490084, 44.695835990735155 ], [ 28.940485750786571, 44.695807196524179 ], [ 28.940777825637543, 44.695741561694987 ], [ 28.940997153045554, 44.695766267363588 ], [ 28.941172567296491, 44.695765829342143 ], [ 28.941347431300329, 44.695709562541992 ], [ 28.9416171035252, 44.695682789282856 ], [ 28.941745629159932, 44.695705621457883 ], [ 28.942215714921854, 44.695682032158373 ], [ 28.942582743913331, 44.695636183905371 ], [ 28.942916752285775, 44.695613036715976 ], [ 28.943195564125691, 44.695544457814044 ], [ 28.943408383989858, 44.69551823571414 ], [ 28.943591059313739, 44.69553715740286 ], [ 28.943843627207837, 44.695591842369872 ], [ 28.944066242852596, 44.695709703064033 ], [ 28.944237014982935, 44.695850317192644 ], [ 28.944372564175762, 44.69593393119866 ], [ 28.944458097746811, 44.695957402671574 ], [ 28.944539061597741, 44.695940618613541 ], [ 28.944656859666807, 44.695895483464007 ], [ 28.944745739219663, 44.695795579218931 ], [ 28.944792935416658, 44.695742528730413 ], [ 28.944891004268758, 44.695749885835966 ], [ 28.945003029257229, 44.695700525157456 ], [ 28.945202044541698, 44.695640457515388 ], [ 28.94537113255242, 44.695560065559675 ], [ 28.945466036531169, 44.695514944100481 ], [ 28.945585427766201, 44.695388145418434 ], [ 28.9457440272738, 44.695276985419213 ], [ 28.945880033790715, 44.69523728437018 ], [ 28.946078280041409, 44.695228902344887 ], [ 28.946270311440408, 44.695255397326093 ], [ 28.946505051454132, 44.695313058545338 ], [ 28.946653379643134, 44.695307869084289 ], [ 28.946878266742239, 44.695228531257655 ], [ 28.947041439505558, 44.695170967044454 ], [ 28.947261065305167, 44.69520996506099 ], [ 28.947556296769154, 44.695333520568724 ], [ 28.947772918839295, 44.695521426025898 ], [ 28.94801058980984, 44.695559969396378 ], [ 28.948133816203487, 44.695488942773913 ], [ 28.948259656848979, 44.695416408861597 ], [ 28.948420105552405, 44.695362405059008 ], [ 28.948762981124272, 44.695398929444849 ], [ 28.949169373628099, 44.695416601565206 ], [ 28.949378817949153, 44.695293906129336 ], [ 28.949595861904189, 44.695276093024582 ], [ 28.949969555682593, 44.695429072259977 ], [ 28.95029988957905, 44.695444999948869 ], [ 28.950688341406398, 44.695413817403612 ], [ 28.951917399073061, 44.695385824464324 ], [ 28.952829700296199, 44.694906555490434 ], [ 28.953469008901177, 44.695114834464405 ], [ 28.954187261882225, 44.694603142732319 ], [ 28.954486329704778, 44.69448686590065 ], [ 28.954717108129266, 44.694397139444597 ], [ 28.955090840587427, 44.694419769644682 ], [ 28.955303227435621, 44.694197312144723 ], [ 28.955652911677731, 44.694058123399081 ], [ 28.956440212993002, 44.694296774324343 ], [ 28.956959936045482, 44.694037833009538 ], [ 28.957241770951892, 44.694033044149897 ], [ 28.957621847875792, 44.694290812607932 ], [ 28.958050230800033, 44.694230976510809 ], [ 28.958540750236459, 44.693963260883059 ], [ 28.958907146291118, 44.693642913973186 ], [ 28.959435558352009, 44.693611746281363 ], [ 28.959795114181418, 44.693590536434705 ], [ 28.960077428621624, 44.693471949052373 ], [ 28.960203020703332, 44.693346522220104 ], [ 28.960589087744946, 44.693262423507065 ], [ 28.96099328661089, 44.693065324219596 ], [ 28.961290281501949, 44.69284196325016 ], [ 28.961393762011252, 44.692702082449415 ], [ 28.961803924897723, 44.692539828831841 ], [ 28.96182167983909, 44.692384086691142 ], [ 28.962094563785843, 44.692399916178317 ], [ 28.962427974810918, 44.692419255326591 ], [ 28.96280499091197, 44.692572348419596 ], [ 28.963003309128016, 44.692807752412513 ], [ 28.963288645215844, 44.692780439597747 ], [ 28.963567887641219, 44.69263635506357 ], [ 28.963616880887674, 44.692435173028827 ], [ 28.963651495661821, 44.692293022540667 ], [ 28.963933450291808, 44.692205639028991 ], [ 28.964009189532288, 44.692082760239295 ], [ 28.964152947761356, 44.6920103853234 ], [ 28.964401004260186, 44.692117839427418 ], [ 28.964632795997034, 44.692082664694055 ], [ 28.96498692841643, 44.691889320425652 ], [ 28.965243752568611, 44.691805321336211 ], [ 28.965383405814713, 44.691561822751517 ], [ 28.965759373912729, 44.691447476728179 ], [ 28.966047284668541, 44.691299684219267 ], [ 28.96629118347154, 44.691078649239202 ], [ 28.966339293357311, 44.690905449797569 ], [ 28.966570830841182, 44.690790158483445 ], [ 28.966876327998765, 44.690807194249061 ], [ 28.967348296421825, 44.690775555954325 ], [ 28.967868787950582, 44.690639537693279 ], [ 28.968166526212084, 44.690436559734081 ], [ 28.968335966513596, 44.690194982020415 ], [ 28.968536899191527, 44.689908506142451 ], [ 28.968776599662352, 44.689747454439988 ], [ 28.969021322174658, 44.689772001612752 ], [ 28.969280405233931, 44.689870413526563 ], [ 28.969526172577513, 44.689809732182674 ], [ 28.969797130076529, 44.689617359558923 ], [ 28.970069429695421, 44.689424029464156 ], [ 28.970477428268058, 44.689242074267554 ], [ 28.970523388770399, 44.688739438020043 ], [ 28.970624483773612, 44.688499104331981 ], [ 28.97078091253616, 44.688493597606936 ], [ 28.97077481184796, 44.68840540853256 ], [ 28.971429039517528, 44.687992523990133 ], [ 28.97164720039077, 44.687978137908189 ], [ 28.972285386482437, 44.687712595707794 ], [ 28.972825159986137, 44.687287333594689 ], [ 28.973102276380271, 44.686870988756638 ], [ 28.97336212164862, 44.686480583945738 ], [ 28.973696887489975, 44.68618544371553 ], [ 28.974139315681665, 44.685961170683363 ], [ 28.974632026457094, 44.685607302234217 ], [ 28.975344487019761, 44.685095595270901 ], [ 28.975737511421887, 44.684813309277388 ], [ 28.975919496639317, 44.684537476953096 ], [ 28.976122699615544, 44.684311090107386 ], [ 28.976678061660618, 44.683931712805474 ], [ 28.977176684850978, 44.683655178422093 ], [ 28.97791062794758, 44.683248128484465 ], [ 28.978450636710498, 44.68331345059562 ], [ 28.978965561519882, 44.683137795021437 ], [ 28.979261204685926, 44.682881745144371 ], [ 28.979420178076076, 44.682744059356295 ], [ 28.979903128172253, 44.68280530528105 ], [ 28.980245866285145, 44.682964214925384 ], [ 28.98063359316906, 44.682902439695738 ], [ 28.981219100843184, 44.682809150202132 ], [ 28.981778546220891, 44.682498459609548 ], [ 28.981824009282082, 44.682372140394932 ], [ 28.981721821199635, 44.682242685645669 ], [ 28.981906170310086, 44.68209739940459 ], [ 28.982361822292301, 44.681905123325244 ], [ 28.982707586632454, 44.681759216282629 ], [ 28.982760305087744, 44.681470800186624 ], [ 28.983111105447914, 44.681082715010263 ], [ 28.98339151492965, 44.681019784906837 ], [ 28.983958730840374, 44.68078941487218 ], [ 28.984111465691569, 44.680560834918921 ], [ 28.984264949345981, 44.680331130518617 ], [ 28.98447734127403, 44.680013263144062 ], [ 28.985619018032502, 44.679086254540302 ], [ 28.987806534658773, 44.678367521857915 ], [ 28.987850781096078, 44.678383269556441 ], [ 28.988149426730931, 44.678421192464754 ], [ 28.988470856954706, 44.678501220945812 ], [ 28.988512995805149, 44.678523708792291 ], [ 28.988576469492838, 44.678527448237787 ], [ 28.988683526437562, 44.678565471985628 ], [ 28.988790862447154, 44.678580767589949 ], [ 28.988833461779258, 44.678603485785011 ], [ 28.988939622533071, 44.678618613887316 ], [ 28.989088556986111, 44.678663962611331 ], [ 28.989131392079955, 44.678663984799819 ], [ 28.98921728281492, 44.678694542771808 ], [ 28.989302350224055, 44.678705893150216 ], [ 28.9895168076233, 44.678763044309953 ], [ 28.989603093702684, 44.678797615270611 ], [ 28.990388012260265, 44.679332611842966 ], [ 28.990423968450546, 44.679347265023438 ], [ 28.990550394473953, 44.679362266299073 ], [ 28.990636056803041, 44.679358423069004 ], [ 28.990742489474229, 44.679377380734486 ], [ 28.990806244207992, 44.679369839509143 ], [ 28.990979324536248, 44.679385158073998 ], [ 28.991002707061099, 44.679397635398679 ], [ 28.991030698611453, 44.679429623953567 ], [ 28.991030800478274, 44.679464135754692 ], [ 28.991078700959484, 44.67955105131508 ], [ 28.991110507709816, 44.679667860998471 ], [ 28.99113196185893, 44.679683100085427 ], [ 28.991158699739373, 44.679804448697361 ], [ 28.991174620821745, 44.679815753651589 ], [ 28.991212288996596, 44.679934042625376 ], [ 28.991254461325372, 44.679993983109199 ], [ 28.991544415559826, 44.680260993335033 ], [ 28.991539216276109, 44.680271938022479 ], [ 28.991617326746365, 44.680323738008347 ], [ 28.991671002249976, 44.680396129305585 ], [ 28.991798249292049, 44.680509075612989 ], [ 28.99184941135195, 44.680530934920277 ], [ 28.99190575430427, 44.680530929169194 ], [ 28.992013800453954, 44.680507866500193 ], [ 28.992035511632388, 44.680515611848961 ], [ 28.992097298188941, 44.680508303476017 ], [ 28.99218444763514, 44.680485089640499 ], [ 28.99220634658527, 44.680492903055949 ], [ 28.992268002441804, 44.680485512761997 ], [ 28.992355156691815, 44.680462296821496 ], [ 28.992377062075821, 44.680470111777367 ], [ 28.992438428412726, 44.680462842405497 ], [ 28.992503661132528, 44.680439621555287 ], [ 28.992541828445962, 44.680447373236163 ], [ 28.992994970367931, 44.680382927680206 ], [ 28.993037292512504, 44.680386698451855 ], [ 28.993163007092406, 44.680356982648739 ], [ 28.993219788208396, 44.680316549383399 ], [ 28.993241015505891, 44.680267449920748 ], [ 28.99336415316326, 44.6801607145118 ], [ 28.993630996449841, 44.679875899134359 ], [ 28.993732740469181, 44.679811221917511 ], [ 28.993872711960584, 44.679703202711153 ], [ 28.994433419320124, 44.679349768058984 ], [ 28.994997160568683, 44.678999707268694 ], [ 28.994989706688582, 44.678983917160039 ], [ 28.995048726996572, 44.67831238608138 ], [ 28.994230518039892, 44.676620500270303 ], [ 28.991867347832233, 44.674740700267265 ], [ 28.987152025076856, 44.670185918407164 ], [ 28.987095326505443, 44.669723690800851 ], [ 28.986275979347759, 44.669244653845404 ], [ 28.98548318265615, 44.668440569074008 ], [ 28.985604835960281, 44.667893240755795 ], [ 28.983393438874973, 44.666823983436672 ], [ 28.983055157639978, 44.666400606105491 ], [ 28.982424992830534, 44.665618585072167 ], [ 28.980118381309914, 44.662996572980774 ], [ 28.977428971756854, 44.659562673659124 ], [ 28.972701430506465, 44.655180670606107 ], [ 28.970738209420936, 44.653032863020478 ], [ 28.969368118469728, 44.651194373313167 ], [ 28.963042147503916, 44.646880499220259 ], [ 28.961799313113733, 44.646817912138239 ], [ 28.960302697232752, 44.646072967921995 ], [ 28.958695850992072, 44.644196025787174 ], [ 28.955472914622938, 44.640251940340363 ], [ 28.952215475997424, 44.637969300196986 ], [ 28.950895720376426, 44.637670830672171 ], [ 28.950245316999208, 44.63686755714069 ], [ 28.950347356781659, 44.636232616386572 ], [ 28.950309122152053, 44.635421221518271 ], [ 28.949531982963112, 44.634397341020652 ], [ 28.948494571047359, 44.633968463915849 ], [ 28.947456497684048, 44.632363496295639 ], [ 28.946329143946688, 44.629795102622388 ], [ 28.944132364192399, 44.627788590018476 ], [ 28.942166953018468, 44.624731041437542 ], [ 28.941944775892559, 44.624387242084659 ], [ 28.942422363597224, 44.623626699237889 ], [ 28.942341609432045, 44.62272845085883 ], [ 28.941813167964501, 44.621755712330312 ], [ 28.941081044304592, 44.620612776786501 ], [ 28.940761887503054, 44.619418388497337 ], [ 28.939351189909786, 44.617198082092003 ], [ 28.936624046084649, 44.612939732014603 ], [ 28.935951701613607, 44.611917242233119 ], [ 28.934429650181322, 44.609419894494017 ], [ 28.930877351180445, 44.603971712905384 ], [ 28.930251577622165, 44.603592712056788 ], [ 28.929984069923865, 44.603791598329899 ], [ 28.929753979976013, 44.604549313107533 ], [ 28.92933924003815, 44.60448254443687 ], [ 28.929559303546654, 44.603531836534962 ], [ 28.929893247764131, 44.602797970026849 ], [ 28.927930384465732, 44.59988077770803 ], [ 28.926082729370162, 44.597776681116024 ], [ 28.925935108833514, 44.597608565313088 ], [ 28.923833115031787, 44.594384572406902 ], [ 28.922556770817604, 44.592100870818562 ], [ 28.92101378596637, 44.591051416962756 ], [ 28.920134405263234, 44.590533588942812 ], [ 28.920216711872825, 44.589566263768262 ], [ 28.919637553988593, 44.588317837689274 ], [ 28.918653729591796, 44.586925977108379 ], [ 28.917046485841833, 44.585262482858688 ], [ 28.916365297253538, 44.584248031036957 ], [ 28.91557832707716, 44.583065612964994 ] ] ] ] } }
]
}
